Task ID,Task Type,Persona / Scope,Category,Task / Business Action,Primary Actor,Supporting Persona(s),Business Outcome,Downstream Impact,Priority,Validation Status,Notes,Register slice,Scope class,Authored priority,Priority decision,Review outcome,Audit note,Flow ID,Flow name,Flow step,Module,OS layer,Capability class,Canonical role,Business criticality,Failure impact,Compliance impact,Release gate,Code evidence,Integrity evidence,Recovery evidence,Security evidence,Concurrency evidence,OS ready,Work status,Proposed priority,Risk score,Owner,Target date,Estimate days,Depends on,Blocked by,Test case ID,Last verified,Verified by,Verification result,Persona canonical,Primary actor canonical,Priority decision code,Module basis,Duplicate or related,Code pointer,Test reference,G4 user validated,G5 outcome measured,Original validation status,Code review verdict,Code review evidence,Code review reason
P-0001,P,Gully Vendor / Small Retailer,Customer-to-Cash,Create a quick bill for a walk-in customer,Counter Billing Clerk,Walk-in Customer,Instant checkout within 15 seconds; printed or digital receipt handed over; minimal queue delay,Stock decremented atomically in inventory ledger; cash drawer balance increased; sales voucher posted to GL,P0,Validated (Supported),"Supported via /pos rapid checkout. Barcode/touch selection, instant cash tender, thermal slip print.",Baseline,Operational role,P0,Unchanged,Code reviewed - confirmed,"Code review 2026-10-04 (agent-reviewed, spot-checked): Confirmed. POS checkout completes invoice with SALE stock movements and GL posting; thermal print path exists; drawer pulse not implemented.",C2C,Customer to cash,,sales,RUN,Core,Owner,High,High,Low,MVP,Cited in code,Not verified,Not verified,Not verified,Not verified,No,Built - tested,P0,9,,,,,,backend/tests/workflows/test_wf_todo_stubs.py::test_wf19_pos_checkout,2026-10-04,"pytest on Postgres 17, manual run",Pass,Kirana / Small Retailer,Billing / Counter Clerk,UNCHANGED,Authored,,,,No,No,Validated (Supported),Confirmed,backend/sales/services.py:SalesService; web/src/pages/pos/PosPage.tsx; backend/accounting/services.py:PostingService,POS checkout completes invoice with SALE stock movements and GL posting; thermal print path exists; drawer pulse not implemented.
P-0002,P,Gully Vendor / Small Retailer,Payments & Reconciliation,Record a cash sale,Counter Billing Clerk,Walk-in Customer,Immediate cash payment accepted and registered in the daily till,"Debit Cash-in-Hand ledger account, credit Sales Revenue account; updates physical till balance",P0,Validated (Supported),Supported via Payment model (payment_mode='CASH') linked directly to completed SalesInvoice.,Baseline,Operational role,P0,Unchanged,Code symbol found,Matched SalesInvoice in product code. This is not a functional test.,PAYREC,Payments and reconciliation,,payments,RUN,Core,Owner,High,High,Low,MVP,Cited in code,Not verified,Not verified,Not verified,Not verified,No,Built - unverified,P0,9,,,,,,backend/tests/workflows/test_wf_todo_stubs.py::test_wf19_pos_checkout,2026-10-04,"pytest on Postgres 17, manual run",Partial,Kirana / Small Retailer,Billing / Counter Clerk,UNCHANGED,Authored,,backend/sales/models.py:SalesInvoice,backend/tests/test_a03_preview.py; backend/tests/test_a06_whatsapp.py; backend/tests/test_a07_dunning.py,No,No,,,,
P-0003,P,Gully Vendor / Small Retailer,Payments & Reconciliation,Record a UPI/digital payment,Counter Billing Clerk,Walk-in Customer,Instant settlement via dynamic BharatPe/UPI QR code scanning,"Debit Bank/UPI Settlement clearing account, credit Sales Revenue account; records transaction UTR/ref",P0,Validated (Supported),Supported via POS screen dynamic UPI QR generator. Stores transaction UTR reference on payment record.,Baseline,Operational role,P0,Unchanged,Code reviewed - confirmed,"Code review 2026-10-04 (agent-reviewed, spot-checked): Confirmed. UPI QR generation exists and receipts store a unique UTR; posts Dr bank, Cr customer advances then AR.",PAYREC,Payments and reconciliation,,payments,RUN,Core,Owner,High,High,Low,MVP,Cited in code,Not verified,Not verified,Not verified,Not verified,No,Built - unverified,P0,9,,,,,,backend/tests/test_audit_p0_decisions.py::test_pos_mismatch_message_is_human_and_split_tender_posts_both,2026-10-04,"pytest on Postgres 17, manual run",Partial,Kirana / Small Retailer,Billing / Counter Clerk,UNCHANGED,Authored,,,,No,No,Validated (Supported),Confirmed,backend/payments/upi.py:upi_qr_fields; backend/payments/models.py:CustomerReceipt,"UPI QR generation exists and receipts store a unique UTR; posts Dr bank, Cr customer advances then AR."
P-0004,P,Gully Vendor / Small Retailer,Customer-to-Cash,Find an item's price instantly,Counter Billing Clerk,None,Zero-latency SKU and price lookup without interrupting active billing,"Queries indexed catalog cache; returns selling price, MRP, and real-time available stock",P1,Validated (Supported),Supported via client-side indexedDB catalog search with <50ms keystroke debounce.,Baseline,Operational role,P1,Unchanged,Code symbol found,Matched indexedDB in product code. This is not a functional test.,C2C,Customer to cash,,sales,RUN,Core,Owner,Medium,Medium,Low,Pilot,Cited in code,Not verified,Not verified,Not verified,Not verified,No,Built - unverified,P1,6,,,,,,,,,Not run,Kirana / Small Retailer,Billing / Counter Clerk,UNCHANGED,Authored,,,,No,No,,,,
P-0005,P,Gully Vendor / Small Retailer,Reporting & Business Intelligence,Check today's total sales,Small Retailer / Owner,Counter Billing Clerk,Real-time visibility into total daily gross revenue and bill count,"Aggregates completed SalesInvoices for current calendar day; displays gross, discounts, and net sales",P1,Validated (Supported),Supported via DailyBusinessSummary snapshot and POS shift summary modal (/api/v1/pos/shift-summary/).,Baseline,Operational role,P1,Unchanged,Code symbol found,Matched DailyBusinessSummary in product code. This is not a functional test.,RPT,Reporting and business intelligence,,reporting,CONTROL,Core,Owner,Medium,Medium,Low,Pilot,Cited in code,Not verified,Not verified,Not verified,Not verified,No,Built - unverified,P1,6,,,,,,,,,Not run,Kirana / Small Retailer,Kirana / Small Retailer,UNCHANGED,Authored,,backend/insights/models.py:DailyBusinessSummary,backend/tests/test_phase6_insights.py; backend/tests/test_pr9_p2_edges.py; backend/tests/personas/test_cross_flow_consistency.py,No,No,,,,
P-0006,P,Gully Vendor / Small Retailer,Payments & Reconciliation,Check cash/UPI collected,Small Retailer / Owner,Counter Billing Clerk,Exact breakdown of drawer cash vs digital UPI collections for end-of-day reconciliation,Aggregates Payment records by payment_mode; enables physical drawer verification against system till,P1,Partial,Supported via /pos/shift-close endpoint with expected cash vs actual physical cash variance logging. | Drift check 2026-10-05: Cash shift register compares expected and counted cash,Baseline,Operational role,P1,Unchanged,Mechanism not found,"Code review 2026-10-04 (agent-reviewed, spot-checked): Contradicted. No shift-close endpoint or per-mode drawer aggregation exists in backend.",PAYREC,Payments and reconciliation,,payments,RUN,Core,Owner,High,High,Low,Pilot,Not in code,Not verified,Not verified,Not verified,Not verified,No,Built - partial,P1,9,,,,,,,,,Not run,Kirana / Small Retailer,Kirana / Small Retailer,UNCHANGED,Authored,,,,No,No,Validated (Supported),Contradicted,"none found: searched shift close, expected_cash, cash variance, ShiftClose",No shift-close endpoint or per-mode drawer aggregation exists in backend.
P-0007,P,Gully Vendor / Small Retailer,Inventory Lifecycle,See low-stock items,Small Retailer / Owner,Distributor / Supplier,Early warning of fast-moving products reaching reorder threshold to prevent stockouts,Filters StockBalance where quantity <= reorder_level; surfaces replenishment alert cards,P1,Validated (Supported),Supported in /inventory dashboard with visual low-stock badges and filtered export.,Baseline,Operational role,P1,Unchanged,Code reviewed - confirmed,"Code review 2026-10-04 (agent-reviewed, spot-checked): Confirmed. Low-stock payload and low_stock list filter compare balances against reorder levels.",INV,Inventory lifecycle,,inventory,RUN,Core,Owner,High,High,Low,Pilot,Cited in code,Not verified,Not verified,Not verified,Not verified,No,Built - unverified,P1,9,,,,,,,,,Not run,Kirana / Small Retailer,Kirana / Small Retailer,UNCHANGED,Authored,,backend/inventory/models.py:StockBalance,backend/tests/test_a11_a12_stock_cost.py; backend/tests/test_a4_a5_reporting.py; backend/tests/test_a6_manual_serial_return.py,No,No,Validated (Supported),Confirmed,backend/inventory/views.py:low_stock_alert_payload; backend/inventory/models.py:StockBalance,Low-stock payload and low_stock list filter compare balances against reorder levels.
P-0008,P,Gully Vendor / Small Retailer,Master Data & Authorization,Add a new item while making a sale,Counter Billing Clerk,Small Retailer / Owner,Non-blocking cart workflow allowing uncataloged product entry without losing customer session,"Creates Product master row on-the-fly, initializes opening stock layer, and appends line to active cart",P2,Partial,Supported via POS 'Quick Add Product' modal (/api/v1/masters/products/quick-create/).,Baseline,Operational role,P2,Unchanged,Partial,"Code review 2026-10-04 (agent-reviewed, spot-checked): Partial. Invoice screen creates a product via dialog and appends line; no quick-create endpoint and no opening stock layer initialized.",MASTER,Master data and authorization,,masters,KERNEL,Core,Owner,Medium,Medium,Low,Later,Partial,Not verified,Not verified,Not verified,Not verified,No,Built - partial,P2,6,,,,,,,,,Not run,Kirana / Small Retailer,Billing / Counter Clerk,UNCHANGED,Authored,,,,No,No,Validated (Supported),Partial,web/src/pages/sales/NewInvoicePage.tsx:itemMutation; backend/masters/views.py:ProductViewSet,Invoice screen creates a product via dialog and appends line; no quick-create endpoint and no opening stock layer initialized.
P-0009,P,Gully Vendor / Small Retailer,Receivables & Payables,Record a customer credit sale,Counter Billing Clerk,Local Credit Customer (Khata),Goods issued on credit (Khata) to trusted neighborhood customer,"Completes invoice with payment_status='UNPAID', creates debit entry in Customer AR ledger",P1,Validated (Supported),Supported via B2C/B2B Khata credit toggle on POS checkout; enforces optional credit limit check.,Baseline,Operational role,P1,Restored to authored P1. The previous workbook had P0 after a keyword rebalance.,Code reviewed - confirmed,"Restored to authored P1. The previous workbook had P0 after a keyword rebalance. Code review 2026-10-04 (agent-reviewed, spot-checked): Confirmed. Invoice completion posts receivable and enforces customer credit limit with override; credit sale is supported.",ARAP,Receivables and payables,,ledgers,CONTROL,Core,Owner,Critical,High,Medium,Pilot,Cited in code,Not verified,Not verified,Not verified,Not verified,No,Built - unverified,P1,18,,,,,,,,,Not run,Kirana / Small Retailer,Billing / Counter Clerk,RESTORED_TO_AUTHORED,Authored,,,,No,No,Validated (Supported),Confirmed,backend/sales/services.py:credit_limit; backend/ledgers/services.py:customer_exposure_for_credit_limit; backend/accounting/services.py:PostingService,Invoice completion posts receivable and enforces customer credit limit with override; credit sale is supported.
P-0010,P,Gully Vendor / Small Retailer,Receivables & Payables,Record payment from a customer,Small Retailer / Owner,Credit Customer,Receives partial or full payment settling previous outstanding credit balance,"Creates Payment record, allocates credit across oldest open invoices (FIFO), decreases customer AR",P1,Validated (Supported),Supported via /api/v1/payments/allocation/ with auto-allocation to oldest unpaid invoices.,Baseline,Operational role,P1,Unchanged,Code reviewed - confirmed,"Code review 2026-10-04 (agent-reviewed, spot-checked): Confirmed. Receipts are allocated oldest-due-first across open invoices, reducing outstanding.",ARAP,Receivables and payables,,ledgers,CONTROL,Core,Owner,Critical,High,Medium,Pilot,Cited in code,Not verified,Not verified,Not verified,Not verified,No,Built - unverified,P1,18,,,,,,,,,Not run,Kirana / Small Retailer,Kirana / Small Retailer,UNCHANGED,Authored,,,,No,No,Validated (Supported),Confirmed,backend/payments/services.py:allocate_receipt_oldest_first; backend/payments/services.py:allocate_receipt,"Receipts are allocated oldest-due-first across open invoices, reducing outstanding."
P-0011,P,Gully Vendor / Small Retailer,Receivables & Payables,See outstanding customer dues,Small Retailer / Owner,Credit Customer,Instant summary of total unpaid market receivables and customer-wise balance list,Calculates net derived balance per customer from completed invoices minus payments and credit notes,P1,Validated (Supported),Supported via /sales/customers Khata receivables view with aging breakdown.,Baseline,Operational role,P1,Unchanged,Code reviewed - confirmed,"Code review 2026-10-04 (agent-reviewed, spot-checked): Confirmed. Outstanding is derived from invoices minus receipts and credit notes per customer, with statements.",ARAP,Receivables and payables,,ledgers,CONTROL,Core,Owner,Critical,High,Medium,Pilot,Cited in code,Not verified,Not verified,Not verified,Not verified,No,Built - unverified,P1,18,,,,,,,,,Not run,Kirana / Small Retailer,Kirana / Small Retailer,UNCHANGED,Authored,,,,No,No,Validated (Supported),Confirmed,backend/ledgers/services.py:customer_outstanding; backend/ledgers/services.py:bulk_customer_outstanding; backend/ledgers/services.py:customer_statement,"Outstanding is derived from invoices minus receipts and credit notes per customer, with statements."
P-0012,P,Gully Vendor / Small Retailer,Communication & Integrations,Send invoice/receipt,Counter Billing Clerk,Customer,Paperless receipt delivered directly to customer via WhatsApp or SMS link,Generates short URL for digital invoice preview; saves paper and thermal printer consumables,P1,Validated (Supported),Supported via WhatsApp click-to-chat API URL scheme and thermal print fallback.,Baseline,Operational role,P1,Unchanged,Code symbol found,Matched WhatsApp in product code. This is not a functional test.,INT,Communication and integrations,,integrations,KERNEL,Core,Owner,Medium,Medium,Low,Later,Cited in code,Not verified,Not verified,Not verified,Not verified,No,Built - unverified,P2,6,,,,,,,,,Not run,Kirana / Small Retailer,Billing / Counter Clerk,UNCHANGED,Authored,,,,No,No,,,,
P-0013,P,Gully Vendor / Small Retailer,Security / Exception / Recovery,Cancel or correct a wrongly created bill,Small Retailer / Owner,Counter Billing Clerk,Safe cancellation of erroneous receipt with complete audit trail,"Reverses stock movements (RETURN_INWARD), posts reversal accounting voucher, voids tax entry",P1,Validated (Supported),Supported via SalesInvoice cancel endpoint; requires cancellation reason and manager role.,Baseline,Operational role,P1,Unchanged,Code symbol found,Matched SalesInvoice in product code. This is not a functional test.,OTHER,Security / Exception / Recovery,,accounts,CONTROL,Core,Owner,High,Medium,Medium,Pilot,Cited in code,Not verified,Not verified,Not verified,Not verified,No,Built - unverified,P1,12,,,,,,,,,Not run,Kirana / Small Retailer,Kirana / Small Retailer,UNCHANGED,Inferred,,backend/sales/models.py:SalesInvoice,backend/tests/test_a03_preview.py; backend/tests/test_a06_whatsapp.py; backend/tests/test_a07_dunning.py,No,No,,,,
P-0014,P,Gully Vendor / Small Retailer,Returns / Complaints / After-Sales,Process a sales return,Counter Billing Clerk,Walk-in Customer,Customer returns defective or unwanted items; stock returned to shelf and refund/credit issued,"Creates SalesReturn document, increments saleable stock, issues credit note or cash refund",P1,Validated (Supported),Supported via /sales/returns/ with line-item return reasons and auto credit note generation.,Baseline,Operational role,P1,Unchanged,Code reviewed - confirmed,"Code review 2026-10-04 (agent-reviewed, spot-checked): Confirmed. Complete return posts SALES_RETURN stock movements, auto-creates a credit note and posts COGS reversal.",RET,"Returns, complaints, and after-sales",,sales,RUN,Core,Owner,Medium,Medium,Low,Pilot,Cited in code,Not verified,Not verified,Not verified,Not verified,No,Built - unverified,P1,6,,,,,,,,,Not run,Kirana / Small Retailer,Billing / Counter Clerk,UNCHANGED,Authored,Same task as P-0030,backend/sales/models.py:SalesReturn,backend/tests/test_cft_checklist.py; backend/tests/test_concurrency_races.py; backend/tests/test_fmea2_wave.py,No,No,Validated (Supported),Confirmed,backend/sales/models.py:SalesReturn; backend/sales/return_service.py:ReturnService,"Complete return posts SALES_RETURN stock movements, auto-creates a credit note and posts COGS reversal."
P-0015,P,Gully Vendor / Small Retailer,Reporting & Business Intelligence,Check today's profit/margin,Small Retailer / Owner,None,Immediate feedback on gross profit earned from today's completed transactions,Calculates realized gross margin: SUM(Line Selling Price - Line FIFO Cost) across completed sales,P2,Validated (Supported),Supported via Owner Executive Dashboard; masked from billing clerks via role permission.,Baseline,Operational role,P2,Unchanged,Code reviewed - confirmed,"Code review 2026-10-04 (agent-reviewed, spot-checked): Confirmed. Per-invoice revenue, COGS and gross margin by date, behind financial-report permission; not on dashboard.",RPT,Reporting and business intelligence,,reporting,CONTROL,Core,Owner,Medium,Medium,Low,Later,Cited in code,Not verified,Not verified,Not verified,Not verified,No,Built - unverified,P2,6,,,,,,,,,Not run,Kirana / Small Retailer,Kirana / Small Retailer,UNCHANGED,Authored,,,,No,No,Validated (Supported),Confirmed,backend/reporting/services.py:invoice_profit_report; backend/reporting/models.py:InvoiceProfitSnapshot; backend/reporting/views.py:InvoiceProfitReportView,"Per-invoice revenue, COGS and gross margin by date, behind financial-report permission; not on dashboard."
P-0016,P,Gully Vendor / Small Retailer,GST / Tax / Compliance,See GST collected,Small Retailer / Owner,Accountant / External CA,"Clear visibility into cumulative CGST, SGST, and Cess tax collected for statutory compliance",Aggregates output tax ledger balances for the period; provides baseline for monthly return filing,P2,Validated (Supported),Supported via Tax Summary card and GSTR-1 outward tax liability worksheet.,Baseline,Operational role,P2,Unchanged,Code reviewed - confirmed,"Code review 2026-10-04 (agent-reviewed, spot-checked): Confirmed. GSTR-1 and 3B builders aggregate outward CGST/SGST/IGST/cess for the period.",GST,GST and tax compliance,,accounting,CONTROL,Core,Owner,Critical,High,High,Later,Cited in code,Not verified,Not verified,Not verified,Not verified,No,Built - unverified,P2,27,,,,,,,,,Not run,Kirana / Small Retailer,Kirana / Small Retailer,UNCHANGED,Authored,,,,No,No,Validated (Supported),Confirmed,backend/reporting/gst_returns.py:build_gstr1; backend/reporting/gst_returns.py:build_gstr3b,GSTR-1 and 3B builders aggregate outward CGST/SGST/IGST/cess for the period.
P-0017,P,Gully Vendor / Small Retailer,Import / Export / Period Close,Close the day's business,Small Retailer / Owner,Counter Billing Clerk,"Formal closing of daily register, reconciling cash in drawer, UPI, and total bill count","Locks daily cash till shift, records overage/shortage variance, archives daily snapshot",P1,Mechanism not found,Supported via /pos/shift-close workflow; produces immutable daily cash closing statement.,Baseline,Operational role,P1,Unchanged,Mechanism not found,"Code review 2026-10-04 (agent-reviewed, spot-checked): Contradicted. No POS shift or daily close with variance and lock; only period/FY close and a day-book report.",CLOSE,"Import, export, and period close",,accounting,CONTROL,Core,Owner,Medium,Medium,Low,Pilot,Not in code,Not verified,Not verified,Not verified,Not verified,No,Gap,P1,6,,,,,,,,,Not run,Kirana / Small Retailer,Kirana / Small Retailer,UNCHANGED,Authored,,,,No,No,Validated (Supported),Contradicted,"none found: searched shift, day close, cash session, end of day in backend",No POS shift or daily close with variance and lock; only period/FY close and a day-book report.
P-0018,P,Kirana Shop Owner,Customer-to-Cash,Create a customer invoice,Kirana Shop Owner,Walk-in / Neighborhood Customer,"Compliant retail invoice issued with itemized rates, discounts, and payment terms","Stock decremented, customer ledger updated (if credit), sales revenue posted to GL",P0,Validated (Supported),Supported via /sales/invoices/create and /pos rapid checkout.,Baseline,Operational role,P0,Unchanged,Code reviewed - confirmed,"Code review 2026-10-04 (agent-reviewed, spot-checked): Confirmed. Invoice completion posts SALE stock movements, customer outstanding and GL revenue and COGS.",C2C,Customer to cash,,sales,RUN,Core,Owner,High,High,Low,MVP,Cited in code,Not verified,Not verified,Not verified,Not verified,No,Built - tested,P0,9,,,,,,backend/tests/test_sprint0_books.py::test_gst_invoice_complete_posts_balanced_journal; backend/tests/test_stock_flow.py::test_sale_complete_decreases_stock,2026-10-04,"pytest on Postgres 17, manual run",Pass,Kirana / Small Retailer,Kirana / Small Retailer,UNCHANGED,Authored,,,,No,No,Validated (Supported),Confirmed,backend/sales/services.py:SalesService; backend/accounting/services.py:PostingService,"Invoice completion posts SALE stock movements, customer outstanding and GL revenue and COGS."
P-0019,P,Kirana Shop Owner,Procure-to-Pay,Create a supplier purchase entry,Kirana Shop Owner,FMCG / Grain Distributor,Record inward purchase bill received from wholesaler or distributor,"Increments stock balance via StockMovement (INWARD_PURCHASE), credits Accounts Payable (AP)",P1,Validated (Supported),Supported via /purchases/invoices/create; atomic stock and AP creation.,Baseline,Operational role,P1,Restored to authored P1. The previous workbook had P0 after a keyword rebalance.,Code reviewed - confirmed,"Restored to authored P1. The previous workbook had P0 after a keyword rebalance. Code review 2026-10-04 (agent-reviewed, spot-checked): Confirmed. Completing a purchase invoice posts stock movements and a purchase journal crediting payables.",P2P,Procure to pay,,purchases,RUN,Core,Owner,Medium,Medium,Low,Pilot,Cited in code,Not verified,Not verified,Not verified,Not verified,No,Built - unverified,P1,6,,,,,,,,,Not run,Kirana / Small Retailer,Kirana / Small Retailer,RESTORED_TO_AUTHORED,Authored,,backend/inventory/models.py:StockMovement,backend/tests/test_a10_period_centralization.py; backend/tests/test_a11_a12_stock_cost.py; backend/tests/test_a6_manual_serial_return.py,No,No,Validated (Supported),Confirmed,backend/purchases/services.py:post_movement; backend/accounting/services.py:post_purchase; backend/inventory/models.py:StockMovement,Completing a purchase invoice posts stock movements and a purchase journal crediting payables.
P-0020,P,Kirana Shop Owner,Procure-to-Pay,Receive purchased goods,Kirana Shop Owner,Distributor Delivery Staff,Physical verification and intake of received goods against supplier invoice,"Updates physical inventory counts, records batch numbers and manufacturing/expiry dates",P1,Validated (Supported),Supported in Purchase Invoice complete flow; auto-generates inward stock ledger entries.,Baseline,Operational role,P1,Unchanged,Code reviewed - confirmed,"Code review 2026-10-04 (agent-reviewed, spot-checked): Confirmed. Goods receipt and purchase completion update stock with batch lot and dates.",P2P,Procure to pay,,purchases,RUN,Core,Owner,Medium,Medium,Low,Pilot,Cited in code,Not verified,Not verified,Not verified,Not verified,No,Built - unverified,P1,6,,,,,,,,,Not run,Kirana / Small Retailer,Kirana / Small Retailer,UNCHANGED,Authored,,,,No,No,Validated (Supported),Confirmed,backend/purchases/grn_service.py:complete; backend/purchases/services.py:post_movement,Goods receipt and purchase completion update stock with batch lot and dates.
P-0021,P,Kirana Shop Owner,Master Data & Authorization,Update purchase and selling prices,Kirana Shop Owner,None,Maintain accurate profit margins when wholesale purchase prices fluctuate,Updates Product master purchase_price and default selling_price; updates price list slabs,P1,Validated (Supported),Supported via Product Edit screen and inline quick-edit on purchase bill intake.,Baseline,Operational role,P1,Unchanged,Code reviewed - confirmed,"Code review 2026-10-04 (agent-reviewed, spot-checked): Confirmed. Product master edit updates purchase_price, selling_price and price lists via API.",MASTER,Master data and authorization,,masters,KERNEL,Core,Owner,Medium,Medium,Low,Later,Cited in code,Not verified,Not verified,Not verified,Not verified,No,Built - unverified,P2,6,,,,,,,,,Not run,Kirana / Small Retailer,Kirana / Small Retailer,UNCHANGED,Authored,,,,No,No,Validated (Supported),Confirmed,backend/masters/views.py:ProductViewSet; backend/masters/views.py:PriceListViewSet; backend/masters/models.py:Product,"Product master edit updates purchase_price, selling_price and price lists via API."
P-0022,P,Kirana Shop Owner,Inventory Lifecycle,Track stock quantity,Kirana Shop Owner,Counter Clerk,Real-time accurate stock counts to prevent over-selling and identify inventory leakage,Maintains append-only StockMovement ledger; dynamically derives StockBalance per warehouse,P0,Validated (Supported),Core system invariant: negative stock strictly blocked unless explicitly permitted by tenant policy.,Baseline,Operational role,P0,Unchanged,Code reviewed - confirmed,"Code review 2026-10-04 (agent-reviewed, spot-checked): Confirmed. Append-only StockMovement ledger with derived StockBalance per warehouse, and company negative_stock_policy blocks negatives by default.",INV,Inventory lifecycle,,inventory,RUN,Core,Owner,High,High,Low,MVP,Cited in code,Not verified,Not verified,Not verified,Not verified,No,Built - tested,P0,9,,,,,,backend/tests/test_business_rules.py::test_negative_stock_blocked_by_policy; backend/tests/test_stock_flow.py::test_movements_are_append_only,2026-10-04,"pytest on Postgres 17, manual run",Pass,Kirana / Small Retailer,Kirana / Small Retailer,UNCHANGED,Authored,,backend/inventory/models.py:StockMovement; backend/inventory/models.py:StockBalance,backend/tests/test_a10_period_centralization.py; backend/tests/test_a11_a12_stock_cost.py; backend/tests/test_a6_manual_serial_return.py,No,No,Validated (Supported),Confirmed,backend/inventory/models.py:StockMovement; backend/inventory/models.py:StockBalance; backend/accounts/models.py:negative_stock_policy,"Append-only StockMovement ledger with derived StockBalance per warehouse, and company negative_stock_policy blocks negatives by default."
P-0023,P,Kirana Shop Owner,Inventory Lifecycle,Identify low-stock items,Kirana Shop Owner,Supplier,"Proactive replenishment alerts for daily grocery staples (flour, oil, pulses)",Filters inventory where StockBalance <= Product.reorder_level; flags replenishment order draft,P1,Validated (Supported),Supported in /inventory/alerts/ with WhatsApp reorder draft generation.,Baseline,Operational role,P1,Unchanged,Code symbol found,Matched WhatsApp in product code. This is not a functional test.,INV,Inventory lifecycle,,inventory,RUN,Core,Owner,High,High,Low,Pilot,Cited in code,Not verified,Not verified,Not verified,Not verified,No,Built - unverified,P1,9,,,,,,,,,Not run,Kirana / Small Retailer,Kirana / Small Retailer,UNCHANGED,Authored,,backend/inventory/models.py:StockBalance,backend/tests/test_a11_a12_stock_cost.py; backend/tests/test_a4_a5_reporting.py; backend/tests/test_a6_manual_serial_return.py,No,No,,,,
P-0024,P,Kirana Shop Owner,Reporting & Business Intelligence,Identify fast-moving items,Kirana Shop Owner,None,Identifies top revenue and velocity SKUs to optimize store shelf space and working capital,Analyzes sales frequency and turnover ratio over selected date range,P2,Partial,Supported via /reports/inventory-velocity/ report.,Baseline,Operational role,P2,Unchanged,Partial,"Code review 2026-10-04 (agent-reviewed, spot-checked): Partial. Product sales report and fast-mover low-stock alert exist; no velocity/turnover report.",RPT,Reporting and business intelligence,,reporting,CONTROL,Core,Owner,Medium,Medium,Low,Later,Partial,Not verified,Not verified,Not verified,Not verified,No,Built - partial,P2,6,,,,,,,,,Not run,Kirana / Small Retailer,Kirana / Small Retailer,UNCHANGED,Authored,,,,No,No,Validated (Supported),Partial,backend/insights/alerts.py:LOW_STOCK_FAST_MOVER; backend/reporting/services.py:product_sales,Product sales report and fast-mover low-stock alert exist; no velocity/turnover report.
P-0025,P,Kirana Shop Owner,Reporting & Business Intelligence,Identify slow-moving/dead stock,Kirana Shop Owner,None,Detects capital tied up in unsold inventory to trigger promotional bundling or vendor return,Identifies SKUs with zero movement over 30/60/90 days; calculates tied-up capital valuation,P2,Partial,Supported in Inventory Aging & Dead Stock Report (/reports/inventory-aging/).,Baseline,Operational role,P2,Restored to authored P2. The previous workbook had P3 after a keyword rebalance.,Partial,"Restored to authored P2. The previous workbook had P3 after a keyword rebalance. Code review 2026-10-04 (agent-reviewed, spot-checked): Partial. DEAD_STOCK alert values stock unsold for 60 days; no 30/60/90 ageing report.",RPT,Reporting and business intelligence,,reporting,CONTROL,Core,Owner,Medium,Medium,Low,Later,Partial,Not verified,Not verified,Not verified,Not verified,No,Built - partial,P2,6,,,,,,,,,Not run,Kirana / Small Retailer,Kirana / Small Retailer,RESTORED_TO_AUTHORED,Authored,,,,No,No,Validated (Supported),Partial,backend/insights/alerts.py:DEAD_STOCK,DEAD_STOCK alert values stock unsold for 60 days; no 30/60/90 ageing report.
P-0026,P,Kirana Shop Owner,Receivables & Payables,Track customer credit,Kirana Shop Owner,Khata Customer,Comprehensive digital Khata tracking each neighborhood family's running credit balance,Aggregates debit and credit ledger transactions; computes net balance and aging days,P1,Validated (Supported),Supported via /sales/customers/khata/ with individual customer statement export.,Baseline,Operational role,P1,Unchanged,Code reviewed - confirmed,"Code review 2026-10-04 (agent-reviewed, spot-checked): Confirmed. Customer statement with running debit/credit balance, net outstanding and per-customer ageing buckets exist; no endpoint named khata but behaviour is present.",ARAP,Receivables and payables,,ledgers,CONTROL,Core,Owner,Critical,High,Medium,Pilot,Cited in code,Not verified,Not verified,Not verified,Not verified,No,Built - unverified,P1,18,,,,,,,,,Not run,Kirana / Small Retailer,Kirana / Small Retailer,UNCHANGED,Authored,,,,No,No,Validated (Supported),Confirmed,backend/ledgers/services.py:LedgerService; backend/ledgers/views.py:CustomerLedgerDetailView; backend/payments/dunning.py:customer_risk_snapshot,"Customer statement with running debit/credit balance, net outstanding and per-customer ageing buckets exist; no endpoint named khata but behaviour is present."
P-0027,P,Kirana Shop Owner,Receivables & Payables,Collect customer payments,Kirana Shop Owner,Customer,Record cash/UPI collections settling outstanding customer khata accounts,Applies payment against unpaid customer invoices; updates receivables ledger and cash balance,P1,Validated (Supported),Supported via Payment entry screen with automated FIFO invoice reconciliation.,Baseline,Operational role,P1,Unchanged,Code reviewed - confirmed,"Code review 2026-10-04 (agent-reviewed, spot-checked): Confirmed. Receipts post to GL and allocate_receipt_oldest_first applies payment to open invoices oldest-due first.",ARAP,Receivables and payables,,ledgers,CONTROL,Core,Owner,Critical,High,Medium,Pilot,Cited in code,Not verified,Not verified,Not verified,Not verified,No,Built - unverified,P1,18,,,,,,,,,Not run,Kirana / Small Retailer,Kirana / Small Retailer,UNCHANGED,Authored,,,,No,No,Validated (Supported),Confirmed,backend/payments/services.py:PaymentService; backend/payments/views.py:CustomerReceiptViewSet; backend/accounting/services.py:PostingService,Receipts post to GL and allocate_receipt_oldest_first applies payment to open invoices oldest-due first.
P-0028,P,Kirana Shop Owner,Receivables & Payables,Track supplier outstanding,Kirana Shop Owner,Distributor / Supplier,Monitor dues payable to FMCG distributors to plan weekly vendor payments,Computes net Accounts Payable from completed purchase bills minus payments and debit notes,P1,Validated (Supported),Supported via /purchases/suppliers/ payables aging dashboard.,Baseline,Operational role,P1,Unchanged,Code reviewed - confirmed,"Code review 2026-10-04 (agent-reviewed, spot-checked): Confirmed. Supplier outstanding nets purchase invoices against payments, credit and debit notes; payables ageing buckets exist (dashboard).",ARAP,Receivables and payables,,ledgers,CONTROL,Core,Owner,Critical,High,Medium,Pilot,Cited in code,Not verified,Not verified,Not verified,Not verified,No,Built - unverified,P1,18,,,,,,,,,Not run,Kirana / Small Retailer,Kirana / Small Retailer,UNCHANGED,Authored,Same task as P-0146,,,No,No,Validated (Supported),Confirmed,backend/ledgers/services.py:LedgerService; backend/ledgers/views.py:SupplierLedgerListView; backend/reporting/services.py:ReportService,"Supplier outstanding nets purchase invoices against payments, credit and debit notes; payables ageing buckets exist (dashboard)."
P-0029,P,Kirana Shop Owner,Receivables & Payables,Record supplier payment,Kirana Shop Owner,Supplier,"Disburse payments to vendors via cash, cheque, or NEFT/IMPS bank transfer","Debits Accounts Payable ledger, credits Bank/Cash account; matches supplier invoices",P1,Validated (Supported),Supported via /purchases/payments/create with multi-invoice payment matching.,Baseline,Operational role,P1,Unchanged,Code reviewed - confirmed,"Code review 2026-10-04 (agent-reviewed, spot-checked): Confirmed. Supplier payment supports cash/bank/cheque, posts GL against bank/cash and allocates to multiple purchase invoices.",ARAP,Receivables and payables,,ledgers,CONTROL,Core,Owner,Critical,High,Medium,Pilot,Cited in code,Not verified,Not verified,Not verified,Not verified,No,Built - unverified,P1,18,,,,,,,,,Not run,Kirana / Small Retailer,Kirana / Small Retailer,UNCHANGED,Authored,,,,No,No,Validated (Supported),Confirmed,backend/payments/services.py:PaymentService; backend/accounting/services.py:PostingService; backend/payments/models.py:SupplierPayment,"Supplier payment supports cash/bank/cheque, posts GL against bank/cash and allocates to multiple purchase invoices."
P-0030,P,Kirana Shop Owner,Returns / Complaints / After-Sales,Process sales returns,Kirana Shop Owner,Customer,Accept damaged or rejected goods returned by retail customer and issue refund/credit,Restores stock to inventory ledger (or damaged bin) and adjusts customer balance/credit note,P1,Validated (Supported),Supported via /sales/returns/ with Credit Note generation.,Baseline,Operational role,P1,Unchanged,Code reviewed - confirmed,"Code review 2026-10-04 (agent-reviewed, spot-checked): Confirmed. Returns restore sellable stock, scrap damaged items, and generate a credit note.",RET,"Returns, complaints, and after-sales",,sales,RUN,Core,Owner,Medium,Medium,Low,Pilot,Cited in code,Not verified,Not verified,Not verified,Not verified,No,Built - unverified,P1,6,,,,,,,,,Not run,Kirana / Small Retailer,Kirana / Small Retailer,UNCHANGED,Authored,Same task as P-0014,,,No,No,Validated (Supported),Confirmed,backend/sales/return_service.py:ReturnService; backend/sales/models.py:SalesReturnItem,"Returns restore sellable stock, scrap damaged items, and generate a credit note."
P-0031,P,Kirana Shop Owner,Returns / Complaints / After-Sales,Process purchase returns,Kirana Shop Owner,Distributor,"Return damaged, expired, or near-expiry goods to distributor for debit credit note",Decrements warehouse stock (RETURN_OUTWARD) and generates supplier PurchaseDebitNote,P1,Partial,Supported via /purchases/returns/ with Debit Note generation.,Baseline,Operational role,P1,Unchanged,Partial,"Code review 2026-10-04 (agent-reviewed, spot-checked): Partial. Purchase return posts outward stock movements but auto-generates a PurchaseCreditNote, not a PurchaseDebitNote.",RET,"Returns, complaints, and after-sales",,sales,RUN,Core,Owner,Medium,Medium,Low,Pilot,Partial,Not verified,Not verified,Not verified,Not verified,No,Built - partial,P1,6,,,,,,,,,Not run,Kirana / Small Retailer,Kirana / Small Retailer,UNCHANGED,Authored,,backend/purchases/models.py:PurchaseDebitNote,backend/tests/test_a11_a12_stock_cost.py; backend/tests/test_phase6_insights.py; backend/tests/test_supplier_complaints.py,No,No,Validated (Supported),Partial,backend/purchases/services.py:PurchaseService; backend/purchases/models.py:PurchaseDebitNote,"Purchase return posts outward stock movements but auto-generates a PurchaseCreditNote, not a PurchaseDebitNote."
P-0032,P,Kirana Shop Owner,Customer-to-Cash,Apply discounts correctly,Kirana Shop Owner,Counter Clerk,"Accurate application of promotional percentage, flat discounts, or bill-level concessions",Computes taxable value net of discount; applies GST on discounted base price per statutory rules,P2,Validated (Supported),Supported on sales line and invoice-level; complies with Section 15 GST valuation rules.,Baseline,Operational role,P2,Unchanged,Code reviewed - confirmed,"Code review 2026-10-04 (agent-reviewed, spot-checked): Confirmed. Line and invoice discounts are deducted from taxable value before GST is computed.",C2C,Customer to cash,,sales,RUN,Core,Owner,Medium,Medium,Low,Later,Cited in code,Not verified,Not verified,Not verified,Not verified,No,Built - unverified,P2,6,,,,,,,,,Not run,Kirana / Small Retailer,Kirana / Small Retailer,UNCHANGED,Authored,,,,No,No,Validated (Supported),Confirmed,backend/core/services/tax_engine/india.py:compute_document_totals,Line and invoice discounts are deducted from taxable value before GST is computed.
P-0033,P,Kirana Shop Owner,GST / Tax / Compliance,Manage GST rates/HSN,Kirana Shop Owner,Accountant,"Proper classification of grocery SKUs under correct 0%, 5%, 12%, 18% GST brackets and HSN codes",Stores HSN/SAC codes and GST tax rates on Product master; used for automated tax calculation,P1,Validated (Supported),Supported via Product master taxonomy with built-in HSN search helper.,Baseline,Operational role,P1,Unchanged,Code reviewed - confirmed,"Code review 2026-10-04 (agent-reviewed, spot-checked): Confirmed. Product stores HSN and gst_rate; HSN catalog supplies rates and notices used in billing.",GST,GST and tax compliance,,accounting,CONTROL,Core,Owner,Critical,High,High,Pilot,Cited in code,Not verified,Not verified,Not verified,Not verified,No,Built - unverified,P1,27,,,,,,,,,Not run,Kirana / Small Retailer,Kirana / Small Retailer,UNCHANGED,Authored,,,,No,No,Validated (Supported),Confirmed,backend/masters/models.py:TaxRate; backend/masters/hsn_catalog.py:line_gst_decision; backend/masters/serializers.py:_align_saved_gst_rate,Product stores HSN and gst_rate; HSN catalog supplies rates and notices used in billing.
P-0034,P,Kirana Shop Owner,GST / Tax / Compliance,Generate GST-compliant invoices,Kirana Shop Owner,Registered B2B Customer,"Issue legally compliant B2B tax invoices showing seller/buyer GSTIN, HSN breakdown, and tax splits",Formats document per Rule 46 of CGST Rules; populates B2B section of GSTR-1 worksheet,P0,Validated (Supported),Supported via standard invoice PDF template meeting all Indian GST Rule 46 requirements.,Baseline,Operational role,P0,Unchanged,Code reviewed - confirmed,"Code review 2026-10-04 (agent-reviewed, spot-checked): Confirmed. Tax invoice PDF shows GSTINs, HSN and tax splits; engine computes CGST/SGST/IGST per line.",GST,GST and tax compliance,,accounting,CONTROL,Core,Owner,Critical,High,High,MVP,Cited in code,Not verified,Not verified,Not verified,Not verified,No,Built - unverified,P0,27,,,,,,backend/tests/snapshots/test_gstr2b_and_pdf.py::test_gst_tax_invoice_pdf_text_snapshot,2026-10-04,"pytest on Postgres 17, manual run",Partial,Kirana / Small Retailer,Kirana / Small Retailer,UNCHANGED,Authored,,,,No,No,Validated (Supported),Confirmed,backend/sales/pdf/gst_tax_invoice.py:format_money; backend/core/services/tax_engine/india.py:compute_document_totals,"Tax invoice PDF shows GSTINs, HSN and tax splits; engine computes CGST/SGST/IGST per line."
P-0035,P,Kirana Shop Owner,Reporting & Business Intelligence,Review sales,Kirana Shop Owner,None,"Analyze daily, weekly, and monthly sales trends across categories and customer types","Generates sales register reports filtered by date, payment mode, customer, and category",P1,Validated (Supported),Supported via /reports/sales-register/ with CSV and Excel export.,Baseline,Operational role,P1,Unchanged,Code reviewed - confirmed,"Code review 2026-10-04 (agent-reviewed, spot-checked): Confirmed. Sales register with date, customer, status, warehouse filters and export route exists.",RPT,Reporting and business intelligence,,reporting,CONTROL,Core,Owner,Medium,Medium,Low,Pilot,Cited in code,Not verified,Not verified,Not verified,Not verified,No,Built - unverified,P1,6,,,,,,,,,Not run,Kirana / Small Retailer,Kirana / Small Retailer,UNCHANGED,Authored,,,,No,No,Validated (Supported),Confirmed,backend/reporting/views.py:SalesRegisterView; backend/reporting/services.py:sales_register,"Sales register with date, customer, status, warehouse filters and export route exists."
P-0036,P,Kirana Shop Owner,Reporting & Business Intelligence,Review gross margin,Kirana Shop Owner,None,Track product profitability to ensure wholesale markup covers store operating overheads,Calculates line-by-line gross profit margin (Selling Price - Purchase Cost) / Selling Price,P2,Validated (Supported),Supported via /reports/profitability/ with category and brand drill-downs.,Baseline,Operational role,P2,Restored to authored P2. The previous workbook had P3 after a keyword rebalance.,Code reviewed - confirmed,"Restored to authored P2. The previous workbook had P3 after a keyword rebalance. Code review 2026-10-04 (agent-reviewed, spot-checked): Confirmed. Gross margin rolled up by customer, product, period, cost centre; no brand drill-down.",RPT,Reporting and business intelligence,,reporting,CONTROL,Core,Owner,Medium,Medium,Low,Later,Cited in code,Not verified,Not verified,Not verified,Not verified,No,Built - unverified,P2,6,,,,,,,,,Not run,Kirana / Small Retailer,Kirana / Small Retailer,RESTORED_TO_AUTHORED,Authored,,,,No,No,Validated (Supported),Confirmed,backend/reporting/services.py:invoice_profit_rollup; backend/reporting/views.py:InvoiceProfitRollupView,"Gross margin rolled up by customer, product, period, cost centre; no brand drill-down."
P-0037,P,Kirana Shop Owner,Payments & Reconciliation,Reconcile cash and digital payments,Kirana Shop Owner,Accountant,Verify that cash in till and bank deposits match sales register totals,Cross-references bank statement / QR settlement reports with Bizboard payment ledger,P1,Partial,Supported via /accounting/bank-reconciliation/ and daily shift close register.,Baseline,Operational role,P1,Unchanged,Partial,"Code review 2026-10-04 (agent-reviewed, spot-checked): Partial. Bank statement reconciliation and cash book exist; no daily shift or till reconciliation.",PAYREC,Payments and reconciliation,,payments,RUN,Core,Owner,High,High,Low,Pilot,Partial,Not verified,Not verified,Not verified,Not verified,No,Built - partial,P1,9,,,,,,,,,Not run,Kirana / Small Retailer,Kirana / Small Retailer,UNCHANGED,Authored,,,,No,No,Validated (Supported),Partial,backend/payments/recon.py:suggest_matches; backend/reporting/services.py:cash_book,Bank statement reconciliation and cash book exist; no daily shift or till reconciliation.
P-0038,P,Medical Shop,Customer-to-Cash,Sell medicines with batch information,Pharmacist,Patient / Retail Customer,"Dispense prescription/OTC medicines with mandatory batch number, expiry date, and MRP printed on bill",Decrements specific BatchLot stock; captures batch and expiry on SalesItem for statutory traceability,P0,Validated (Supported),Supported via /pos and /sales/invoices/ with batch-selector popup and FEFO pre-selection.,Baseline,Operational role,P0,Unchanged,Code reviewed - confirmed,"Code review 2026-10-04 (agent-reviewed, spot-checked): Confirmed. SalesItem stores batch, batch_no and MRP; sale allocates FEFO batch lots.",C2C,Customer to cash,,sales,RUN,Core,Owner,High,High,Low,MVP,Cited in code,Not verified,Not verified,Not verified,Not verified,No,Built - tested,P0,9,,,,,,backend/tests/test_c02_lot_identity.py::test_fefo_persists_all_allocated_batch_nos; backend/tests/test_phase4_inventory.py::test_sale_allocates_unselected_tracked_batch_by_fefo,2026-10-04,"pytest on Postgres 17, manual run",Pass,Pharmacist (Medical Shop),Pharmacist (Medical Shop),UNCHANGED,Authored,,backend/inventory/models.py:BatchLot; backend/sales/models.py:SalesItem,backend/tests/test_a11_a12_stock_cost.py; backend/tests/test_c02_lot_identity.py; backend/tests/test_cft_cross_flow.py,No,No,Validated (Supported),Confirmed,backend/inventory/models.py:BatchLot; backend/sales/models.py:SalesItem; backend/sales/services.py:SalesService,"SalesItem stores batch, batch_no and MRP; sale allocates FEFO batch lots."
P-0039,P,Medical Shop,Inventory Lifecycle,Track batch-wise inventory,Pharmacist / Inventory Staff,Drug Inspector,Maintain complete stock balances segregated by individual manufacturer batch lots,"Maintains BatchLot records linked to Product; tracks quantity, inward date, and cost per batch",P0,Validated (Supported),Supported via BatchLot and StockBalance models with batch-level audit history.,Baseline,Operational role,P0,Unchanged,Code symbol found,Matched StockBalance in product code. This is not a functional test.,INV,Inventory lifecycle,,inventory,RUN,Core,Owner,High,High,Low,MVP,Cited in code,Not verified,Not verified,Not verified,Not verified,No,Built - unverified,P0,9,,,,,,backend/tests/personas/test_pj_batch_expiry.py::test_pj_batch_expiry_fefo_and_guard_journey,2026-10-04,"pytest on Postgres 17, manual run",Partial,Pharmacist (Medical Shop),Pharmacist (Medical Shop),UNCHANGED,Authored,,backend/inventory/models.py:BatchLot; backend/inventory/models.py:StockBalance,backend/tests/test_a11_a12_stock_cost.py; backend/tests/test_c02_lot_identity.py; backend/tests/test_cft_cross_flow.py,No,No,,,,
P-0040,P,Medical Shop,Inventory Lifecycle,Track expiry dates,Pharmacist,Supplier,Active monitoring of shelf-life across all pharmaceutical batches,"Categorizes stock into Expiry Bands (>180 days, 90-180 days, <90 days, Expired)",P0,Validated (Supported),Supported via /inventory/expiry-alerts/ with color-coded expiry countdowns.,Baseline,Operational role,P0,Unchanged,Code reviewed - confirmed,"Code review 2026-10-04 (agent-reviewed, spot-checked): Confirmed. Expiry board lists batches with days_to_expiry and expired flag; daily task records 7/30/60/90 bands, not the 180-day bands claimed.",INV,Inventory lifecycle,,inventory,RUN,Core,Owner,High,High,Low,MVP,Cited in code,Not verified,Not verified,Not verified,Not verified,No,Built - unverified,P0,9,,,,,,backend/tests/test_item_godown_expiry.py::test_expiry_alert_writeoff_posts_adjustment,2026-10-04,"pytest on Postgres 17, manual run",Partial,Pharmacist (Medical Shop),Pharmacist (Medical Shop),UNCHANGED,Authored,,,,No,No,Validated (Supported),Confirmed,backend/inventory/item_stock.py:expiry_horizon_rows; backend/inventory/views.py:ExpiryAlertsView,"Expiry board lists batches with days_to_expiry and expired flag; daily task records 7/30/60/90 bands, not the 180-day bands claimed."
P-0041,P,Medical Shop,Inventory Lifecycle,Flag/prevent expired-stock sales,Pharmacist,Drug Inspector / Regulatory Authority,Strict system block preventing billing of medicines past their statutory expiration date,Validates item expiry against transaction date; hard-blocks invoice completion if expired,P0,Validated (Supported),Core system invariant: billing expired BatchLot raises ValidationError and disables checkout.,Baseline,Operational role,P0,Unchanged,Code symbol found,Matched ValidationError in product code. This is not a functional test.,INV,Inventory lifecycle,,inventory,RUN,Core,Owner,High,High,Low,MVP,Cited in code,Not verified,Not verified,Not verified,Not verified,No,Built - tested,P0,9,,,,,,backend/tests/matrices/test_company_settings_matrix.py::test_expiry_guard_band_matrix; backend/tests/test_phase4_inventory.py::test_expired_batch_is_blocked_on_sale,2026-10-04,"pytest on Postgres 17, manual run",Pass,Pharmacist (Medical Shop),Pharmacist (Medical Shop),UNCHANGED,Authored,,backend/inventory/models.py:BatchLot,backend/tests/test_a11_a12_stock_cost.py; backend/tests/test_c02_lot_identity.py; backend/tests/test_cft_cross_flow.py,No,No,,,,
P-0042,P,Medical Shop,Inventory Lifecycle,Identify near-expiry inventory,Pharmacist,Pharma Distributor,Identify medicines nearing expiry (30/60/90 days) to initiate vendor return for credit,Generates near-expiry stock report with vendor details for return debit note processing,P1,Partial,Supported via /inventory/expiry-alerts/ with 'Prepare Return to Vendor' batch action.,Baseline,Operational role,P1,Unchanged,Partial,"Code review 2026-10-04 (agent-reviewed, spot-checked): Partial. Near-expiry report and write-off action exist; no prepare-return-to-vendor batch action or debit note flow.",INV,Inventory lifecycle,,inventory,RUN,Core,Owner,High,High,Low,Pilot,Partial,Not verified,Not verified,Not verified,Not verified,No,Built - partial,P1,9,,,,,,,,,Not run,Pharmacist (Medical Shop),Pharmacist (Medical Shop),UNCHANGED,Authored,,,,No,No,Validated (Supported),Partial,backend/inventory/item_stock.py:expiry_horizon_rows; backend/inventory/views.py:ExpiryAlertsView,Near-expiry report and write-off action exist; no prepare-return-to-vendor batch action or debit note flow.
P-0043,P,Medical Shop,Procure-to-Pay,Record purchases by batch,Pharmacist / Store Manager,Pharma Wholesaler,"Inward medicine purchases capturing manufacturer batch number, manufacturing date, expiry date, and MRP",Creates or updates BatchLot records; increments batch quantity and updates latest purchase rate,P0,Validated (Supported),Supported via /purchases/invoices/create with batch lot table inputs per line item.,Baseline,Operational role,P0,Unchanged,Code reviewed - confirmed,"Code review 2026-10-04 (agent-reviewed, spot-checked): Confirmed. Purchase lines create or update BatchLot with batch number, mfg and expiry dates and move stock into it.",P2P,Procure to pay,,purchases,RUN,Core,Owner,High,High,Low,MVP,Cited in code,Not verified,Not verified,Not verified,Not verified,No,Built - tested,P0,9,,,,,,backend/tests/test_c02_lot_identity.py::test_purchase_complete_rejects_expiry_mismatch; backend/tests/test_pr5_returns_serials_fefo.py::test_r039_purchase_return_retires_earliest_expiry_first,2026-10-04,"pytest on Postgres 17, manual run",Pass,Pharmacist (Medical Shop),Pharmacist (Medical Shop),UNCHANGED,Authored,,backend/inventory/models.py:BatchLot,backend/tests/test_a11_a12_stock_cost.py; backend/tests/test_c02_lot_identity.py; backend/tests/test_cft_cross_flow.py,No,No,Validated (Supported),Confirmed,backend/inventory/models.py:BatchLot; backend/inventory/item_stock.py:get_or_create_batch,"Purchase lines create or update BatchLot with batch number, mfg and expiry dates and move stock into it."
P-0044,P,Medical Shop,Inventory Lifecycle,Track medicine stock,Pharmacist,None,"Maintain real-time available stock of strips, syrups, vials, and schedule drugs",Maintains perpetual inventory ledger; prevents stockouts of life-saving medicines,P1,Validated (Supported),Supported via /inventory/products/ with multi-unit packaging support (Strip / Tablet).,Baseline,Operational role,P1,Unchanged,Code reviewed - confirmed,"Code review 2026-10-04 (agent-reviewed, spot-checked): Confirmed. Stock ledger tracks per-product balances with multi-unit conversion to base quantity, covering strip and tablet style packaging.",INV,Inventory lifecycle,,inventory,RUN,Core,Owner,High,High,Low,Pilot,Cited in code,Not verified,Not verified,Not verified,Not verified,No,Built - unverified,P1,9,,,,,,,,,Not run,Pharmacist (Medical Shop),Pharmacist (Medical Shop),UNCHANGED,Authored,,,,No,No,Validated (Supported),Confirmed,backend/inventory/models.py:StockBalance; backend/inventory/item_stock.py:base_quantity,"Stock ledger tracks per-product balances with multi-unit conversion to base quantity, covering strip and tablet style packaging."
P-0045,P,Medical Shop,Returns / Complaints / After-Sales,Handle medicine returns,Pharmacist,Patient / Retail Customer,"Accept patient returns of un-opened strips, verify batch identity, and issue credit/refund",Validates that returned batch was originally sold on referenced invoice; restores batch stock,P1,Validated (Supported),Supported via SalesReturn with mandatory batch lot selection and condition grading.,Baseline,Operational role,P1,Unchanged,Code symbol found,Matched SalesReturn in product code. This is not a functional test.,RET,"Returns, complaints, and after-sales",,sales,RUN,Core,Owner,Medium,Medium,Low,Pilot,Cited in code,Not verified,Not verified,Not verified,Not verified,No,Built - unverified,P1,6,,,,,,,,,Not run,Pharmacist (Medical Shop),Pharmacist (Medical Shop),UNCHANGED,Authored,,backend/sales/models.py:SalesReturn,backend/tests/test_cft_checklist.py; backend/tests/test_concurrency_races.py; backend/tests/test_fmea2_wave.py,No,No,,,,
P-0046,P,Medical Shop,Customer-to-Cash,Search medicines while billing,Pharmacist,Customer,"Rapid search by brand name, generic composition / salt name, or barcode during billing","Queries product catalog and active batch lots; displays composition, manufacturer, and stock",P0,Partial,"Supported via multi-field indexed search (brand, salt, manufacturer, barcode) on POS. | Decision 2026-10-04 (delegated, quality-first): Build in Pilot (2 days). Native salt/composition and manufacturer fields, searchable at billing. | Truth 2026-10-05 (WI-036): Partial. No test searches by salt, composition or manufacturer; no query-budget test within the checkout latency budget. Fields, trigram index and search filter exist but nothing exercises them.",Baseline,Operational role,P0,Unchanged,Partial,"Code review 2026-10-04 (agent-reviewed, spot-checked): Partial. Product search matches name, SKU, barcode, HSN and custom fields; no native salt/composition or manufacturer field.",C2C,Customer to cash,,sales,RUN,Core,Owner,High,High,Low,Pilot,Partial,Not verified,Not verified,Not verified,Not verified,No,Built - partial,P0,9,,,2,,,backend/tests/test_search_reports_audit.py::test_universal_search_by_name_sku_barcode_and_number,2026-10-04,"pytest on Postgres 17, manual run",Partial,Pharmacist (Medical Shop),Pharmacist (Medical Shop),UNCHANGED,Authored,,backend/masters/models.py:Product; backend/masters/migrations/0028_product_medicine_trgm.py; backend/masters/views.py,,No,No,Validated (Supported),Partial,backend/masters/views.py:ProductViewSet,"Product search matches name, SKU, barcode, HSN and custom fields; no native salt/composition or manufacturer field."
P-0047,P,Medical Shop,Master Data & Authorization,Maintain MRP and selling price,Pharmacist,Drug Price Regulator (NPPA),Enforce statutory Maximum Retail Price (MRP) compliance and apply pharmacy discounts,Ensures selling price never exceeds statutory MRP; displays discount percentage clearly,P1,Mechanism not found,System validation rule: SP <= MRP strictly enforced on all pharmaceutical SKUs.,Baseline,Operational role,P1,Unchanged,Mechanism not found,"Code review 2026-10-04 (agent-reviewed, spot-checked): Contradicted. mrp is a stored field only; no rule enforcing selling price not above MRP.",MASTER,Master data and authorization,,masters,KERNEL,Core,Owner,Medium,Medium,Low,Later,Not in code,Not verified,Not verified,Not verified,Not verified,No,Gap,P2,6,,,,,,,,,Not run,Pharmacist (Medical Shop),Pharmacist (Medical Shop),UNCHANGED,Authored,,,,No,No,Validated (Supported),Contradicted,"none found: searched mrp validation in backend/masters/serializers.py, models.py, sales/services.py",mrp is a stored field only; no rule enforcing selling price not above MRP.
P-0048,P,Medical Shop,Procure-to-Pay,Track supplier-wise purchases,Pharmacist / Owner,Pharma Distributor,"Track purchase volumes, credit terms, and payment history per pharmaceutical distributor",Maintains supplier purchase register; enables reconciliation of distributor statements,P1,Validated (Supported),Supported via /purchases/suppliers/ with comprehensive statement ledger.,Baseline,Operational role,P1,Unchanged,Code reviewed - confirmed,"Code review 2026-10-04 (agent-reviewed, spot-checked): Confirmed. Supplier statement ledger shows purchases, payments and balance.",P2P,Procure to pay,,purchases,RUN,Core,Owner,Medium,Medium,Low,Pilot,Cited in code,Not verified,Not verified,Not verified,Not verified,No,Built - unverified,P1,6,,,,,,,,,Not run,Pharmacist (Medical Shop),Pharmacist (Medical Shop),UNCHANGED,Authored,Same task as P-0060,,,No,No,Validated (Supported),Confirmed,backend/ledgers/services.py:supplier_statement; backend/ledgers/views.py:,"Supplier statement ledger shows purchases, payments and balance."
P-0049,P,Medical Shop,GST / Tax / Compliance,Generate GST-compliant medicine invoices,Pharmacist,Patient / B2B Hospital Client,"Generate invoices with Drug Licence numbers (Form 20B/21B), HSN, batch, expiry, and GST split",Renders statutory pharmacy invoice template compliant with Drugs and Cosmetics Act and GST rules,P0,Validated (Supported),Supported via specialized Pharmacy Invoice PDF template showing DL numbers and batch grid.,Baseline,Operational role,P0,Unchanged,Code reviewed - confirmed,"Code review 2026-10-04 (agent-reviewed, spot-checked): Confirmed. Sales invoice PDF prints Drug Licence 20B/21B numbers plus batch and expiry per line.",GST,GST and tax compliance,,accounting,CONTROL,Core,Owner,Critical,High,High,MVP,Cited in code,Not verified,Not verified,Not verified,Not verified,No,Built - unverified,P0,27,,,,,,backend/tests/workflows/test_wf60_arch05_statutory_forms.py::test_wf60_arch05_drug_licence_soft_block_then_pdf,2026-10-04,"pytest on Postgres 17, manual run",Partial,Pharmacist (Medical Shop),Pharmacist (Medical Shop),UNCHANGED,Authored,,,,No,No,Validated (Supported),Confirmed,backend/sales/pdf/gst_tax_invoice.py:licence_labels; backend/accounts/models.py:CompanyStatutoryLicence,Sales invoice PDF prints Drug Licence 20B/21B numbers plus batch and expiry per line.
P-0050,P,Medical Shop,Inventory Lifecycle,Identify expiry-risk stock,Pharmacist / Owner,Distributor,Quantify total financial capital tied up in stock expiring within the next 90 days,Calculates value at risk: SUM(Quantity * Cost Price) for all batches expiring within threshold,P1,Mechanism not found,Supported via Capital at Risk dashboard widget in Insights module.,Baseline,Operational role,P1,Unchanged,Mechanism not found,"Code review 2026-10-04 (agent-reviewed, spot-checked): Contradicted. Expiry alerts carry no cost value; attention rows set money_impact_paise to 0 and no SUM(quantity*cost) widget exists.",INV,Inventory lifecycle,,inventory,RUN,Core,Owner,High,High,Low,Pilot,Not in code,Not verified,Not verified,Not verified,Not verified,No,Gap,P1,9,,,,,,,,,Not run,Pharmacist (Medical Shop),Pharmacist (Medical Shop),UNCHANGED,Authored,,,,No,No,Validated (Supported),Contradicted,"none found: searched capital at risk, value at risk, expiry value in backend and web",Expiry alerts carry no cost value; attention rows set money_impact_paise to 0 and no SUM(quantity*cost) widget exists.
P-0051,P,Medical Shop,Reporting & Business Intelligence,View profitability by item/category,Medical Shop Owner,None,"Analyze gross margins across ethical drugs, generic medicines, OTC products, and surgicals",Aggregates sales revenue and cost of goods sold grouped by drug category and manufacturer,P2,Partial,Supported via Category Profitability report (/reports/category-margins/).,Baseline,Operational role,P2,Unchanged,Partial,"Code review 2026-10-04 (agent-reviewed, spot-checked): Partial. Margin rollup by product, customer, period, cost centre only; no category or manufacturer grouping.",RPT,Reporting and business intelligence,,reporting,CONTROL,Core,Owner,Medium,Medium,Low,Later,Partial,Not verified,Not verified,Not verified,Not verified,No,Built - partial,P2,6,,,,,,,,,Not run,Pharmacist (Medical Shop),Pharmacist (Medical Shop),UNCHANGED,Authored,,,,No,No,Validated (Supported),Partial,backend/reporting/services.py:invoice_profit_rollup,"Margin rollup by product, customer, period, cost centre only; no category or manufacturer grouping."
P-0052,P,Distributor,Customer-to-Cash,Create bulk sales invoices,Wholesale Billing Clerk,Retail Merchant / Dealer,"Create high-volume B2B tax invoices with tiered wholesale price lists, discounts, and credit terms","Decrements warehouse stock, debits customer AR ledger, generates GST B2B tax invoice",P0,Partial,"Supported via /sales/invoices/ with wholesale price list auto-application and bulk CSV entry. | Decision 2026-10-04 (delegated, quality-first): Build in Pilot (4 days). Bulk invoice CSV import with validation and per-row errors. | Truth 2026-10-05 (WI-037): Partial. CSV columns for invoice date and due date, barcode lookup and warehouse are not handled (SKU only, no warehouse or dates). The 2,000-row cap is not tested. Idempotent re-upload is not asserted after a committed run. Dry run, per-invoice atomic commit, row-level rejects and hash idempotency exist; several scope columns are missing.",Baseline,Operational role,P0,Unchanged,Partial,"Code review 2026-10-04 (agent-reviewed, spot-checked): Partial. Invoices apply price lists and post stock, AR and GST; bulk CSV entry for invoices not found.",C2C,Customer to cash,,sales,RUN,Core,Owner,High,High,Low,Pilot,Partial,Not verified,Not verified,Not verified,Not verified,No,Built - partial,P0,9,,,4,,,backend/tests/test_c04_price_slabs.py::test_invoice_line_snapshots_list_name; backend/tests/test_sprint3_multicompany_pricing.py::test_bb_000657_server_resolves_price_list; backend/tests/test_planwave_finish.py::test_bulk_commit_rejects_only_the_bad_invoice; backend/tests/test_planwave_remaining.py::test_bulk_import_and_tally_map,2026-10-05,pytest full suite on SQLite (agent run 2026-10-05); human review pending,Partial,Distributor,Distributor,UNCHANGED,Authored,,backend/planwave/services.py:parse_bulk_invoices; backend/planwave/finish.py:commit_bulk_invoices; backend/planwave/views.py:BulkCommitView,,No,No,Validated (Supported),Partial,backend/sales/services.py:SalesService; backend/masters/models.py:PriceListItem,"Invoices apply price lists and post stock, AR and GST; bulk CSV entry for invoices not found."
P-0053,P,Distributor,Customer-to-Cash,Process retailer orders,Commercial Order Desk,Retailer / Field Sales Agent,Capture and validate bulk purchase orders submitted by retailers or field salesmen,Creates SalesOrder in system; validates stock availability and credit status before confirmation,P1,Partial,Supported via /sales/orders/ with order-to-invoice conversion workflow.,Baseline,Operational role,P1,Unchanged,Partial,"Code review 2026-10-04 (agent-reviewed, spot-checked): Partial. Orders are created with credit-limit gating and stock reservation on confirm; field-salesman capture and explicit stock validation not confirmed.",C2C,Customer to cash,,sales,RUN,Core,Owner,Medium,Medium,Low,Pilot,Partial,Not verified,Not verified,Not verified,Not verified,No,Built - partial,P1,6,,,,,,,,,Not run,Distributor,Other,UNCHANGED,Authored,,backend/sales/models.py:SalesOrder,backend/tests/test_a13_a14_reporting_sales.py; backend/tests/test_a15_cr090_plus.py; backend/tests/test_b05_attention.py,No,No,Validated (Supported),Partial,backend/sales/models.py:SalesOrder; backend/sales/order_gates.py:apply_order_gates,Orders are created with credit-limit gating and stock reservation on confirm; field-salesman capture and explicit stock validation not confirmed.
P-0054,P,Distributor,Inventory Lifecycle,Allocate inventory against orders,Warehouse Dispatcher,Sales Desk,Reserve inventory against confirmed retailer orders to prevent double-allocation,Updates reserved_quantity on StockBalance; recalculates available_to_promise (ATP) stock,P1,Validated (Supported),Supported in SalesOrder confirmation: reserves stock prior to dispatch note generation.,Baseline,Operational role,P1,Unchanged,Code symbol found,Matched SalesOrder in product code. This is not a functional test.,INV,Inventory lifecycle,,inventory,RUN,Core,Owner,High,High,Low,Pilot,Cited in code,Not verified,Not verified,Not verified,Not verified,No,Built - unverified,P1,9,,,,,,,,,Not run,Distributor,Inventory / Warehouse,UNCHANGED,Authored,,backend/inventory/models.py:StockBalance; backend/sales/models.py:SalesOrder,backend/tests/test_a11_a12_stock_cost.py; backend/tests/test_a4_a5_reporting.py; backend/tests/test_a6_manual_serial_return.py,No,No,,,,
P-0055,P,Distributor,Customer-to-Cash,Generate delivery documents,Logistics Dispatcher,Delivery Driver / Transport Agency,Generate Delivery Challans and packing slips to accompany goods during transport,Generates delivery document referencing SalesOrder/Invoice; records vehicle and driver details,P1,Validated (Supported),Supported via DeliveryChallan generator (/sales/delivery-challans/).,Baseline,Operational role,P1,Unchanged,Code symbol found,Matched DeliveryChallan in product code. This is not a functional test.,C2C,Customer to cash,,sales,RUN,Core,Owner,Medium,Medium,Low,Pilot,Cited in code,Not verified,Not verified,Not verified,Not verified,No,Built - unverified,P1,6,,,,,,,,,Not run,Distributor,Logistics & Delivery,UNCHANGED,Authored,,backend/sales/models.py:SalesOrder; backend/sales/models.py:DeliveryChallan,backend/tests/test_a13_a14_reporting_sales.py; backend/tests/test_a15_cr090_plus.py; backend/tests/test_b05_attention.py,No,No,,,,
P-0056,P,Distributor,Customer-to-Cash,Track pending customer orders,Sales Manager,Retailer,Monitor backlog of unfulfilled or partially fulfilled sales orders,"Surfaces open orders grouped by dispatch status, aging days, and order value",P1,Partial,Supported via /sales/orders/?status=PENDING filter and dashboard backlog widget.,Baseline,Operational role,P1,Unchanged,Partial,"Code review 2026-10-04 (agent-reviewed, spot-checked): Partial. Orders list by status exists; no dispatch-status grouping or aging backlog widget.",C2C,Customer to cash,,sales,RUN,Core,Owner,Medium,Medium,Low,Pilot,Partial,Not verified,Not verified,Not verified,Not verified,No,Built - partial,P1,6,,,,,,,,,Not run,Distributor,Sales & Growth,UNCHANGED,Authored,,,,No,No,Validated (Supported),Partial,backend/sales/models.py:SalesOrder; web/src/App.tsx:Route,Orders list by status exists; no dispatch-status grouping or aging backlog widget.
P-0057,P,Distributor,Receivables & Payables,Track customer outstanding,Credit Controller / Owner,Retailer,"Monitor wholesale receivables with aging analysis (0-30, 31-60, 61-90, 90+ days)",Computes real-time AR aging per dealer; flags overdue accounts for payment collection,P0,Validated (Supported),Supported via /sales/reports/receivables-aging/ with drill-down to unpaid invoices.,Baseline,Operational role,P0,Unchanged,Code reviewed - confirmed,"Code review 2026-10-04 (agent-reviewed, spot-checked): Confirmed. Receivables ageing buckets (current,1-30,31-60,61-90,90+) exist company-wide and per customer with open-invoice drill-down.",ARAP,Receivables and payables,,ledgers,CONTROL,Core,Owner,Critical,High,Medium,MVP,Cited in code,Not verified,Not verified,Not verified,Not verified,No,Built - unverified,P0,18,,,,,,backend/tests/test_a4_a5_reporting.py::test_cr060_dashboard_receivables_equals_aging_sum; backend/tests/test_a7_a8_a9_highs.py::test_cr061_aging_ignores_supplier_payment_on_sales_invoice,2026-10-04,"pytest on Postgres 17, manual run",Partial,Distributor,Business Owner,UNCHANGED,Authored,Same task as P-0137,,,No,No,Validated (Supported),Confirmed,backend/reporting/services.py:ReportService; backend/payments/dunning.py:customer_risk_snapshot; backend/payments/views.py:CollectionRiskView,"Receivables ageing buckets (current,1-30,31-60,61-90,90+) exist company-wide and per customer with open-invoice drill-down."
P-0058,P,Distributor,Receivables & Payables,Manage credit limits,Credit Controller / Owner,Retailer,Enforce maximum allowed credit exposure and payment grace periods per retailer,Validates total unpaid balance + new order value against customer.credit_limit; blocks if breached,P0,Validated (Supported),Hard validation check in SalesService.create; blocks invoice completion without Owner override.,Baseline,Operational role,P0,Unchanged,Code symbol found,Matched SalesService in product code. This is not a functional test.,ARAP,Receivables and payables,,ledgers,CONTROL,Core,Owner,Critical,High,Medium,MVP,Cited in code,Not verified,Not verified,Not verified,Not verified,No,Built - tested,P0,18,,,,,,backend/tests/test_next_batch_so_challan.py::test_credit_override_is_owner_only_and_copies_onto_that_invoice; backend/tests/test_phase1_notes_ledger.py::test_credit_limit_blocks_complete,2026-10-04,"pytest on Postgres 17, manual run",Pass,Distributor,Business Owner,UNCHANGED,Authored,,backend/sales/services.py:SalesService,backend/tests/test_a10_period_centralization.py; backend/tests/test_a13_a14_reporting_sales.py; backend/tests/test_chaos_resilience.py,No,No,,,,
P-0059,P,Distributor,Receivables & Payables,Record customer collections,Accounts Cashier,Retailer,"Record high-value NEFT, RTGS, cheque, or cash collections from retailers",Creates Payment record; matches and closes specific open invoices; updates bank ledger,P1,Partial,Supported via /payments/create with multi-bill allocation and TDS deduction support.,Baseline,Operational role,P1,Unchanged,Partial,"Code review 2026-10-04 (agent-reviewed, spot-checked): Partial. Receipts allocate across bills and post to bank ledger, but TDS deduction exists only on supplier payments, and no NEFT/RTGS modes.",ARAP,Receivables and payables,,ledgers,CONTROL,Core,Owner,Critical,High,Medium,Pilot,Partial,Not verified,Not verified,Not verified,Not verified,No,Built - partial,P1,18,,,,,,,,,Not run,Distributor,Accountant / Finance,UNCHANGED,Authored,,,,No,No,Validated (Supported),Partial,backend/payments/services.py:PaymentService; backend/payments/models.py:CustomerReceipt,"Receipts allocate across bills and post to bank ledger, but TDS deduction exists only on supplier payments, and no NEFT/RTGS modes."
P-0060,P,Distributor,Procure-to-Pay,Track supplier purchases,Procurement Manager,Manufacturing Principal,Track large-scale procurement purchase orders and supplier dispatch consignments,"Tracks PO fulfillment percentage, received shipments, and outstanding supplier liabilities",P1,Partial,Supported via /purchases/orders/ and supplier ledger dashboard.,Baseline,Operational role,P1,Unchanged,Partial,"Code review 2026-10-04 (agent-reviewed, spot-checked): Partial. POs exist and convert to bills; no fulfilment percentage or received-versus-ordered tracking.",P2P,Procure to pay,,purchases,RUN,Core,Owner,Medium,Medium,Low,Pilot,Partial,Not verified,Not verified,Not verified,Not verified,No,Built - partial,P1,6,,,,,,,,,Not run,Distributor,Purchase Manager,UNCHANGED,Authored,Same task as P-0048,,,No,No,Validated (Supported),Partial,backend/purchases/models.py:PurchaseOrder; backend/purchases/grn_service.py:convert_to_bill,POs exist and convert to bills; no fulfilment percentage or received-versus-ordered tracking.
P-0061,P,Distributor,Inventory Lifecycle,Manage large inventory volumes,Warehouse Custodian,None,Efficient tracking and auditing of thousands of SKUs across pallet racks and storage bins,"Provides bulk inventory search, location tagging, and barcode-based inventory reconciliation",P1,Partial,Supported via optimized paginated inventory ledger with sub-second SKU queries.,Baseline,Operational role,P1,Unchanged,Partial,"Code review 2026-10-04 (agent-reviewed, spot-checked): Partial. Paginated stock lists, product search by barcode and stock counts exist; no rack or bin location tagging beyond warehouses.",INV,Inventory lifecycle,,inventory,RUN,Core,Owner,High,High,Low,Pilot,Partial,Not verified,Not verified,Not verified,Not verified,No,Built - partial,P1,9,,,,,,,,,Not run,Distributor,Inventory / Warehouse,UNCHANGED,Authored,,,,No,No,Validated (Supported),Partial,backend/inventory/views.py:low_stock; backend/inventory/models.py:StockCountSession,"Paginated stock lists, product search by barcode and stock counts exist; no rack or bin location tagging beyond warehouses."
P-0062,P,Distributor,Multi-Godown / Multi-Store,Transfer stock between warehouses,Logistics Coordinator,Warehouse Staff,Move goods between central hub and regional spoke godowns with transit tracking,"Decrements source godown, stages stock in-transit, increments destination godown upon receipt",P1,Validated (Supported),Supported via StockTransfer workflow (status: DRAFT -> IN_TRANSIT -> RECEIVED).,Baseline,Operational role,P1,Unchanged,Code symbol found,Matched StockTransfer in product code. This is not a functional test.,WH,Multi-godown and multi-store,,inventory,RUN,Core,Owner,Medium,Medium,Low,Pilot,Cited in code,Not verified,Not verified,Not verified,Not verified,No,Built - unverified,P1,6,,,,,,,,,Not run,Distributor,Logistics & Delivery,UNCHANGED,Authored,,backend/inventory/models.py:StockTransfer,backend/tests/test_a10_period_centralization.py; backend/tests/test_a11_a12_stock_cost.py; backend/tests/test_phase4_inventory.py,No,No,,,,
P-0063,P,Distributor,Inventory Lifecycle,Track batch/serial inventory,Warehouse Custodian,Customer,Maintain complete lifecycle and warranty traceability of serialized and batched SKUs,"Tracks serial numbers (status: AVAILABLE, SOLD, RETURNED) and batch lots with expiry dates",P1,Validated (Supported),Supported via SerialNumber and BatchLot models across sales and purchase flows.,Baseline,Operational role,P1,Unchanged,Code symbol found,Matched SerialNumber in product code. This is not a functional test.,INV,Inventory lifecycle,,inventory,RUN,Core,Owner,High,High,Low,Pilot,Cited in code,Not verified,Not verified,Not verified,Not verified,No,Built - unverified,P1,9,,,,,,,,,Not run,Distributor,Inventory / Warehouse,UNCHANGED,Authored,,backend/inventory/models.py:SerialNumber; backend/inventory/models.py:BatchLot,backend/tests/test_a6_manual_serial_return.py; backend/tests/test_b4_b5_notes_serial.py; backend/tests/test_c02_lot_identity.py,No,No,,,,
P-0064,P,Distributor,Inventory Lifecycle,Track expiry-risk stock,Warehouse Manager,Principal Supplier,Detect perishable or near-expiry wholesale stock to negotiate vendor return or clearance,Surfaces aggregate stock value expiring within 30/60/90 days; generates supplier claim list,P1,Partial,Supported via Expiry Risk Dashboard in Inventory reporting.,Baseline,Operational role,P1,Unchanged,Partial,"Code review 2026-10-04 (agent-reviewed, spot-checked): Partial. Expiry horizon list by days exists; no aggregate stock value expiring and no supplier claim list.",INV,Inventory lifecycle,,inventory,RUN,Core,Owner,High,High,Low,Pilot,Partial,Not verified,Not verified,Not verified,Not verified,No,Built - partial,P1,9,,,,,,,,,Not run,Distributor,Inventory / Warehouse,UNCHANGED,Authored,,,,No,No,Validated (Supported),Partial,backend/inventory/views.py:ExpiryAlertsView; backend/insights/attention.py:_expiry_rows,Expiry horizon list by days exists; no aggregate stock value expiring and no supplier claim list.
P-0065,P,Distributor,Reporting & Business Intelligence,Analyze customer profitability,Commercial Director,Retailer,Evaluate gross margin and net profit contribution generated by each retail dealer,"Aggregates total sales, discounts given, and cost of goods sold per customer account",P2,Validated (Supported),Supported via Customer Profitability Analysis Report (/reports/customer-profitability/).,Baseline,Operational role,P2,Unchanged,Code reviewed - confirmed,"Code review 2026-10-04 (agent-reviewed, spot-checked): Confirmed. group_by=customer aggregates revenue, COGS and margin per customer.",RPT,Reporting and business intelligence,,reporting,CONTROL,Core,Owner,Medium,Medium,Low,Later,Cited in code,Not verified,Not verified,Not verified,Not verified,No,Built - unverified,P2,6,,,,,,,,,Not run,Distributor,Business Owner,UNCHANGED,Authored,,,,No,No,Validated (Supported),Confirmed,backend/reporting/services.py:invoice_profit_rollup,"group_by=customer aggregates revenue, COGS and margin per customer."
P-0066,P,Distributor,Reporting & Business Intelligence,Analyze product profitability,Product Manager,None,Identify highest and lowest margin brand categories to optimize procurement volume commitments,"Computes product contribution margin after supplier rebates, discounts, and direct freight",P2,Partial,Supported via Product Margin Matrix Report (/reports/product-margins/).,Baseline,Operational role,P2,Unchanged,Partial,"Code review 2026-10-04 (agent-reviewed, spot-checked): Partial. Product margin rollup exists; no supplier rebates or freight in contribution margin.",RPT,Reporting and business intelligence,,reporting,CONTROL,Core,Owner,Medium,Medium,Low,Later,Partial,Not verified,Not verified,Not verified,Not verified,No,Built - partial,P2,6,,,,,,,,,Not run,Distributor,Platform Admin,UNCHANGED,Authored,,,,No,No,Validated (Supported),Partial,backend/reporting/services.py:invoice_profit_rollup,Product margin rollup exists; no supplier rebates or freight in contribution margin.
P-0067,P,Distributor,Payments & Reconciliation,Reconcile receivables and payments,Senior Accountant,Retailer,Regular ledger reconciliation with retail dealers to clear mismatched balances and disputes,"Generates unified customer statement showing invoices, debit/credit notes, and payment receipts",P1,Validated (Supported),Supported via Customer Statement Generator with PDF/Excel shareable link.,Baseline,Operational role,P1,Unchanged,Code reviewed - confirmed,"Code review 2026-10-04 (agent-reviewed, spot-checked): Confirmed. Customer statement lists invoices, notes and receipts with running balance.",PAYREC,Payments and reconciliation,,payments,RUN,Core,Owner,High,High,Low,Pilot,Cited in code,Not verified,Not verified,Not verified,Not verified,No,Built - unverified,P1,9,,,,,,,,,Not run,Distributor,Accountant / Finance,UNCHANGED,Authored,,,,No,No,Validated (Supported),Confirmed,backend/ledgers/services.py:customer_statement; backend/ledgers/views.py:,"Customer statement lists invoices, notes and receipts with running balance."
P-0068,P,Single-Godown Distributor,Procure-to-Pay,Receive stock into godown,Godown Custodian,Delivery Carrier / Supplier,Verify received physical goods against supplier delivery challan and inward into stock,Creates StockMovement (INWARD_PURCHASE); updates physical on-hand quantity,P1,Validated (Supported),Supported in Purchase Invoice complete flow; auto-generates stock inward movement.,Baseline,Operational role,P1,Unchanged,Code reviewed - confirmed,"Code review 2026-10-04 (agent-reviewed, spot-checked): Confirmed. GRN completion posts inward stock movements (type PURCHASE) updating on-hand quantity.",P2P,Procure to pay,,purchases,RUN,Core,Stock,Medium,Medium,Low,Pilot,Cited in code,Not verified,Not verified,Not verified,Not verified,No,Built - unverified,P1,6,,,,,,,,,Not run,Distributor,Inventory / Warehouse,UNCHANGED,Authored,,backend/inventory/models.py:StockMovement,backend/tests/test_a10_period_centralization.py; backend/tests/test_a11_a12_stock_cost.py; backend/tests/test_a6_manual_serial_return.py,No,No,Validated (Supported),Confirmed,backend/purchases/grn_service.py:complete; backend/inventory/models.py:StockMovement,GRN completion posts inward stock movements (type PURCHASE) updating on-hand quantity.
P-0069,P,Single-Godown Distributor,Inventory Lifecycle,Allocate stock to customer orders,Godown Custodian,Sales Desk,Assign physical bin stock to pending sales orders for picking and packing,"Updates reserved inventory quantity, preventing duplicate commitment of stock",P1,Validated (Supported),Supported via order reservation mechanism in sales processing.,Baseline,Operational role,P1,Unchanged,Code reviewed - confirmed,"Code review 2026-10-04 (agent-reviewed, spot-checked): Confirmed. Confirming a sales order reserves each line into StockBalance.reserved, reducing available quantity; bin-level allocation not present.",INV,Inventory lifecycle,,inventory,RUN,Core,Stock,High,High,Low,Pilot,Cited in code,Not verified,Not verified,Not verified,Not verified,No,Built - unverified,P1,9,,,,,,,,,Not run,Distributor,Inventory / Warehouse,UNCHANGED,Authored,,,,No,No,Validated (Supported),Confirmed,backend/sales/notes_services.py:confirm_sales_order; backend/inventory/services.py:reserve_stock,"Confirming a sales order reserves each line into StockBalance.reserved, reducing available quantity; bin-level allocation not present."
P-0070,P,Single-Godown Distributor,Customer-to-Cash,Pick and dispatch customer orders,Godown Custodian,Logistics Driver,"Generate pick list, pull items from shelves, pack, and prepare dispatch consignment",Changes sales order status to DISPATCHED; attaches vehicle and driver details,P1,Mechanism not found,Supported via Pick List printing and Delivery Challan generation.,Baseline,Operational role,P1,Unchanged,Mechanism not found,"Code review 2026-10-04 (agent-reviewed, spot-checked): Contradicted. Challans record vehicle details but no pick list exists and SalesOrder has no DISPATCHED status.",C2C,Customer to cash,,sales,RUN,Core,Stock,Medium,Medium,Low,Pilot,Not in code,Not verified,Not verified,Not verified,Not verified,No,Gap,P1,6,,,,,,,,,Not run,Distributor,Inventory / Warehouse,UNCHANGED,Authored,,,,No,No,Validated (Supported),Contradicted,backend/sales/models.py:DeliveryChallan; backend/sales/models.py:SalesOrder,Challans record vehicle details but no pick list exists and SalesOrder has no DISPATCHED status.
P-0071,P,Single-Godown Distributor,Inventory Lifecycle,Track available and committed stock,Godown Custodian,Sales Team,Distinguish between total physical on-hand stock and uncommitted available-to-sell stock,Computes available_stock = on_hand_stock - committed_order_stock in real time,P1,Validated (Supported),Supported via StockBalance model displaying on_hand vs available columns.,Baseline,Operational role,P1,Unchanged,Code symbol found,Matched StockBalance in product code. This is not a functional test.,INV,Inventory lifecycle,,inventory,RUN,Core,Stock,High,High,Low,Pilot,Cited in code,Not verified,Not verified,Not verified,Not verified,No,Built - unverified,P1,9,,,,,,,,,Not run,Distributor,Inventory / Warehouse,UNCHANGED,Authored,,backend/inventory/models.py:StockBalance,backend/tests/test_a11_a12_stock_cost.py; backend/tests/test_a4_a5_reporting.py; backend/tests/test_a6_manual_serial_return.py,No,No,,,,
P-0072,P,Single-Godown Distributor,Inventory Lifecycle,Track damaged stock,Godown Custodian,Supplier / Claims Adjuster,"Quarantine broken, leaking, or damaged items into a non-saleable virtual location",Transfers inventory to DAMAGED warehouse bin; excludes from available-to-sell inventory,P1,Validated (Supported),Supported via internal StockAdjustment with reason='DAMAGED' or transfer to Quarantine.,Baseline,Operational role,P1,Unchanged,Code symbol found,Matched StockAdjustment in product code. This is not a functional test.,INV,Inventory lifecycle,,inventory,RUN,Core,Stock,High,High,Low,Pilot,Cited in code,Not verified,Not verified,Not verified,Not verified,No,Built - unverified,P1,9,,,,,,,,,Not run,Distributor,Inventory / Warehouse,UNCHANGED,Authored,Same task as P-0153,,,No,No,,,,
P-0073,P,Single-Godown Distributor,Returns / Complaints / After-Sales,Track returned stock,Godown Custodian,Retailer / Delivery Driver,"Inspect goods returned from customer delivery, verify condition, and route to shelf or scrap","Records return receipt, verifies line items, restores inventory if sellable",P1,Validated (Supported),Supported via SalesReturn inspection step with condition tagging (Sellable / Damaged).,Baseline,Operational role,P1,Unchanged,Code symbol found,Matched SalesReturn in product code. This is not a functional test.,RET,"Returns, complaints, and after-sales",,sales,RUN,Core,Stock,Medium,Medium,Low,Pilot,Cited in code,Not verified,Not verified,Not verified,Not verified,No,Built - unverified,P1,6,,,,,,,,,Not run,Distributor,Inventory / Warehouse,UNCHANGED,Authored,Same task as P-0154,backend/sales/models.py:SalesReturn,backend/tests/test_cft_checklist.py; backend/tests/test_concurrency_races.py; backend/tests/test_fmea2_wave.py,No,No,,,,
P-0074,P,Single-Godown Distributor,Inventory Lifecycle,Perform physical stock verification,Godown Custodian,Internal Auditor,Periodic wall-to-wall or cycle count of physical warehouse inventory,"Opens StockCountSession; freezes count lines, records physical counts, highlights variances",P1,Validated (Supported),Supported via /inventory/stock-counts/ workflow with blind-count support.,Baseline,Operational role,P1,Unchanged,Code reviewed - confirmed,"Code review 2026-10-04 (agent-reviewed, spot-checked): Confirmed. Count sessions snapshot system_qty, record counted_qty, expose variance and post adjustments; no blind-count or freeze mode.",INV,Inventory lifecycle,,inventory,RUN,Core,Stock,High,High,Low,Pilot,Cited in code,Not verified,Not verified,Not verified,Not verified,No,Built - unverified,P1,9,,,,,,,,,Not run,Distributor,Inventory / Warehouse,UNCHANGED,Authored,,backend/inventory/models.py:StockCountSession,backend/tests/test_c01_godown.py; backend/tests/personas/test_pj_stock_audit_and_adjustments.py,No,No,Validated (Supported),Confirmed,backend/inventory/models.py:StockCountSession; backend/inventory/models.py:StockCountLine,"Count sessions snapshot system_qty, record counted_qty, expose variance and post adjustments; no blind-count or freeze mode."
P-0075,P,Single-Godown Distributor,Inventory Lifecycle,Identify inventory discrepancies,Godown Custodian,Business Owner,"Identify shrinkage, misplacements, or count mismatches between system and physical count",Generates Variance Report showing quantity difference and financial impact per SKU,P1,Validated (Supported),Supported via StockCountSession variance analysis before formal approval.,Baseline,Operational role,P1,Unchanged,Code symbol found,Matched StockCountSession in product code. This is not a functional test.,INV,Inventory lifecycle,,inventory,RUN,Core,Stock,High,High,Low,Pilot,Cited in code,Not verified,Not verified,Not verified,Not verified,No,Built - unverified,P1,9,,,,,,,,,Not run,Distributor,Inventory / Warehouse,UNCHANGED,Authored,,backend/inventory/models.py:StockCountSession,backend/tests/test_c01_godown.py; backend/tests/personas/test_pj_stock_audit_and_adjustments.py,No,No,,,,
P-0076,P,Single-Godown Distributor,Inventory Lifecycle,Generate stock valuation,In-house Accountant,External CA,Compute total monetary value of inventory holding for balance sheet and tax reporting,Multiplies current stock balance by FIFO cost layer or weighted average purchase cost,P2,Validated (Supported),Supported via /reports/inventory-valuation/ compliant with AS-2 / Ind-AS 2 valuation rules.,Baseline,Operational role,P2,Unchanged,Code reviewed - confirmed,"Code review 2026-10-04 (agent-reviewed, spot-checked): Confirmed. Valuation endpoint returns stock value using company WAVG or FIFO method with optional price basis.",INV,Inventory lifecycle,,inventory,RUN,Core,Stock,High,High,Low,Later,Cited in code,Not verified,Not verified,Not verified,Not verified,No,Built - unverified,P2,9,,,,,,,,,Not run,Distributor,Accountant / Finance,UNCHANGED,Authored,,,,No,No,Validated (Supported),Confirmed,backend/inventory/services.py:InventoryValuationService; backend/accounts/models.py:inventory_valuation_method,Valuation endpoint returns stock value using company WAVG or FIFO method with optional price basis.
P-0077,P,Single-Godown Distributor,Inventory Lifecycle,Track FIFO inventory costing,In-house Accountant,Auditor,Ensure cost of goods sold reflects oldest inward purchase prices according to FIFO principles,Maintains inward cost layers; consumes earliest available layer upon each outward sale,P2,Partial,Core system invariant: inventory valuation engine strictly follows FIFO cost layering.,Baseline,Operational role,P2,Unchanged,Partial,"Code review 2026-10-04 (agent-reviewed, spot-checked): Partial. FIFO cost layers exist but FIFO is optional; company default is weighted average, so FIFO is not strictly enforced.",INV,Inventory lifecycle,,inventory,RUN,Core,Stock,High,High,Low,Later,Partial,Not verified,Not verified,Not verified,Not verified,No,Built - partial,P2,9,,,,,,,,,Not run,Distributor,Accountant / Finance,UNCHANGED,Authored,,,,No,No,Validated (Supported),Partial,backend/inventory/models.py:InventoryCostLayer; backend/accounts/models.py:inventory_valuation_method,"FIFO cost layers exist but FIFO is optional; company default is weighted average, so FIFO is not strictly enforced."
P-0078,P,Single-Godown Distributor,Inventory Lifecycle,Monitor reorder requirements,Godown Custodian,Procurement Manager,Monitor minimum stock thresholds and generate replenishment recommendations,Evaluates lead time and daily burn rate to recommend purchase order quantities,P1,Validated (Supported),Supported via /inventory/reorder-report/ with one-click PO draft generation.,Baseline,Operational role,P1,Unchanged,Code reviewed - confirmed,"Code review 2026-10-04 (agent-reviewed, spot-checked): Confirmed. Reorder levels, lead time and 14-day burn rate drive suggested quantities; draft POs per supplier are created from the plan (route is purchase-planning, flag gated).",INV,Inventory lifecycle,,inventory,RUN,Core,Stock,High,High,Low,Pilot,Cited in code,Not verified,Not verified,Not verified,Not verified,No,Built - unverified,P1,9,,,,,,,,,Not run,Distributor,Inventory / Warehouse,UNCHANGED,Authored,,,,No,No,Validated (Supported),Confirmed,backend/inventory/planning.py:purchase_plan; backend/inventory/planning.py:materialize_supplier_drafts; backend/inventory/services.py:suggest_replenishment,"Reorder levels, lead time and 14-day burn rate drive suggested quantities; draft POs per supplier are created from the plan (route is purchase-planning, flag gated)."
P-0079,P,Multi-Godown Distributor,Multi-Godown / Multi-Store,View consolidated inventory,Logistics Director / Owner,Godown Managers,Single unified dashboard showing total stock holding across all godowns and regional hubs,Aggregates StockBalance across all Warehouse entities for the tenant company,P0,Validated (Supported),Supported via /inventory/ with 'All Godowns' view and location filter dropdown.,Baseline,Operational role,P0,Unchanged,Code reviewed - confirmed,"Code review 2026-10-04 (agent-reviewed, spot-checked): Confirmed. Stock page aggregates balances across godowns into All godowns rows with a warehouse filter.",WH,Multi-godown and multi-store,,inventory,RUN,Core,Stock,High,High,Low,MVP,Cited in code,Not verified,Not verified,Not verified,Not verified,No,Built - unverified,P0,9,,,,,,backend/tests/test_cft_checklist.py::test_cft_040_042_048_reserved_available_agrees_across_surfaces,2026-10-04,"pytest on Postgres 17, manual run",Partial,Distributor,Business Owner,UNCHANGED,Authored,,backend/inventory/models.py:StockBalance,backend/tests/test_a11_a12_stock_cost.py; backend/tests/test_a4_a5_reporting.py; backend/tests/test_a6_manual_serial_return.py,No,No,Validated (Supported),Confirmed,web/src/pages/inventory/CurrentStockPage.tsx:CurrentStockPage; backend/inventory/views.py:StockBalanceViewSet; backend/inventory/models.py:StockBalance,Stock page aggregates balances across godowns into All godowns rows with a warehouse filter.
P-0080,P,Multi-Godown Distributor,Multi-Godown / Multi-Store,Check stock by location,Wholesale Sales Clerk,Godown Keepers,Check exact stock availability at specific warehouse locations during order booking,Filters StockBalance table by specific warehouse_id to confirm localized dispatch capability,P1,Validated (Supported),Supported across all billing and inventory screens via Warehouse selector.,Baseline,Operational role,P1,Unchanged,Code reviewed - confirmed,"Code review 2026-10-04 (agent-reviewed, spot-checked): Confirmed. Balances are filterable by warehouse and available quantity is computed per warehouse.",WH,Multi-godown and multi-store,,inventory,RUN,Core,Stock,Medium,Medium,Low,Pilot,Cited in code,Not verified,Not verified,Not verified,Not verified,No,Built - unverified,P1,6,,,,,,,,,Not run,Distributor,Distributor,UNCHANGED,Authored,,backend/inventory/models.py:StockBalance,backend/tests/test_a11_a12_stock_cost.py; backend/tests/test_a4_a5_reporting.py; backend/tests/test_a6_manual_serial_return.py,No,No,Validated (Supported),Confirmed,backend/inventory/views.py:StockBalanceViewSet; backend/inventory/services.py:available_quantity; backend/inventory/models.py:StockBalance,Balances are filterable by warehouse and available quantity is computed per warehouse.
P-0081,P,Multi-Godown Distributor,Multi-Godown / Multi-Store,Transfer stock between godowns,Logistics Coordinator,Source & Dest Godown Custodians,Execute formalized transfer of goods from central replenishment hub to regional depot,"Creates StockTransfer record; records dispatch, transit insurance, and receipt confirmation",P0,Partial,"Supported via /inventory/transfers/ with full multi-stage state machine. | Decision 2026-10-04 (delegated, quality-first): Build in Pilot (6 days). Dispatch, in-transit and receipt-confirmation stages for stock transfers. | Truth 2026-10-05 (WI-038): Built.  IN_TRANSIT warehouse and partial receipt with shortage reason are tested; transfers post no journal, though no test asserts the absence of a ledger entry.",Baseline,Operational role,P0,Unchanged,Partial,"Code review 2026-10-04 (agent-reviewed, spot-checked): Partial. Transfers exist with DRAFT/COMPLETED/CANCELLED only; no dispatch, in-transit, insurance or separate receipt confirmation stages.",WH,Multi-godown and multi-store,,inventory,RUN,Core,Stock,High,High,Low,Pilot,Partial,Not verified,Not verified,Not verified,Not verified,No,Built - tested,P0,9,,,6,,,backend/tests/test_phase4_inventory.py::test_transfer_conserves_stock_between_warehouses; backend/tests/workflows/test_wf_todo_stubs.py::test_wf21_stock_transfer_between_godowns; backend/tests/test_bug_wave3.py::test_bug_inv_001_transfer_holds_stock_in_transit; backend/tests/test_plan_partials.py::test_partial_receipt_records_the_shortage; backend/tests/test_code_review_2026_10_05_b.py::test_cancel_after_a_short_receipt_restores_stock_and_clears_transit,2026-10-05,pytest full suite on SQLite (agent run 2026-10-05); human review pending,Pass,Distributor,Logistics & Delivery,UNCHANGED,Authored,,backend/inventory/models.py:StockTransfer; backend/inventory/services.py:StockTransferService._move; backend/inventory/services.py:StockTransferService.in_transit_warehouse; backend/inventory/models.py:StockTransferLine,backend/tests/test_a10_period_centralization.py; backend/tests/test_a11_a12_stock_cost.py; backend/tests/test_phase4_inventory.py,No,No,Validated (Supported),Partial,backend/inventory/models.py:StockTransfer; backend/inventory/services.py:StockTransferService,"Transfers exist with DRAFT/COMPLETED/CANCELLED only; no dispatch, in-transit, insurance or separate receipt confirmation stages."
P-0082,P,Multi-Godown Distributor,Multi-Godown / Multi-Store,Allocate orders to the appropriate godown,Commercial Manager,Warehouse Dispatcher,Route customer order fulfillment to the nearest godown holding sufficient stock,"Assigns warehouse_id to sales invoice lines, optimizing delivery freight and transit time",P1,Validated (Supported),Supported in SalesOrder fulfillment routing; supports line-item warehouse allocation.,Baseline,Operational role,P1,Unchanged,Code symbol found,Matched SalesOrder in product code. This is not a functional test.,WH,Multi-godown and multi-store,,inventory,RUN,Core,Stock,Medium,Medium,Low,Pilot,Cited in code,Not verified,Not verified,Not verified,Not verified,No,Built - unverified,P1,6,,,,,,,,,Not run,Distributor,Sales & Growth,UNCHANGED,Authored,,backend/sales/models.py:SalesOrder,backend/tests/test_a13_a14_reporting_sales.py; backend/tests/test_a15_cr090_plus.py; backend/tests/test_b05_attention.py,No,No,,,,
P-0083,P,Multi-Godown Distributor,Multi-Godown / Multi-Store,Track inter-godown transfers,Logistics Manager,Transport Vendor,Monitor stock in-transit between company warehouses to prevent theft and shrinkage,Tracks shipment status (IN_TRANSIT); alerts if expected arrival date is exceeded,P1,Validated (Supported),Supported via StockTransfer in-transit tracking and overdue transfer alerts.,Baseline,Operational role,P1,Unchanged,Code symbol found,Matched StockTransfer in product code. This is not a functional test.,WH,Multi-godown and multi-store,,inventory,RUN,Core,Stock,Medium,Medium,Low,Pilot,Cited in code,Not verified,Not verified,Not verified,Not verified,No,Built - unverified,P1,6,,,,,,,,,Not run,Distributor,Logistics & Delivery,UNCHANGED,Authored,,backend/inventory/models.py:StockTransfer,backend/tests/test_a10_period_centralization.py; backend/tests/test_a11_a12_stock_cost.py; backend/tests/test_phase4_inventory.py,No,No,,,,
P-0084,P,Multi-Godown Distributor,Reporting & Business Intelligence,Compare godown-wise sales,Managing Proprietor,Branch Managers,Analyze sales revenue and volume contribution generated by each warehouse or depot,Aggregates sales invoices grouped by source warehouse_id over specified date range,P2,Partial,Supported via /reports/warehouse-sales/ comparative report.,Baseline,Operational role,P2,Restored to authored P2. The previous workbook had P3 after a keyword rebalance.,Partial,"Restored to authored P2. The previous workbook had P3 after a keyword rebalance. Code review 2026-10-04 (agent-reviewed, spot-checked): Partial. Sales register can filter by warehouse but no comparative grouping by warehouse.",RPT,Reporting and business intelligence,,reporting,CONTROL,Core,Stock,Medium,Medium,Low,Later,Partial,Not verified,Not verified,Not verified,Not verified,No,Built - partial,P2,6,,,,,,,,,Not run,Distributor,Business Owner,RESTORED_TO_AUTHORED,Authored,,,,No,No,Validated (Supported),Partial,backend/reporting/services.py:sales_register,Sales register can filter by warehouse but no comparative grouping by warehouse.
P-0085,P,Multi-Godown Distributor,Reporting & Business Intelligence,Compare godown-wise profitability,Managing Proprietor,Accountant,Evaluate gross profit and operating efficiency across different regional godowns,Computes location-specific gross margin and cross-references localized handling expenses,P2,Mechanism not found,Supported via Branch/Warehouse Profit & Loss breakdown report.,Baseline,Operational role,P2,Restored to authored P2. The previous workbook had P3 after a keyword rebalance.,Mechanism not found,"Restored to authored P2. The previous workbook had P3 after a keyword rebalance. Code review 2026-10-04 (agent-reviewed, spot-checked): Contradicted. Profit rollup groups by customer, product, period, cost centre only; no warehouse profit report.",RPT,Reporting and business intelligence,,reporting,CONTROL,Core,Stock,Medium,Medium,Low,Later,Not in code,Not verified,Not verified,Not verified,Not verified,No,Gap,P2,6,,,,,,,,,Not run,Distributor,Business Owner,RESTORED_TO_AUTHORED,Authored,,,,No,No,Validated (Supported),Contradicted,"none found: searched warehouse in invoice_profit_rollup, group_by, reporting urls","Profit rollup groups by customer, product, period, cost centre only; no warehouse profit report."
P-0086,P,Multi-Godown Distributor,Multi-Godown / Multi-Store,Identify stock imbalance,Logistics Coordinator,Godown Managers,Detect overstocked items in one depot and stockouts in another to trigger rebalancing,Compares days of stock cover per SKU across warehouses; highlights rebalance candidates,P2,Validated (Supported),Supported via Inventory Balancing report with auto-generated StockTransfer draft.,Baseline,Operational role,P2,Restored to authored P2. The previous workbook had P3 after a keyword rebalance.,Code symbol found,Matched StockTransfer in product code. This is not a functional test. Restored to authored P2. The previous workbook had P3 after a keyword rebalance.,WH,Multi-godown and multi-store,,inventory,RUN,Core,Stock,Medium,Medium,Low,Later,Cited in code,Not verified,Not verified,Not verified,Not verified,No,Built - unverified,P2,6,,,,,,,,,Not run,Distributor,Logistics & Delivery,RESTORED_TO_AUTHORED,Authored,,backend/inventory/models.py:StockTransfer,backend/tests/test_a10_period_centralization.py; backend/tests/test_a11_a12_stock_cost.py; backend/tests/test_phase4_inventory.py,No,No,,,,
P-0087,P,Multi-Godown Distributor,Inventory Lifecycle,Perform location-wise stock audits,Internal Audit Team,Local Godown Keepers,Conduct physical inventory counts independently at specific regional warehouses,Scoped StockCountSession locked to a specific warehouse_id without halting other depots,P1,Validated (Supported),Supported in /inventory/stock-counts/ with warehouse-isolated audit sessions.,Baseline,Operational role,P1,Unchanged,Code reviewed - confirmed,"Code review 2026-10-04 (agent-reviewed, spot-checked): Confirmed. Count sessions are tied to one warehouse and post adjustments only for that warehouse, without blocking others.",INV,Inventory lifecycle,,inventory,RUN,Core,Stock,High,High,Low,Pilot,Cited in code,Not verified,Not verified,Not verified,Not verified,No,Built - unverified,P1,9,,,,,,,,,Not run,Distributor,External CA / Auditor,UNCHANGED,Authored,,backend/inventory/models.py:StockCountSession,backend/tests/test_c01_godown.py; backend/tests/personas/test_pj_stock_audit_and_adjustments.py,No,No,Validated (Supported),Confirmed,backend/inventory/models.py:StockCountSession; backend/inventory/views.py:StockCountSessionViewSet,"Count sessions are tied to one warehouse and post adjustments only for that warehouse, without blocking others."
P-0088,P,Multi-Godown Distributor,Multi-Godown / Multi-Store,Track inventory movement across locations,Logistics Manager,Auditor,"Complete audit trail of all inward, outward, and transfer movements for any SKU across locations",Queries immutable StockMovement ledger filtered by SKU and warehouse_id with chronological replay,P1,Partial,Supported via SKU Movement Ledger (/inventory/products/{id}/movements/).,Baseline,Operational role,P1,Unchanged,Partial,"Code review 2026-10-04 (agent-reviewed, spot-checked): Partial. Append-only movement ledger filterable by product and warehouse exists; no per-SKU movements route or web ledger page found.",WH,Multi-godown and multi-store,,inventory,RUN,Core,Stock,Medium,Medium,Low,Pilot,Partial,Not verified,Not verified,Not verified,Not verified,No,Built - partial,P1,6,,,,,,,,,Not run,Distributor,Logistics & Delivery,UNCHANGED,Authored,,backend/inventory/models.py:StockMovement,backend/tests/test_a10_period_centralization.py; backend/tests/test_a11_a12_stock_cost.py; backend/tests/test_a6_manual_serial_return.py,No,No,Validated (Supported),Partial,backend/inventory/models.py:StockMovement; backend/inventory/views.py:StockMovementViewSet,Append-only movement ledger filterable by product and warehouse exists; no per-SKU movements route or web ledger page found.
P-0089,P,Multi-Shop Owner,Multi-Godown / Multi-Store,View all shops from one dashboard,Multi-Shop Managing Proprietor,Store Managers,"Executive real-time visibility into consolidated revenue, cash collections, and stock across all outlets",Consolidates live data across all retail branch locations on a single unified screen,P0,Partial,"Supported via Multi-Store Executive Dashboard with outlet switching and consolidated totals. | Decision 2026-10-04 (delegated, quality-first): Build in Pilot (5 days). Per-outlet breakdown and outlet switching on the dashboard. | Truth 2026-10-05 (WI-039): Partial. Only an API listing on-hand and reserved stock per warehouse; no web DashboardPage integration or warehouse switching; no query-budget test. Backend per-warehouse listing exists; the dashboard breakdown/switch and budget test do not.",Baseline,Operational role,P0,Unchanged,Partial,"Code review 2026-10-04 (agent-reviewed, spot-checked): Partial. Dashboard shows company-wide totals over all godowns; no outlet switching or per-outlet breakdown found.",WH,Multi-godown and multi-store,,inventory,RUN,Core,Owner,High,High,Low,Pilot,Partial,Not verified,Not verified,Not verified,Not verified,No,Built - partial,P0,9,,,5,,,backend/tests/test_planwave_finish.py::test_godown_dashboard_lists_the_default_warehouse,2026-10-05,pytest full suite on SQLite (agent run 2026-10-05); human review pending,Partial,Multi-Shop Owner,Multi-Shop Owner,UNCHANGED,Authored,,backend/planwave/finish.py:godown_dashboard; backend/planwave/views.py:GodownDashboardView,,No,No,Validated (Supported),Partial,backend/reporting/services.py:dashboard; backend/reporting/views.py:DashboardView,Dashboard shows company-wide totals over all godowns; no outlet switching or per-outlet breakdown found.
P-0090,P,Multi-Shop Owner,Reporting & Business Intelligence,Compare shop sales,Managing Proprietor,Store Managers,Benchmark daily and monthly sales performance between retail store branches,Generates comparative sales bar charts and tabular metrics broken down by store outlet,P1,Mechanism not found,Supported via /reports/multi-store-comparison/ with ranking by sales and footfall.,Baseline,Operational role,P1,Unchanged,Mechanism not found,"Code review 2026-10-04 (agent-reviewed, spot-checked): Contradicted. No multi-store comparison report or store/outlet entity exists.",RPT,Reporting and business intelligence,,reporting,CONTROL,Core,Owner,Medium,Medium,Low,Pilot,Not in code,Not verified,Not verified,Not verified,Not verified,No,Gap,P1,6,,,,,,,,,Not run,Multi-Shop Owner,Business Owner,UNCHANGED,Authored,,,,No,No,Validated (Supported),Contradicted,"none found: searched multi-store, outlet, branch, store comparison in backend urls and models",No multi-store comparison report or store/outlet entity exists.
P-0091,P,Multi-Shop Owner,Reporting & Business Intelligence,Compare shop profitability,Managing Proprietor,Accountant,Analyze net profit contributions of individual store locations after outlet operating expenses,"Matches outlet revenue against localized cost of goods sold, rent, utilities, and payroll",P2,Partial,Supported via Cost Center / Store P&L report (/accounting/cost-centers/).,Baseline,Operational role,P2,Restored to authored P2. The previous workbook had P3 after a keyword rebalance.,Partial,"Restored to authored P2. The previous workbook had P3 after a keyword rebalance. Code review 2026-10-04 (agent-reviewed, spot-checked): Partial. P&L filters by cost centre; no store P&L with allocated rent, utilities, payroll.",RPT,Reporting and business intelligence,,reporting,CONTROL,Core,Owner,Medium,Medium,Low,Later,Partial,Not verified,Not verified,Not verified,Not verified,No,Built - partial,P2,6,,,,,,,,,Not run,Multi-Shop Owner,Business Owner,RESTORED_TO_AUTHORED,Authored,,,,No,No,Validated (Supported),Partial,backend/accounting/reports.py:profit_and_loss; backend/reporting/services.py:invoice_profit_rollup,"P&L filters by cost centre; no store P&L with allocated rent, utilities, payroll."
P-0092,P,Multi-Shop Owner,Multi-Godown / Multi-Store,Transfer inventory between shops,Store Manager / Central Coordinator,Store Cashiers,Quick transfer of fast-moving items from low-demand shop to high-demand shop,Generates inter-shop delivery challan; updates source and destination shop stock balances,P1,Validated (Supported),Supported via StockTransfer mechanism with store-to-store transfer presets.,Baseline,Operational role,P1,Unchanged,Code symbol found,Matched StockTransfer in product code. This is not a functional test.,WH,Multi-godown and multi-store,,inventory,RUN,Core,Owner,Medium,Medium,Low,Pilot,Cited in code,Not verified,Not verified,Not verified,Not verified,No,Built - unverified,P1,6,,,,,,,,,Not run,Multi-Shop Owner,Inventory / Warehouse,UNCHANGED,Authored,,backend/inventory/models.py:StockTransfer,backend/tests/test_a10_period_centralization.py; backend/tests/test_a11_a12_stock_cost.py; backend/tests/test_phase4_inventory.py,No,No,,,,
P-0093,P,Multi-Shop Owner,Multi-Godown / Multi-Store,Monitor shop-wise inventory,Inventory Controller,Store Keepers,Audit stock holding levels at each individual retail outlet to prevent stockouts,Displays real-time inventory balances broken down by store location,P1,Validated (Supported),Supported via /inventory/ with outlet-specific balance views.,Baseline,Operational role,P1,Unchanged,Code reviewed - confirmed,"Code review 2026-10-04 (agent-reviewed, spot-checked): Confirmed. Stock balances can be viewed per warehouse with a godown filter.",WH,Multi-godown and multi-store,,inventory,RUN,Core,Owner,Medium,Medium,Low,Pilot,Cited in code,Not verified,Not verified,Not verified,Not verified,No,Built - unverified,P1,6,,,,,,,,,Not run,Multi-Shop Owner,Inventory / Warehouse,UNCHANGED,Authored,,,,No,No,Validated (Supported),Confirmed,web/src/pages/inventory/CurrentStockPage.tsx:CurrentStockPage; backend/inventory/views.py:StockBalanceViewSet,Stock balances can be viewed per warehouse with a godown filter.
P-0094,P,Multi-Shop Owner,Payments & Reconciliation,Monitor shop-wise cash collections,Managing Proprietor / Auditor,Store Cashiers,Track physical cash collected at each store drawer and verify bank deposits,Aggregates daily shift-close cash reports per branch; highlights cash deposit variances,P1,Mechanism not found,Supported via /accounting/cash-desks/ with store-wise till reconciliation.,Baseline,Operational role,P1,Unchanged,Mechanism not found,"Code review 2026-10-04 (agent-reviewed, spot-checked): Contradicted. No cash-desk or store-wise till reconciliation exists.",PAYREC,Payments and reconciliation,,payments,RUN,Core,Owner,High,High,Low,Pilot,Not in code,Not verified,Not verified,Not verified,Not verified,No,Gap,P1,9,,,,,,,,,Not run,Multi-Shop Owner,External CA / Auditor,UNCHANGED,Authored,,,,No,No,Validated (Supported),Contradicted,"none found: searched cash-desks, shift close, till reconciliation, store-wise cash",No cash-desk or store-wise till reconciliation exists.
P-0095,P,Multi-Shop Owner,Receivables & Payables,Monitor shop-wise outstanding,Managing Proprietor,Store Credit Staff,Monitor customer khata and credit receivables originated across different retail stores,Segments accounts receivable ledger by originating store location; tracks local recovery,P1,Mechanism not found,Supported via Customer Ledger filtered by branch/store origin.,Baseline,Operational role,P1,Unchanged,Mechanism not found,"Code review 2026-10-04 (agent-reviewed, spot-checked): Contradicted. Customer ledger and outstanding have no branch or store origin segmentation.",ARAP,Receivables and payables,,ledgers,CONTROL,Core,Owner,Critical,High,Medium,Pilot,Not in code,Not verified,Not verified,Not verified,Not verified,No,Gap,P1,18,,,,,,,,,Not run,Multi-Shop Owner,Business Owner,UNCHANGED,Authored,,,,No,No,Validated (Supported),Contradicted,"none found: searched branch, outlet, store, warehouse filter in backend/ledgers and backend/reporting ledger views",Customer ledger and outstanding have no branch or store origin segmentation.
P-0096,P,Multi-Shop Owner,Reporting & Business Intelligence,Consolidate business performance,Managing Proprietor,External CA,"Generate company-wide Profit & Loss statement, Balance Sheet, and Trial Balance",Consolidates all financial journal entries into master double-entry general ledger,P1,Partial,"Supported via /accounting/reports/ (Trial Balance, P&L, Balance Sheet) with consolidated rollup.",Baseline,Operational role,P1,Unchanged,Partial,"Code review 2026-10-04 (agent-reviewed, spot-checked): Partial. TB, P&L and balance sheet from GL exist for one company; no multi-entity consolidation.",RPT,Reporting and business intelligence,,reporting,CONTROL,Core,Owner,Medium,Medium,Low,Pilot,Partial,Not verified,Not verified,Not verified,Not verified,No,Built - partial,P1,6,,,,,,,,,Not run,Multi-Shop Owner,Business Owner,UNCHANGED,Authored,,,,No,No,Validated (Supported),Partial,backend/accounting/reports.py:trial_balance; backend/accounting/reports.py:profit_and_loss; backend/accounting/reports.py:balance_sheet,"TB, P&L and balance sheet from GL exist for one company; no multi-entity consolidation."
P-0097,P,Multi-Shop Owner,Reporting & Business Intelligence,Identify underperforming locations,Managing Proprietor,Regional Manager,"Identify stores failing to meet sales targets, gross margin benchmarks, or inventory turnover","Highlights outlets with falling sales velocity, high discount rates, or excessive dead stock",P2,Mechanism not found,Supported via Store Performance Matrix in Insights module.,Baseline,Operational role,P2,Restored to authored P2. The previous workbook had P3 after a keyword rebalance.,Mechanism not found,"Restored to authored P2. The previous workbook had P3 after a keyword rebalance. Code review 2026-10-04 (agent-reviewed, spot-checked): Contradicted. No store performance matrix or sales-target comparison; only SKU-level alerts exist.",RPT,Reporting and business intelligence,,reporting,CONTROL,Core,Owner,Medium,Medium,Low,Later,Not in code,Not verified,Not verified,Not verified,Not verified,No,Gap,P2,6,,,,,,,,,Not run,Multi-Shop Owner,Business Owner,RESTORED_TO_AUTHORED,Authored,,,,No,No,Validated (Supported),Contradicted,"none found: searched store performance, underperform, target in insights",No store performance matrix or sales-target comparison; only SKU-level alerts exist.
P-0098,P,Multi-Shop Owner,Master Data & Authorization,Manage centralized product masters,Catalog Manager / Admin,Store Cashiers,"Maintain uniform product catalog, barcodes, HSN codes, and standard pricing across all outlets",Changes made to central Product master propagate instantly to all store POS terminals,P1,Validated (Supported),Core system invariant: Product catalog is company-scoped; synchronized across all branches.,Baseline,Operational role,P1,Unchanged,Code reviewed - confirmed,"Code review 2026-10-04 (agent-reviewed, spot-checked): Confirmed. Product catalog is company-scoped with HSN, barcode and prices shared across all warehouses and users of the company.",MASTER,Master data and authorization,,masters,KERNEL,Core,Owner,Medium,Medium,Low,Later,Cited in code,Not verified,Not verified,Not verified,Not verified,No,Built - unverified,P2,6,,,,,,,,,Not run,Multi-Shop Owner,Platform Admin,UNCHANGED,Authored,,,,No,No,Validated (Supported),Confirmed,backend/masters/models.py:Product; backend/masters/views.py:ProductViewSet,"Product catalog is company-scoped with HSN, barcode and prices shared across all warehouses and users of the company."
P-0099,P,Multi-Shop Owner,Security / Exception / Recovery,Control user access by shop,System Administrator,Store Staff,Restrict store staff to accessing only their assigned shop's billing and inventory records,Enforces Row-Level Security (RLS) and warehouse assignment guards on API and UI,P0,Validated (Supported),Supported via CompanyUser.assigned_warehouses and tenant permission boundaries.,Baseline,Operational role,P0,Unchanged,Code symbol found,Matched CompanyUser in product code. This is not a functional test.,OTHER,Security / Exception / Recovery,,accounts,CONTROL,Core,Owner,Critical,High,Medium,MVP,Cited in code,Not verified,Not verified,Not verified,Not verified,No,Built - unverified,P0,18,,,,,,,,,Not run,Multi-Shop Owner,Platform Admin,UNCHANGED,Inferred,,backend/accounts/models.py:CompanyUser,backend/tests/conftest.py; backend/tests/test_a03_preview.py; backend/tests/test_attention_outcomes.py,No,No,,,,
P-0100,P,Accountant / GST Operator,GST / Tax / Compliance,Review sales transactions,In-house Accountant,Billing Operators,"Audit all sales invoices for correct customer GSTIN, tax classification, and rate splits",Validates tax calculation accuracy; confirms invoice number sequencing and ledger postings,P1,Validated (Supported),Supported via /sales/invoices/ with audit status filters and tax split breakdown.,Baseline,Operational role,P1,Unchanged,Code reviewed - confirmed,"Code review 2026-10-04 (agent-reviewed, spot-checked): Confirmed. Sales invoice listing plus health check flags INVOICE_VALUE_MISMATCH and rate/GSTIN issues.",GST,GST and tax compliance,,accounting,CONTROL,Core,Accountant,Critical,High,High,Pilot,Cited in code,Not verified,Not verified,Not verified,Not verified,No,Built - unverified,P1,27,,,,,,,,,Not run,Accountant / Finance,Accountant / Finance,UNCHANGED,Authored,,,,No,No,Validated (Supported),Confirmed,backend/reporting/gst_returns.py:invoice_value_mismatch; backend/reporting/gst_health.py:build_gst_health,Sales invoice listing plus health check flags INVOICE_VALUE_MISMATCH and rate/GSTIN issues.
P-0101,P,Accountant / GST Operator,GST / Tax / Compliance,Review purchase transactions,In-house Accountant,Purchase Manager,Verify supplier bills for accurate Input Tax Credit (ITC) eligibility and reverse charge,Matches invoice amounts against purchase entries; validates supplier GSTIN active status,P1,Validated (Supported),Supported via /purchases/invoices/ with ITC eligibility flags.,Baseline,Operational role,P1,Unchanged,Code reviewed - confirmed,"Code review 2026-10-04 (agent-reviewed, spot-checked): Confirmed. Purchase invoices carry ITC eligibility and RCM flags; supplier GSTIN status checks run in health report.",GST,GST and tax compliance,,accounting,CONTROL,Core,Accountant,Critical,High,High,Pilot,Cited in code,Not verified,Not verified,Not verified,Not verified,No,Built - unverified,P1,27,,,,,,,,,Not run,Accountant / Finance,Accountant / Finance,UNCHANGED,Authored,,,,No,No,Validated (Supported),Confirmed,backend/purchases/models.py:ItcEligibility; backend/reporting/gst_health.py:build_gst_health,Purchase invoices carry ITC eligibility and RCM flags; supplier GSTIN status checks run in health report.
P-0102,P,Accountant / GST Operator,GST / Tax / Compliance,Validate GST data,In-house Accountant,External CA,Automated validation of all outward and inward transactions before statutory return generation,"Runs GST Guard rules: checks GSTIN checksum, HSN mandatory digits, state code vs Place of Supply",P0,Validated (Supported),Supported via GST Guard validation engine; surfaces actionable error cards on invalid records.,Baseline,Operational role,P0,Unchanged,Code reviewed - confirmed,"Code review 2026-10-04 (agent-reviewed, spot-checked): Confirmed. GST guard validates buyer GSTIN, HSN master, rate consistency and POS before submission.",GST,GST and tax compliance,,accounting,CONTROL,Core,Accountant,Critical,High,High,MVP,Cited in code,Not verified,Not verified,Not verified,Not verified,No,Built - tested,P0,27,,,,,,backend/tests/test_gst_guard_v2.py::test_missing_hsn_b2b_blocks_completion; backend/tests/test_gst_guard_v2.py::test_validate_document_bad_gstin_is_blocking_regardless_of_hsn,2026-10-04,"pytest on Postgres 17, manual run",Pass,Accountant / Finance,Accountant / Finance,UNCHANGED,Authored,,,,No,No,Validated (Supported),Confirmed,backend/reporting/gst_guard.py:validate_document; backend/reporting/gst_health.py:build_gst_health,"GST guard validates buyer GSTIN, HSN master, rate consistency and POS before submission."
P-0103,P,Accountant / GST Operator,GST / Tax / Compliance,Identify missing GST information,In-house Accountant,Billing Clerk,"Detect customer or supplier records with missing GSTIN, state code, or blank HSN",Filters transactions with missing statutory fields; flags documents blocking clean tax filing,P1,Validated (Supported),Supported via /gst/missing-data/ exception queue with inline resolution.,Baseline,Operational role,P1,Unchanged,Code reviewed - confirmed,"Code review 2026-10-04 (agent-reviewed, spot-checked): Confirmed. Health alerts HSN_MISSING, GSTIN_MISSING_COMPANY and POS_UNKNOWN list blocking documents; inline resolution not verified.",GST,GST and tax compliance,,accounting,CONTROL,Core,Accountant,Critical,High,High,Pilot,Cited in code,Not verified,Not verified,Not verified,Not verified,No,Built - unverified,P1,27,,,,,,,,,Not run,Accountant / Finance,Accountant / Finance,UNCHANGED,Authored,,,,No,No,Validated (Supported),Confirmed,backend/reporting/gst_guard.py:validate_document; backend/reporting/gst_health.py:build_gst_health,"Health alerts HSN_MISSING, GSTIN_MISSING_COMPANY and POS_UNKNOWN list blocking documents; inline resolution not verified."
P-0104,P,Accountant / GST Operator,GST / Tax / Compliance,Reconcile purchase records with GST data,In-house Accountant,Supplier / Tax Consultant,Reconcile inward purchase invoices recorded in books against government GSTR-2B portal data,"Matches supplier GSTIN, invoice number, date, taxable value, and tax amounts; categorizes matches",P0,Validated (Supported),Supported via GSTR-2B automated reconciliation engine (/gst/gstr2b-recon/).,Baseline,Operational role,P0,Unchanged,Code reviewed - confirmed,"Code review 2026-10-04 (agent-reviewed, spot-checked): Confirmed. 2B rows are matched to purchase invoices by GSTIN, number, amount and date with match class.",GST,GST and tax compliance,,accounting,CONTROL,Core,Accountant,Critical,High,High,MVP,Cited in code,Not verified,Not verified,Not verified,Not verified,No,Built - tested,P0,27,,,,,,backend/tests/snapshots/test_gstr2b_and_pdf.py::test_gstr2b_reconciliation_snapshot; backend/tests/test_wave17_gst_books.py::test_gstr2b_upload_and_match_api,2026-10-04,"pytest on Postgres 17, manual run",Pass,Accountant / Finance,Accountant / Finance,UNCHANGED,Authored,,,,No,No,Validated (Supported),Confirmed,backend/reporting/gstr2b.py:match_gstr2b_to_purchases; backend/reporting/ims.py:classify_and_match,"2B rows are matched to purchase invoices by GSTIN, number, amount and date with match class."
P-0105,P,Accountant / GST Operator,GST / Tax / Compliance,Review GSTR-2B/IMS information,In-house Accountant,External CA,Import and analyze official GSTR-2B JSON and Invoice Management System (IMS) feeds,"Parses official GSTR-2B JSON format; displays matched, mismatched, and supplier-missing invoices",P1,Validated (Supported),Supported via GSTR-2B JSON import parser and IMS reconciliation view.,Baseline,Operational role,P1,Unchanged,Code reviewed - confirmed,"Code review 2026-10-04 (agent-reviewed, spot-checked): Confirmed. 2B/IMS rows are ingested and classified into matched, partial and missing-in-IMS buckets.",GST,GST and tax compliance,,accounting,CONTROL,Core,Accountant,Critical,High,High,Pilot,Cited in code,Not verified,Not verified,Not verified,Not verified,No,Built - unverified,P1,27,,,,,,,,,Not run,Accountant / Finance,Accountant / Finance,UNCHANGED,Authored,,,,No,No,Validated (Supported),Confirmed,backend/reporting/ims_offline.py:import_offline; backend/reporting/ims.py:classify_and_match,"2B/IMS rows are ingested and classified into matched, partial and missing-in-IMS buckets."
P-0106,P,Accountant / GST Operator,GST / Tax / Compliance,Accept/reject/pending invoice actions,In-house Accountant,Supplier,"Mark recipient actions (Accept, Reject, Keep Pending) on supplier invoices per IMS guidelines",Records recipient decision; exports structured action JSON for upload to GST IMS portal,P1,Validated (Supported),Supported via IMS Action Dashboard with bulk Accept/Reject/Pending decision tagging.,Baseline,Operational role,P1,Unchanged,Code reviewed - confirmed,"Code review 2026-10-04 (agent-reviewed, spot-checked): Confirmed. Accept/reject/pending actions are recorded per row, bulk accept exists, offline action JSON is exported.",GST,GST and tax compliance,,accounting,CONTROL,Core,Accountant,Critical,High,High,Pilot,Cited in code,Not verified,Not verified,Not verified,Not verified,No,Built - unverified,P1,27,,,,,,,,,Not run,Accountant / Finance,Accountant / Finance,UNCHANGED,Authored,,,,No,No,Validated (Supported),Confirmed,backend/reporting/ims.py:apply_ims_action; backend/reporting/ims_offline.py:export_offline,"Accept/reject/pending actions are recorded per row, bulk accept exists, offline action JSON is exported."
P-0107,P,Accountant / GST Operator,GST / Tax / Compliance,Identify ITC at risk,In-house Accountant,Managing Proprietor,"Flag inward invoices where supplier has not uploaded to GSTR-1, putting input tax credit at risk",Quantifies blocked/risky ITC; generates automated supplier payment hold alert,P0,Validated (Supported),Supported via ITC at Risk dashboard with direct supplier notification generator.,Baseline,Operational role,P0,Unchanged,Code reviewed - confirmed,"Code review 2026-10-04 (agent-reviewed, spot-checked): Confirmed. ITC at risk is quantified and raised as an attention alert with supplier nudge.",GST,GST and tax compliance,,accounting,CONTROL,Core,Accountant,Critical,High,High,MVP,Cited in code,Not verified,Not verified,Not verified,Not verified,No,Built - unverified,P0,27,,,,,,backend/tests/test_b03_ims.py::test_ims_summary_api; backend/tests/test_b03_ims.py::test_section_16_4_past_window_not_pending_forever,2026-10-04,"pytest on Postgres 17, manual run",Partial,Accountant / Finance,Accountant / Finance,UNCHANGED,Authored,,,,No,No,Validated (Supported),Confirmed,backend/reporting/ims.py:credit_at_risk; backend/reporting/ims.py:supplier_po_nudge; backend/insights/attention.py:_itc_and_gst_rows,ITC at risk is quantified and raised as an attention alert with supplier nudge.
P-0108,P,Accountant / GST Operator,GST / Tax / Compliance,Track Section 16(4) deadlines,In-house Accountant,External CA,Track statutory deadlines (30th November following financial year) for claiming unclaimed ITC,Alerts accountant to aging purchase invoices approaching Section 16(4) time-bar limit,P0,Validated (Supported),Supported via Section 16(4) Expiry Warning widget in GST Health report.,Baseline,Operational role,P0,Unchanged,Code reviewed - confirmed,"Code review 2026-10-04 (agent-reviewed, spot-checked): Confirmed. 16(4) deadline per row with expiring-ITC warning, alert and digest email.",GST,GST and tax compliance,,accounting,CONTROL,Core,Accountant,Critical,High,High,MVP,Cited in code,Not verified,Not verified,Not verified,Not verified,No,Built - unverified,P0,27,,,,,,backend/tests/test_b03_ims.py::test_section_16_4_past_window_not_pending_forever,2026-10-04,"pytest on Postgres 17, manual run",Partial,Accountant / Finance,Accountant / Finance,UNCHANGED,Authored,,,,No,No,Validated (Supported),Confirmed,backend/reporting/ims.py:section_16_4_deadline; backend/reporting/ims.py:expiring_itc_rows; backend/insights/attention.py:_itc_and_gst_rows,"16(4) deadline per row with expiring-ITC warning, alert and digest email."
P-0109,P,Accountant / GST Operator,GST / Tax / Compliance,Identify supplier invoice defects,In-house Accountant,Purchase Manager,"Score and rank suppliers based on frequency of tax mismatches, delayed filing, and incorrect GSTINs",Maintains supplier compliance score; alerts purchase team before issuing repeat orders,P1,Validated (Supported),Supported via Supplier Compliance & Defect Matrix (/purchases/supplier-scores/).,Baseline,Operational role,P1,Unchanged,Code reviewed - confirmed,"Code review 2026-10-04 (agent-reviewed, spot-checked): Confirmed. Per-supplier mismatch counts and average correction time are computed and surfaced.",GST,GST and tax compliance,,accounting,CONTROL,Core,Accountant,Critical,High,High,Pilot,Cited in code,Not verified,Not verified,Not verified,Not verified,No,Built - unverified,P1,27,,,,,,,,,Not run,Accountant / Finance,Accountant / Finance,UNCHANGED,Authored,,,,No,No,Validated (Supported),Confirmed,backend/reporting/ims.py:supplier_scorecard; backend/reporting/ims.py:supplier_defect_message,Per-supplier mismatch counts and average correction time are computed and surfaced.
P-0110,P,Accountant / GST Operator,GST / Tax / Compliance,Prepare GST returns,In-house Accountant,External CA,"Generate offline computation worksheets for GSTR-1 (Outward), GSTR-3B (Summary), and CMP-08","Compiles summary tables (B2B, B2CL, B2CS, CDNR, HSN summary); generates compliant offline JSON",P0,Validated (Supported),Supported via /gst/gstr1/ and /gst/gstr3b/ with government offline utility JSON export.,Baseline,Operational role,P0,Unchanged,Code reviewed - confirmed,"Code review 2026-10-04 (agent-reviewed, spot-checked): Confirmed. GSTR-1, 3B and CMP-08 builders produce tables and GSTN-format JSON.",GST,GST and tax compliance,,accounting,CONTROL,Core,Accountant,Critical,High,High,MVP,Cited in code,Not verified,Not verified,Not verified,Not verified,No,Built - unverified,P0,27,,,,,,backend/tests/test_gst_returns.py::test_gstr1_json_shape_and_totals; backend/tests/test_gst_returns.py::test_gstr3b_json_and_xlsx_export,2026-10-04,"pytest on Postgres 17, manual run",Partial,Accountant / Finance,Accountant / Finance,UNCHANGED,Authored,,,,No,No,Validated (Supported),Confirmed,backend/reporting/gst_returns.py:build_gstr1; backend/reporting/gst_returns.py:build_gstr3b; backend/reporting/gst_returns.py:to_gstn_json,"GSTR-1, 3B and CMP-08 builders produce tables and GSTN-format JSON."
P-0111,P,Accountant / GST Operator,Import / Export / Period Close,Export accounting data,In-house Accountant,External CA (Tally Operator),Export complete financial books and vouchers into standard Tally XML or Excel format,"Exports chart of accounts, sales vouchers, purchase vouchers, and journal entries in Tally-compatible XML",P1,Partial,Supported via /accounting/export/tally-xml/ and standard CSV/Excel book exports.,Baseline,Operational role,P1,Unchanged,Partial,"Code review 2026-10-04 (agent-reviewed, spot-checked): Partial. Tally export download is CSV; Tally XML vouchers are only generated for HTTP push to a Tally server, not a downloadable file.",CLOSE,"Import, export, and period close",,accounting,CONTROL,Core,Accountant,Medium,Medium,Low,Pilot,Partial,Not verified,Not verified,Not verified,Not verified,No,Built - partial,P1,6,,,,,,,,,Not run,Accountant / Finance,Accountant / Finance,UNCHANGED,Authored,Same task as X-0479,,,No,No,Validated (Supported),Partial,backend/integrations/tally/adapter.py:build_tally_export_csv; backend/integrations/tally/adapter.py:_vouchers_xml,"Tally export download is CSV; Tally XML vouchers are only generated for HTTP push to a Tally server, not a downloadable file."
P-0112,P,Accountant / GST Operator,GST / Tax / Compliance,Reconcile books with GST records,In-house Accountant,External CA,Cross-reconcile output tax ledgers with GSTR-1 and input tax ledgers with GSTR-3B/2B,Generates tax liability reconciliation statement; identifies accounting ledger adjustments,P1,Partial,Supported via Book-to-GST Reconciliation worksheet.,Baseline,Operational role,P1,Unchanged,Partial,"Code review 2026-10-04 (agent-reviewed, spot-checked): Partial. Return worksheets are tied to sales/purchase register taxable totals only; no GL output/input tax ledger to GSTR reconciliation statement.",GST,GST and tax compliance,,accounting,CONTROL,Core,Accountant,Critical,High,High,Pilot,Partial,Not verified,Not verified,Not verified,Not verified,No,Built - partial,P1,27,,,,,,,,,Not run,Accountant / Finance,Accountant / Finance,UNCHANGED,Authored,,,,No,No,Validated (Supported),Partial,backend/reporting/gst_returns.py:_worksheet_register_tie,Return worksheets are tied to sales/purchase register taxable totals only; no GL output/input tax ledger to GSTR reconciliation statement.
P-0113,P,Accountant / GST Operator,Security / Exception / Recovery,Identify duplicate transactions,In-house Accountant,Billing Clerk,"Detect duplicate sales or purchase entries with identical invoice number, date, or amount",Scans transaction tables for duplicate signatures; alerts accountant before period close,P1,Validated (Supported),"Built-in unique database constraint (company_id, supplier_id, invoice_number) and duplicate scanner.",Baseline,Operational role,P1,Unchanged,Code symbol found,Matched invoice_number in product code. This is not a functional test.,OTHER,Security / Exception / Recovery,,sales,CONTROL,Core,Accountant,High,Medium,Medium,Pilot,Cited in code,Not verified,Not verified,Not verified,Not verified,No,Built - unverified,P1,12,,,,,,,,,Not run,Accountant / Finance,Accountant / Finance,UNCHANGED,Inferred,,,,No,No,,,,
P-0114,P,Accountant / GST Operator,GST / Tax / Compliance,Identify tax calculation errors,In-house Accountant,System Admin,Identify rounding discrepancies or incorrect tax rate applications across historical vouchers,Validates line-item tax sum against invoice total tax; highlights fractional rounding variances,P0,Validated (Supported),Core system invariant: line-item and document total tax calculations strictly match Rule 46.,Baseline,Operational role,P0,Unchanged,Code reviewed - confirmed,"Code review 2026-10-04 (agent-reviewed, spot-checked): Confirmed. Engine enforces CGST equals SGST and totals; mismatch check flags documents whose tax or total drifts.",GST,GST and tax compliance,,accounting,CONTROL,Core,Accountant,Critical,High,High,MVP,Cited in code,Not verified,Not verified,Not verified,Not verified,No,Built - unverified,P0,27,,,,,,backend/tests/test_billing_totals.py::test_line_tax_matches_frontend_fixture; backend/tests/test_tax_calc_properties.py::test_line_total_equals_taxable_plus_tax,2026-10-04,"pytest on Postgres 17, manual run",Partial,Accountant / Finance,Accountant / Finance,UNCHANGED,Authored,,,,No,No,Validated (Supported),Confirmed,backend/reporting/gst_returns.py:invoice_value_mismatch; backend/core/services/tax_engine/india.py:_apply_line_tax,Engine enforces CGST equals SGST and totals; mismatch check flags documents whose tax or total drifts.
P-0115,P,Accountant / GST Operator,Security / Exception / Recovery,Maintain an audit trail,In-house Accountant,Statutory Auditor (MCA/GST),"Immutable change log capturing who edited, approved, or cancelled any financial transaction","Stores timestamp, user ID, IP address, previous value, and new value for every record mutation",P0,Partial,"Supported via Django SimpleHistory and immutable ActivityLog; satisfies MCA audit trail mandates. | Decision 2026-10-04 (delegated, quality-first): Build in MVP (3 days). Audit event on every posting action (journal post, purchase complete with books off included); add IP and before/after values; one test per action; drop the xfail. | Truth 2026-10-05 (WI-001): Built.  All 18 listed actions have a test with real assertions (13 in test_register_audit_coverage plus debit note, journal reverse, period lock/reopen, payroll, amend in test_plan_above_items); IP and before/after are asserted; no xfails remain.",Baseline,Operational role,P0,Unchanged,Partial,"django-simple-history is not a dependency. The note names the wrong audit mechanism. 2026-10-04: hash chain (core/services/audit_chain.py) and append-only guard (tests/test_audit_append_only.py, not re-run) exist. Full coverage of every transaction type not verified. Code review 2026-10-04 (agent-reviewed, spot-checked): Partial. Immutable hash-chained AuditEvent log exists, but it has no IP or before/after value columns and no simple_history; per-transaction coverage is unproven.",OTHER,Security / Exception / Recovery,,accounts,CONTROL,Core,Accountant,Critical,High,Medium,MVP,Partial,Not verified,Not verified,Not verified,Not verified,No,Built - tested,P0,18,,,3,,,backend/tests/test_d01_d03_company_audit.py::test_invoice_audit_endpoint_returns_amend_diff; backend/tests/test_search_reports_audit.py::test_audit_log_records_and_is_owner_only; backend/tests/test_register_audit_coverage.py::test_sales_invoice_complete_writes_audit_event; backend/tests/test_plan_above_items.py::test_period_lock_and_reopen_name_the_actor; backend/tests/test_plan_above_items.py::test_payroll_finalise_writes_an_audit_event; backend/tests/test_plan_above_items.py::test_amended_invoice_uses_the_coverage_event_name,2026-10-05,pytest full suite on SQLite (agent run 2026-10-05); human review pending,Pass,Accountant / Finance,Accountant / Finance,UNCHANGED,Inferred,,backend/core/services/audit.py:before_status_for_event; backend/planwave/services.py:AUDIT_COVERAGE,,No,No,Partial,Partial,backend/core/models.py:AuditEvent; backend/core/audit_guard.py:_audit_guard; backend/core/tasks.py:seal_audit_chain_task,"Immutable hash-chained AuditEvent log exists, but it has no IP or before/after value columns and no simple_history; per-transaction coverage is unproven."
P-0116,P,Business Owner,Reporting & Business Intelligence,See today's business performance,Business Owner ('Sethji'),Store Managers,"Morning and evening executive snapshot of daily sales, cash collections, and pending orders","Displays high-level KPI cards (Total Sales, Cash In, Unpaid Bills, Net Margin) on mobile or desktop",P0,Validated (Supported),Supported via Owner Executive Dashboard and automated daily summary WhatsApp/Email digest.,Baseline,Operational role,P0,Unchanged,Code symbol found,Matched WhatsApp in product code. This is not a functional test.,RPT,Reporting and business intelligence,,reporting,CONTROL,Core,Owner,High,High,Low,MVP,Cited in code,Not verified,Not verified,Not verified,Not verified,No,Built - unverified,P0,9,,,,,,backend/tests/test_ledger.py::test_dashboard_kpis_match_documents,2026-10-04,"pytest on Postgres 17, manual run",Partial,Business Owner,Business Owner,UNCHANGED,Authored,,,,No,No,,,,
P-0117,P,Business Owner,Reporting & Business Intelligence,"See sales, purchases and profit together",Business Owner,Accountant,"Unified bird's-eye view comparing revenue, procurement expenditure, and gross operating profit",Aggregates monthly sales vs purchases vs gross margin on a synchronized comparative timeline,P1,Partial,Supported via Executive Business Overview dashboard (/insights/).,Baseline,Operational role,P1,Unchanged,Partial,"Code review 2026-10-04 (agent-reviewed, spot-checked): Partial. Dashboard gives sales and purchases month totals; no monthly comparative timeline with margin.",RPT,Reporting and business intelligence,,reporting,CONTROL,Core,Owner,Medium,Medium,Low,Pilot,Partial,Not verified,Not verified,Not verified,Not verified,No,Built - partial,P1,6,,,,,,,,,Not run,Business Owner,Business Owner,UNCHANGED,Authored,,,,No,No,Validated (Supported),Partial,backend/reporting/services.py:dashboard,Dashboard gives sales and purchases month totals; no monthly comparative timeline with margin.
P-0118,P,Business Owner,Receivables & Payables,Identify outstanding receivables,Business Owner,Sales Team,Identify top debtors and total market credit outstanding to drive debt collection,Ranks customers by total outstanding balance and oldest overdue days; enables instant chasing,P0,Validated (Supported),Supported via Debtor Summary card with one-click WhatsApp payment reminder dispatch.,Baseline,Operational role,P0,Unchanged,Code symbol found,Matched WhatsApp in product code. This is not a functional test.,ARAP,Receivables and payables,,ledgers,CONTROL,Core,Owner,Critical,High,Medium,MVP,Cited in code,Not verified,Not verified,Not verified,Not verified,No,Built - unverified,P0,18,,,,,,,,,Not run,Business Owner,Business Owner,UNCHANGED,Authored,,,,No,No,,,,
P-0119,P,Business Owner,Receivables & Payables,Identify overdue payments,Business Owner,Credit Controller,Pinpoint critically overdue bills crossing credit grace periods (30+ days),Filters receivables aging > 30 days; calculates interest exposure and bad debt risk,P0,Partial,"Supported via Overdue Invoices screen with priority chasing flags. | Decision 2026-10-04 (delegated, quality-first): Build in Pilot (3 days). Interest exposure and bad-debt risk on overdue customers. | Truth 2026-10-05 (WI-040): Built.  Report-only overdue endpoint with 18% simple interest (per-company override) and the 0/5/25/50/100% age buckets, no posting, asserted in tests.",Baseline,Operational role,P0,Unchanged,Partial,"Code review 2026-10-04 (agent-reviewed, spot-checked): Partial. Overdue invoices with days_overdue and collection worklist exist; no interest exposure or bad-debt risk calculation.",ARAP,Receivables and payables,,ledgers,CONTROL,Core,Owner,Critical,High,Medium,Pilot,Partial,Not verified,Not verified,Not verified,Not verified,No,Built - tested,P0,18,,,3,,,backend/tests/test_sales_purchase_ux_plan.py::test_customer_ledger_status_filter_and_overdue_kpi; backend/tests/test_planwave_remaining.py::test_provision_interest_anomaly_cashflow_and_2b; backend/tests/test_planwave_finish.py::test_overdue_report_suggests_a_provision; backend/tests/test_code_review_2026_10_05.py::test_overdue_report_lists_only_what_is_still_owed,2026-10-05,pytest full suite on SQLite (agent run 2026-10-05); human review pending,Pass,Business Owner,Business Owner,UNCHANGED,Authored,,backend/planwave/finish.py:overdue_report; backend/planwave/services.py:suggest_provision; backend/planwave/services.py:interest_exposure; backend/planwave/views.py:OverdueReportView,,No,No,Validated (Supported),Partial,backend/payments/collections_open.py:open_invoice_rows; backend/insights/views.py:CollectionsWorklistView,Overdue invoices with days_overdue and collection worklist exist; no interest exposure or bad-debt risk calculation.
P-0120,P,Business Owner,Inventory Lifecycle,Identify low-stock products,Business Owner,Purchase Manager,Spot high-selling inventory running low to approve emergency supplier purchase orders,Displays top 20 revenue-generating SKUs currently at or below minimum reorder buffer,P1,Partial,Supported via Executive Alert widget: 'Critical Stockout Threats'.,Baseline,Operational role,P1,Unchanged,Partial,"Code review 2026-10-04 (agent-reviewed, spot-checked): Partial. Low-stock alerts for items sold in last 14 days exist; no top-20-by-revenue ranking or Critical Stockout Threats widget.",INV,Inventory lifecycle,,inventory,RUN,Core,Owner,High,High,Low,Pilot,Partial,Not verified,Not verified,Not verified,Not verified,No,Built - partial,P1,9,,,,,,,,,Not run,Business Owner,Business Owner,UNCHANGED,Authored,,,,No,No,Validated (Supported),Partial,backend/inventory/views.py:low_stock_alert_payload; backend/insights/alerts.py:_low_stock,Low-stock alerts for items sold in last 14 days exist; no top-20-by-revenue ranking or Critical Stockout Threats widget.
P-0121,P,Business Owner,Reporting & Business Intelligence,Identify profitable products,Business Owner,Sales Team,Discover products delivering highest gross margin percentage to promote in marketing campaigns,Ranks catalog by gross margin contribution (Gross Profit / Sales Revenue),P2,Partial,Supported via Product Margin Leaderboard in Insights module.,Baseline,Operational role,P2,Restored to authored P2. The previous workbook had P3 after a keyword rebalance.,Partial,"Restored to authored P2. The previous workbook had P3 after a keyword rebalance. Code review 2026-10-04 (agent-reviewed, spot-checked): Partial. Product margin rollup is available; no ranked leaderboard by margin percent.",RPT,Reporting and business intelligence,,reporting,CONTROL,Core,Owner,Medium,Medium,Low,Later,Partial,Not verified,Not verified,Not verified,Not verified,No,Built - partial,P2,6,,,,,,,,,Not run,Business Owner,Business Owner,RESTORED_TO_AUTHORED,Authored,,,,No,No,Validated (Supported),Partial,backend/reporting/services.py:invoice_profit_rollup,Product margin rollup is available; no ranked leaderboard by margin percent.
P-0122,P,Business Owner,Reporting & Business Intelligence,Identify loss-making products,Business Owner,Purchase Manager,Identify items being sold below purchase cost or suffering heavy discounting,Flags transactions where Selling Price < Unit Cost; alerts owner to pricing or discounting errors,P2,Validated (Supported),Supported via Negative Margin Alert audit report.,Baseline,Operational role,P2,Restored to authored P2. The previous workbook had P3 after a keyword rebalance.,Code reviewed - confirmed,"Restored to authored P2. The previous workbook had P3 after a keyword rebalance. Code review 2026-10-04 (agent-reviewed, spot-checked): Confirmed. SALE_BELOW_COST alert flags sales priced below cost into the attention feed.",RPT,Reporting and business intelligence,,reporting,CONTROL,Core,Owner,Medium,Medium,Low,Later,Cited in code,Not verified,Not verified,Not verified,Not verified,No,Built - unverified,P2,6,,,,,,,,,Not run,Business Owner,Business Owner,RESTORED_TO_AUTHORED,Authored,,,,No,No,Validated (Supported),Confirmed,backend/insights/alerts.py:SALE_BELOW_COST; backend/insights/attention.py,SALE_BELOW_COST alert flags sales priced below cost into the attention feed.
P-0123,P,Business Owner,Reporting & Business Intelligence,Compare performance across periods,Business Owner,Accountant,Compare current month/quarter revenue and profits against previous period or previous year (MoM/YoY),Generates comparative period graphs showing percentage growth or contraction across metrics,P2,Partial,Supported via Period Trend Analysis Report (/reports/period-comparison/).,Baseline,Operational role,P2,Restored to authored P2. The previous workbook had P3 after a keyword rebalance.,Partial,"Restored to authored P2. The previous workbook had P3 after a keyword rebalance. Code review 2026-10-04 (agent-reviewed, spot-checked): Partial. group_by=period gives margin by period; no MoM/YoY comparison or growth percentage.",RPT,Reporting and business intelligence,,reporting,CONTROL,Core,Owner,Medium,Medium,Low,Later,Partial,Not verified,Not verified,Not verified,Not verified,No,Built - partial,P2,6,,,,,,,,,Not run,Business Owner,Business Owner,RESTORED_TO_AUTHORED,Authored,,,,No,No,Validated (Supported),Partial,backend/reporting/services.py:invoice_profit_rollup,group_by=period gives margin by period; no MoM/YoY comparison or growth percentage.
P-0124,P,Business Owner,GST / Tax / Compliance,Monitor GST liability,Business Owner,Accountant,Anticipate net GST cash tax payout due on the 20th of the month to plan cashflow reserves,Computes estimated Net GST Payable = Output Tax Liability - Eligible Input Tax Credit (ITC),P1,Partial,Supported via Real-time GST Liability Estimator in Insights module.,Baseline,Operational role,P1,Unchanged,Partial,"Code review 2026-10-04 (agent-reviewed, spot-checked): Partial. 3B payload has tax_payable_summary with net payable hint after claimable ITC; no separate insights liability estimator or due-date planning.",GST,GST and tax compliance,,accounting,CONTROL,Core,Owner,Critical,High,High,Pilot,Partial,Not verified,Not verified,Not verified,Not verified,No,Built - partial,P1,27,,,,,,,,,Not run,Business Owner,Business Owner,UNCHANGED,Authored,,,,No,No,Validated (Supported),Partial,backend/reporting/gst_returns.py:build_gstr3b,3B payload has tax_payable_summary with net payable hint after claimable ITC; no separate insights liability estimator or due-date planning.
P-0125,P,Business Owner,Payments & Reconciliation,Monitor cash flow,Business Owner,Accountant,30-day forward-looking cash flow forecast balancing expected customer collections vs vendor payables,"Projects net bank balance based on invoice due dates, scheduled payables, and recurring expenses",P1,Validated (Supported),Supported via CashflowForecastRun engine in insights app (/insights/cashflow/).,Baseline,Operational role,P1,Unchanged,Code symbol found,Matched CashflowForecastRun in product code. This is not a functional test.,PAYREC,Payments and reconciliation,,payments,RUN,Core,Owner,High,High,Low,Pilot,Cited in code,Not verified,Not verified,Not verified,Not verified,No,Built - unverified,P1,9,,,,,,,,,Not run,Business Owner,Business Owner,UNCHANGED,Authored,,backend/insights/models.py:CashflowForecastRun,backend/tests/test_phase6_insights.py,No,No,,,,
P-0126,P,Business Owner,Reporting & Business Intelligence,Review business alerts,Business Owner,Store Managers,"Central notification feed highlighting critical operational exceptions (credit breach, negative stock, refund)",Surfaces high-priority BusinessAlertEvent cards requiring owner attention or intervention,P1,Validated (Supported),Supported via Attention / Alert Feed on Owner Home Screen.,Baseline,Operational role,P1,Unchanged,Code reviewed - confirmed,"Code review 2026-10-04 (agent-reviewed, spot-checked): Confirmed. BusinessAlertEvent model with alerts API; dashboard shows top alerts.",RPT,Reporting and business intelligence,,reporting,CONTROL,Core,Owner,Medium,Medium,Low,Pilot,Cited in code,Not verified,Not verified,Not verified,Not verified,No,Built - unverified,P1,6,,,,,,,,,Not run,Business Owner,Business Owner,UNCHANGED,Authored,,backend/insights/models.py:BusinessAlertEvent,backend/tests/test_phase6_insights.py,No,No,Validated (Supported),Confirmed,backend/insights/models.py:BusinessAlertEvent; backend/insights/urls.py,BusinessAlertEvent model with alerts API; dashboard shows top alerts.
P-0127,P,Business Owner,Reporting & Business Intelligence,Drill down from KPI to transactions,Business Owner,Accountant,"Click on any summary KPI number (e.g. Sales, Expenses) to inspect underlying source vouchers",Opens filtered transaction ledger displaying the specific invoices or journal lines composing the KPI,P1,Partial,Supported across all dashboard metric cards; full bidirectional transaction drill-down.,Baseline,Operational role,P1,Unchanged,Partial,"Code review 2026-10-04 (agent-reviewed, spot-checked): Partial. Dashboard shows recent invoice links; no general KPI-to-voucher drill-down.",RPT,Reporting and business intelligence,,reporting,CONTROL,Core,Owner,Medium,Medium,Low,Pilot,Partial,Not verified,Not verified,Not verified,Not verified,No,Built - partial,P1,6,,,,,,,,,Not run,Business Owner,Business Owner,UNCHANGED,Authored,,,,No,No,Validated (Supported),Partial,backend/reporting/services.py:dashboard,Dashboard shows recent invoice links; no general KPI-to-voucher drill-down.
P-0128,P,Business Owner,Security / Exception / Recovery,Approve important business actions,Business Owner,Staff Requestors,"Authorize sensitive actions: credit limit overrides, manual stock write-offs, discount exceptions",Review pending approval queue; approve or reject with recorded digital signature and comments,P0,Partial,"Supported via Manager Approval workflow and authorization modal prompts. | Decision 2026-10-04 (delegated, quality-first): Build in MVP (5 days). General pending-approval queue with approve and reject and an audit trail. | Truth 2026-10-05 (WI-025): Partial. The approval queue is enforced only for invoice cancel and large stock adjustment; not wired for credit-limit override (separate unlock), invoice amend, discount, returns/credit notes, backdating/period reopen, supplier payment, write-off or bulk import commit; no per-action configurable approver; no web UI. Generic queue with 72 h expiry and no-self-approval exists, but only two of the nine listed actions are gated.",Baseline,Operational role,P0,Unchanged,Partial,"Code review 2026-10-04 (agent-reviewed, spot-checked): Partial. Owner credit-limit and GST-guard overrides record who and why, but no general pending-approval queue or approve/reject workflow exists.",OTHER,Security / Exception / Recovery,,core,CONTROL,Core,Owner,Critical,High,Medium,MVP,Partial,Not verified,Not verified,Not verified,Not verified,No,Built - partial,P0,18,,,5,,,backend/tests/test_plan_partials.py::test_completed_invoice_cancel_waits_for_a_second_owner; backend/tests/test_planwave_remaining.py::test_large_stock_adjustment_waits_for_a_second_user; backend/tests/test_planwave_remaining.py::test_approvals_reject_self_and_expired_tokens,2026-10-05,pytest full suite on SQLite (agent run 2026-10-05); human review pending,Partial,Business Owner,Business Owner,UNCHANGED,Inferred,,backend/planwave/models.py:ApprovalRequest; backend/planwave/services.py:_consume_approval; backend/sales/views.py:SalesInvoiceViewSet.cancel; backend/inventory/views.py,,No,No,Validated (Supported),Partial,backend/sales/order_gates.py:credit_override_reason; backend/reporting/gst_guard.py:gst_guard_overridden_by,"Owner credit-limit and GST-guard overrides record who and why, but no general pending-approval queue or approve/reject workflow exists."
P-0129,P,Salesperson,Sales / CRM / Customer Lifecycle,Create a customer/order,Field Salesperson,Retailer / Dealer,Book sales order while visiting retailer premises using mobile phone or tablet,"Creates SalesOrder draft with customer pricing, items, and delivery instructions; syncs to server",P1,Validated (Supported),Supported via Mobile PWA / Capacitor Android app (/sales/orders/create).,Baseline,Operational role,P1,Unchanged,Code reviewed - confirmed,"Code review 2026-10-04 (agent-reviewed, spot-checked): Confirmed. Draft SalesOrder with items and delivery address is creatable via web/PWA and a Capacitor shell exists; offline sync not verified.",CRM,Sales and CRM lifecycle,,crm,GROW,Core,Sales,Medium,Medium,Low,Later,Cited in code,Not verified,Not verified,Not verified,Not verified,No,Built - unverified,P2,6,,,,,,,,,Not run,Sales & Growth,Sales & Growth,UNCHANGED,Authored,,backend/sales/models.py:SalesOrder,backend/tests/test_a13_a14_reporting_sales.py; backend/tests/test_a15_cr090_plus.py; backend/tests/test_b05_attention.py,No,No,Validated (Supported),Confirmed,backend/sales/models.py:SalesOrder; backend/sales/notes_services.py:confirm_sales_order,Draft SalesOrder with items and delivery address is creatable via web/PWA and a Capacitor shell exists; offline sync not verified.
P-0130,P,Salesperson,Sales / CRM / Customer Lifecycle,Search customer history,Field Salesperson,Retailer,"View customer's past orders, favorite products, and payment track record before negotiating","Displays historical order timeline, average order value, and preferred SKUs",P1,Partial,Supported via Customer 360 profile view on mobile sales interface.,Baseline,Operational role,P1,Unchanged,Partial,"Code review 2026-10-04 (agent-reviewed, spot-checked): Partial. Customer 360 shows invoice count, amount, recent products and outstanding; no order timeline or average order value.",CRM,Sales and CRM lifecycle,,crm,GROW,Core,Sales,Medium,Medium,Low,Later,Partial,Not verified,Not verified,Not verified,Not verified,No,Built - partial,P2,6,,,,,,,,,Not run,Sales & Growth,Sales & Growth,UNCHANGED,Authored,,,,No,No,Validated (Supported),Partial,backend/insights/customer_360.py:customer_360; web/src/pages/sales/Customer360Page.tsx:Customer360Page,"Customer 360 shows invoice count, amount, recent products and outstanding; no order timeline or average order value."
P-0131,P,Salesperson,Sales / CRM / Customer Lifecycle,Create a quotation,Salesperson,Prospective B2B Client,"Generate professional quotation PDF with itemized prices, validity period, and payment terms",Creates Quotation record; computes applicable taxes and discounts; generates shareable PDF,P1,Validated (Supported),Supported via /sales/quotations/create with WhatsApp share button.,Baseline,Operational role,P1,Unchanged,Code symbol found,Matched WhatsApp in product code. This is not a functional test.,CRM,Sales and CRM lifecycle,,crm,GROW,Core,Sales,Medium,Medium,Low,Later,Cited in code,Not verified,Not verified,Not verified,Not verified,No,Built - unverified,P2,6,,,,,,,,,Not run,Sales & Growth,Sales & Growth,UNCHANGED,Authored,,,,No,No,,,,
P-0132,P,Salesperson,Sales / CRM / Customer Lifecycle,Convert quotation into an order,Salesperson,Customer,One-click conversion of accepted quotation into an active sales order without re-typing,"Clones Quotation items into SalesOrder, marks quotation as CONVERTED, reserves inventory",P1,Partial,Supported via Quotation 'Convert to Order' action in Quotation detail view.,Baseline,Operational role,P1,Unchanged,Partial,"Code review 2026-10-04 (agent-reviewed, spot-checked): Partial. Conversion clones lines into a DRAFT SalesOrder and marks quotation CONVERTED; stock is reserved only later on order confirmation.",CRM,Sales and CRM lifecycle,,crm,GROW,Core,Sales,Medium,Medium,Low,Later,Partial,Not verified,Not verified,Not verified,Not verified,No,Built - partial,P2,6,,,,,,,,,Not run,Sales & Growth,Sales & Growth,UNCHANGED,Authored,,backend/sales/models.py:SalesOrder,backend/tests/test_a13_a14_reporting_sales.py; backend/tests/test_a15_cr090_plus.py; backend/tests/test_b05_attention.py,No,No,Validated (Supported),Partial,backend/sales/services.py:convert_quotation_to_order; backend/sales/services.py:_commit_quotation_conversion,Conversion clones lines into a DRAFT SalesOrder and marks quotation CONVERTED; stock is reserved only later on order confirmation.
P-0133,P,Salesperson,Inventory Lifecycle,Check product availability,Salesperson,Godown Keeper,Check real-time warehouse available-to-promise (ATP) stock before confirming delivery dates,Queries central stock balance deducting currently reserved customer orders,P0,Validated (Supported),Supported on mobile sales screen with instant SKU stock check.,Baseline,Operational role,P0,Unchanged,Code reviewed - confirmed,"Code review 2026-10-04 (agent-reviewed, spot-checked): Confirmed. Available equals on_hand minus reserved and is exposed by the balances API used by the shared web/mobile app.",INV,Inventory lifecycle,,inventory,RUN,Core,Sales,High,High,Low,MVP,Cited in code,Not verified,Not verified,Not verified,Not verified,No,Built - tested,P0,9,,,,,,backend/tests/test_cft_checklist.py::test_cft_040_042_048_reserved_available_agrees_across_surfaces,2026-10-04,"pytest on Postgres 17, manual run",Pass,Sales & Growth,Sales & Growth,UNCHANGED,Authored,,,,No,No,Validated (Supported),Confirmed,backend/inventory/services.py:available_quantity; backend/inventory/serializers.py:StockBalanceSerializer,Available equals on_hand minus reserved and is exposed by the balances API used by the shared web/mobile app.
P-0134,P,Salesperson,Sales / CRM / Customer Lifecycle,Record customer follow-up,Salesperson,Customer,"Log meeting notes, scheduled calls, and follow-up reminders for open quotations",Creates CRM activity log attached to customer account; sets calendar reminder,P2,Partial,Supported via CRM interaction log (/crm/activities/).,Baseline,Operational role,P2,Unchanged,Partial,"Code review 2026-10-04 (agent-reviewed, spot-checked): Partial. LeadActivity logs notes and calls with due_at and an in-app reminder, but attaches to leads, not customers or open quotations.",CRM,Sales and CRM lifecycle,,crm,GROW,Core,Sales,Medium,Medium,Low,Later,Partial,Not verified,Not verified,Not verified,Not verified,No,Built - partial,P2,6,,,,,,,,,Not run,Sales & Growth,Sales & Growth,UNCHANGED,Authored,,,,No,No,Validated (Supported),Partial,backend/crm/models.py:LeadActivity; backend/crm/tasks.py:LeadActivity,"LeadActivity logs notes and calls with due_at and an in-app reminder, but attaches to leads, not customers or open quotations."
P-0135,P,Salesperson,Customer-to-Cash,Track pending orders,Salesperson,Customer,Track dispatch and delivery progress of booked customer orders to update clients,"Displays order fulfillment status (CONFIRMED, PICKED, DISPATCHED, DELIVERED)",P1,Partial,Supported in mobile order dashboard with status tracking badges.,Baseline,Operational role,P1,Unchanged,Partial,"Code review 2026-10-04 (agent-reviewed, spot-checked): Partial. Order statuses are DRAFT/CONFIRMED/CONVERTED/CANCELLED; only route stops carry DELIVERED, no PICKED or DISPATCHED order tracking.",C2C,Customer to cash,,sales,RUN,Core,Sales,Medium,Medium,Low,Pilot,Partial,Not verified,Not verified,Not verified,Not verified,No,Built - partial,P1,6,,,,,,,,,Not run,Sales & Growth,Sales & Growth,UNCHANGED,Authored,,,,No,No,Validated (Supported),Partial,backend/sales/models.py:SalesOrder; backend/sales/models.py:DeliveryRouteStop,"Order statuses are DRAFT/CONFIRMED/CONVERTED/CANCELLED; only route stops carry DELIVERED, no PICKED or DISPATCHED order tracking."
P-0136,P,Salesperson,Receivables & Payables,Record customer payment,Salesperson,Customer / Cashier,"Collect on-site cash, cheque, or initiate UPI QR payment from customer during field visit",Creates payment collection receipt; updates customer outstanding subject to cashier verification,P1,Partial,Supported via Mobile Payment Collection screen with receipt issuance.,Baseline,Operational role,P1,Unchanged,Partial,"Code review 2026-10-04 (agent-reviewed, spot-checked): Partial. Receipt creation for cash/cheque/UPI QR exists in shared web/Capacitor app; no cashier-verification step before outstanding updates.",ARAP,Receivables and payables,,ledgers,CONTROL,Core,Sales,Critical,High,Medium,Pilot,Partial,Not verified,Not verified,Not verified,Not verified,No,Built - partial,P1,18,,,,,,,,,Not run,Sales & Growth,Sales & Growth,UNCHANGED,Authored,,,,No,No,Validated (Supported),Partial,backend/payments/views.py:CustomerReceiptViewSet; backend/payments/views.py:UpiQrView,Receipt creation for cash/cheque/UPI QR exists in shared web/Capacitor app; no cashier-verification step before outstanding updates.
P-0137,P,Salesperson,Receivables & Payables,View customer outstanding,Salesperson,Customer,Check retailer's current unpaid balance and available credit limit before accepting new order,"Displays total balance, overdue aging, and remaining credit buffer",P1,Validated (Supported),Supported on customer card in mobile sales booking flow.,Baseline,Operational role,P1,Restored to authored P1. The previous workbook had P0 after a keyword rebalance.,Code reviewed - confirmed,"Restored to authored P1. The previous workbook had P0 after a keyword rebalance. Code review 2026-10-04 (agent-reviewed, spot-checked): Confirmed. Snapshot returns outstanding, overdue ageing, credit limit and available credit, surfaced on customer card and invoice credit line.",ARAP,Receivables and payables,,ledgers,CONTROL,Core,Sales,Critical,High,Medium,Pilot,Cited in code,Not verified,Not verified,Not verified,Not verified,No,Built - unverified,P1,18,,,,,,backend/tests/test_a4_a5_reporting.py::test_cr060_dashboard_receivables_equals_aging_sum; backend/tests/test_a7_a8_a9_highs.py::test_cr061_aging_ignores_supplier_payment_on_sales_invoice,2026-10-04,"pytest on Postgres 17, manual run",Partial,Sales & Growth,Sales & Growth,RESTORED_TO_AUTHORED,Authored,Same task as P-0057,,,No,No,Validated (Supported),Confirmed,backend/payments/dunning.py:customer_risk_snapshot; web/src/pages/sales/Customer360Page.tsx:Customer360Page; web/src/pages/sales/creditLine.ts,"Snapshot returns outstanding, overdue ageing, credit limit and available credit, surfaced on customer card and invoice credit line."
P-0138,P,Salesperson,Reporting & Business Intelligence,Track sales performance,Salesperson,Sales Manager,Track personal monthly sales achievement against assigned sales quota and commission target,"Computes personal sales volume, order count, and gross margin contribution for the month",P2,Mechanism not found,Supported via Sales Rep Performance Leaderboard (/reports/sales-team/).,Baseline,Operational role,P2,Restored to authored P2. The previous workbook had P3 after a keyword rebalance.,Mechanism not found,"Restored to authored P2. The previous workbook had P3 after a keyword rebalance. Code review 2026-10-04 (agent-reviewed, spot-checked): Contradicted. No sales rep quota or rep-wise sales performance report.",RPT,Reporting and business intelligence,,reporting,CONTROL,Core,Sales,Medium,Medium,Low,Later,Not in code,Not verified,Not verified,Not verified,Not verified,No,Gap,P2,6,,,,,,,,,Not run,Sales & Growth,Sales & Growth,RESTORED_TO_AUTHORED,Authored,,,,No,No,Validated (Supported),Contradicted,"none found: searched sales rep, salesperson, quota, target in sales/crm/accounts models",No sales rep quota or rep-wise sales performance report.
P-0139,P,Purchase Manager,Procure-to-Pay,Create a purchase order,Purchase Manager,Supplier / Manufacturer,"Generate formal Purchase Order (PO) with negotiated rates, delivery dates, and payment credit terms","Creates PurchaseOrder document; records line items, taxes, and agreed shipping terms",P1,Validated (Supported),Supported via /purchases/orders/create with PDF export and vendor email/WhatsApp share.,Baseline,Operational role,P1,Unchanged,Code symbol found,Matched WhatsApp in product code. This is not a functional test.,P2P,Procure to pay,,purchases,RUN,Core,Buyer,Medium,Medium,Low,Pilot,Cited in code,Not verified,Not verified,Not verified,Not verified,No,Built - unverified,P1,6,,,,,,,,,Not run,Purchase Manager,Purchase Manager,UNCHANGED,Authored,,backend/purchases/models.py:PurchaseOrder,backend/tests/test_inventory_replenishment.py; backend/tests/test_supplier_price_history.py; backend/tests/tenancy/test_schema_constraints.py,No,No,,,,
P-0140,P,Purchase Manager,Procure-to-Pay,Send/order products from supplier,Purchase Manager,Supplier,Transmit approved purchase orders to vendors and track order confirmation status,Updates PO status to SENT; logs delivery commitment date and vendor acknowledgment,P1,Mechanism not found,Supported via PO status workflow (DRAFT -> APPROVED -> SENT -> CONFIRMED).,Baseline,Operational role,P1,Unchanged,Mechanism not found,"Code review 2026-10-04 (agent-reviewed, spot-checked): Contradicted. PO status choices are only DRAFT, CONVERTED, CANCELLED; no APPROVED, SENT or CONFIRMED workflow or vendor acknowledgment.",P2P,Procure to pay,,purchases,RUN,Core,Buyer,Medium,Medium,Low,Pilot,Not in code,Not verified,Not verified,Not verified,Not verified,No,Gap,P1,6,,,,,,,,,Not run,Purchase Manager,Purchase Manager,UNCHANGED,Authored,,,,No,No,Validated (Supported),Contradicted,backend/purchases/models.py:PurchaseOrder,"PO status choices are only DRAFT, CONVERTED, CANCELLED; no APPROVED, SENT or CONFIRMED workflow or vendor acknowledgment."
P-0141,P,Purchase Manager,Procure-to-Pay,Receive goods against purchase order,Purchase Manager,Supplier / Manufacturer,"Generate formal Purchase Order (PO) with negotiated rates, delivery dates, and payment credit terms","Creates PurchaseOrder document; records line items, taxes, and agreed shipping terms",P1,Validated (Supported),Supported via /purchases/orders/create with PDF export and vendor email/WhatsApp share.,Baseline,Operational role,P1,Unchanged,Code symbol found,Matched WhatsApp in product code. This is not a functional test.,P2P,Procure to pay,,purchases,RUN,Core,Buyer,Medium,Medium,Low,Pilot,Cited in code,Not verified,Not verified,Not verified,Not verified,No,Built - unverified,P1,6,,,,,,,,,Not run,Purchase Manager,Purchase Manager,UNCHANGED,Authored,,backend/purchases/models.py:PurchaseOrder,backend/tests/test_inventory_replenishment.py; backend/tests/test_supplier_price_history.py; backend/tests/tenancy/test_schema_constraints.py,No,No,,,,
P-0142,P,Purchase Manager,Procure-to-Pay,Record GRN,Purchase Manager / Godown Custodian,Supplier,"Formalize physical goods receipt note documenting actual counted quantity, batch, and condition",Increments warehouse inventory; creates physical receipt record before vendor bill arrives,P1,Partial,Supported via Goods Receipt Note (GRN) workflow in purchases app.,Baseline,Operational role,P1,Unchanged,Partial,"Code review 2026-10-04 (agent-reviewed, spot-checked): Partial. GRN records received/accepted/rejected quantities and posts stock on completion, but has no batch field and always posts batch=None.",P2P,Procure to pay,,purchases,RUN,Core,Buyer,Medium,Medium,Low,Pilot,Partial,Not verified,Not verified,Not verified,Not verified,No,Built - partial,P1,6,,,,,,,,,Not run,Purchase Manager,Purchase Manager,UNCHANGED,Authored,,,,No,No,Validated (Supported),Partial,backend/purchases/models.py:GoodsReceiptItem; backend/purchases/grn_service.py:GoodsReceiptService,"GRN records received/accepted/rejected quantities and posts stock on completion, but has no batch field and always posts batch=None."
P-0143,P,Purchase Manager,Procure-to-Pay,Compare ordered versus received quantities,Purchase Manager,Supplier,"Detect short-shipments, excess shipments, or back-orders against original purchase order",Calculates line-by-line quantity variance; keeps PO partially open if balance remains,P1,Partial,Automated 2-way matching in GRN/Purchase intake interface.,Baseline,Operational role,P1,Unchanged,Partial,"Code review 2026-10-04 (agent-reviewed, spot-checked): Partial. Only a per-supplier/product fill-rate and over-receipt figure exists; no line-by-line variance and the PO is never kept partially open.",P2P,Procure to pay,,purchases,RUN,Core,Buyer,Medium,Medium,Low,Pilot,Partial,Not verified,Not verified,Not verified,Not verified,No,Built - partial,P1,6,,,,,,,,,Not run,Purchase Manager,Purchase Manager,UNCHANGED,Authored,,,,No,No,Validated (Supported),Partial,backend/purchases/reliability.py:supply_metrics,Only a per-supplier/product fill-rate and over-receipt figure exists; no line-by-line variance and the PO is never kept partially open.
P-0144,P,Purchase Manager,Inventory Lifecycle,Record damaged/short stock,Purchase Manager / Godown Custodian,Supplier,"Document transit breakage, shortages, or defective goods for debit note recovery",Logs damaged quantity on GRN; routes damaged items to quarantine; triggers supplier claim,P1,Partial,Supported via GRN rejection / damage line items with photo attachment.,Baseline,Operational role,P1,Unchanged,Partial,"Code review 2026-10-04 (agent-reviewed, spot-checked): Partial. Damaged condition exists on purchase returns and writes stock off via ADJUSTMENT; no GRN damage lines, quarantine bin or supplier claim.",INV,Inventory lifecycle,,inventory,RUN,Core,Buyer,High,High,Low,Pilot,Partial,Not verified,Not verified,Not verified,Not verified,No,Built - partial,P1,9,,,,,,,,,Not run,Purchase Manager,Purchase Manager,UNCHANGED,Authored,,,,No,No,Validated (Supported),Partial,backend/purchases/services.py:PurchaseReturnItem; backend/purchases/models.py:PurchaseReturnItem,"Damaged condition exists on purchase returns and writes stock off via ADJUSTMENT; no GRN damage lines, quarantine bin or supplier claim."
P-0145,P,Purchase Manager,Procure-to-Pay,Update supplier invoice,Purchase Manager / Accountant,Supplier,"Enter final vendor tax invoice, matching line rates, GST, and extra freight charges against PO",Completes PurchaseInvoice; updates Accounts Payable and finalizes inventory valuation,P1,Partial,Supported via /purchases/invoices/ with PO matching and 3-way reconciliation.,Baseline,Operational role,P1,Unchanged,Partial,"Code review 2026-10-04 (agent-reviewed, spot-checked): Partial. Purchase invoice with GST and charges exists and GRN converts to a bill, but no PO-to-invoice matching or 3-way reconciliation was found.",P2P,Procure to pay,,purchases,RUN,Core,Buyer,Medium,Medium,Low,Pilot,Partial,Not verified,Not verified,Not verified,Not verified,No,Built - partial,P1,6,,,,,,,,,Not run,Purchase Manager,Accountant / Finance,UNCHANGED,Authored,,backend/purchases/models.py:PurchaseInvoice,backend/tests/test_a03_preview.py; backend/tests/test_a11_a12_stock_cost.py; backend/tests/test_a13_a14_reporting_sales.py,No,No,Validated (Supported),Partial,backend/purchases/models.py:PurchaseInvoice; backend/purchases/grn_service.py:GoodsReceiptService,"Purchase invoice with GST and charges exists and GRN converts to a bill, but no PO-to-invoice matching or 3-way reconciliation was found."
P-0146,P,Purchase Manager,Receivables & Payables,Track supplier outstanding,Purchase Manager,Accounts Payable Munshi,Monitor company liabilities to suppliers to ensure on-time settlement and preserve credit terms,"Displays total payables, due dates, and aging buckets across all active vendors",P1,Validated (Supported),Supported via Supplier Payables Aging Dashboard (/purchases/suppliers/).,Baseline,Operational role,P1,Unchanged,Code reviewed - confirmed,"Code review 2026-10-04 (agent-reviewed, spot-checked): Confirmed. Total payables, 7-day due alert and payables ageing buckets exist across suppliers.",ARAP,Receivables and payables,,ledgers,CONTROL,Core,Buyer,Critical,High,Medium,Pilot,Cited in code,Not verified,Not verified,Not verified,Not verified,No,Built - unverified,P1,18,,,,,,,,,Not run,Purchase Manager,Purchase Manager,UNCHANGED,Authored,Duplicate of P-0028; Same task as P-0028,,,No,No,Validated (Supported),Confirmed,backend/reporting/services.py:ReportService; backend/insights/alerts.py:_ap; backend/ledgers/views.py:SupplierLedgerListView,"Total payables, 7-day due alert and payables ageing buckets exist across suppliers."
P-0147,P,Purchase Manager,Procure-to-Pay,Identify best-priced suppliers,Purchase Manager,None,Compare historical purchase prices across multiple vendors for the same raw material or SKU,Analyzes historical purchase bills; highlights supplier offering lowest landed cost,P2,Partial,Supported via Vendor Price Comparison Matrix report (/reports/vendor-rates/).,Baseline,Operational role,P2,Restored to authored P2. The previous workbook had P3 after a keyword rebalance.,Partial,"Restored to authored P2. The previous workbook had P3 after a keyword rebalance. Code review 2026-10-04 (agent-reviewed, spot-checked): Partial. Price history exists per one supplier and product; no cross-vendor comparison matrix or landed-cost ranking.",P2P,Procure to pay,,purchases,RUN,Core,Buyer,Medium,Medium,Low,Later,Partial,Not verified,Not verified,Not verified,Not verified,No,Built - partial,P2,6,,,,,,,,,Not run,Purchase Manager,Purchase Manager,RESTORED_TO_AUTHORED,Authored,,,,No,No,Validated (Supported),Partial,backend/purchases/views.py:PurchaseOrderItem; backend/purchases/reliability.py:last_completed_purchase_rate,Price history exists per one supplier and product; no cross-vendor comparison matrix or landed-cost ranking.
P-0148,P,Purchase Manager,Procure-to-Pay,Review supplier performance,Purchase Manager,Business Owner,"Evaluate vendors on delivery punctuality, order fill rate, and quality rejection percentage","Computes vendor score: on-time delivery %, fill rate %, defect %, and price stability",P2,Partial,Supported via Supplier Performance Scorecard (/purchases/vendor-metrics/).,Baseline,Operational role,P2,Restored to authored P2. The previous workbook had P3 after a keyword rebalance.,Partial,"Restored to authored P2. The previous workbook had P3 after a keyword rebalance. Code review 2026-10-04 (agent-reviewed, spot-checked): Partial. Lead time and fill rate exist; no on-time %, defect %, price stability or vendor score (docstring says no score).",P2P,Procure to pay,,purchases,RUN,Core,Buyer,Medium,Medium,Low,Later,Partial,Not verified,Not verified,Not verified,Not verified,No,Built - partial,P2,6,,,,,,,,,Not run,Purchase Manager,Purchase Manager,RESTORED_TO_AUTHORED,Authored,,,,No,No,Validated (Supported),Partial,backend/purchases/reliability.py:supply_metrics,"Lead time and fill rate exist; no on-time %, defect %, price stability or vendor score (docstring says no score)."
P-0149,P,Inventory Manager,Inventory Lifecycle,View current inventory,Inventory Manager,Godown Staff,"Comprehensive view of current on-hand, committed, and available stock across all product lines","Displays real-time stock balances, warehouse distribution, reorder levels, and valuation",P0,Validated (Supported),Supported via /inventory/ with multi-warehouse filters and instant SKU search.,Baseline,Operational role,P0,Unchanged,Code reviewed - confirmed,"Code review 2026-10-04 (agent-reviewed, spot-checked): Confirmed. Stock page shows on-hand, reserved, available, reorder level with warehouse filter and search; valuation is a separate report.",INV,Inventory lifecycle,,inventory,RUN,Core,Stock,High,High,Low,MVP,Cited in code,Not verified,Not verified,Not verified,Not verified,No,Built - unverified,P0,9,,,,,,backend/tests/test_stock_flow.py::test_available_equals_on_hand_minus_reserved; backend/tests/test_stock_flow.py::test_low_stock_alerts,2026-10-04,"pytest on Postgres 17, manual run",Partial,Inventory / Warehouse,Inventory / Warehouse,UNCHANGED,Authored,,,,No,No,Validated (Supported),Confirmed,web/src/pages/inventory/CurrentStockPage.tsx:CurrentStockPage; backend/inventory/serializers.py:StockBalanceSerializer; backend/inventory/views.py:StockBalanceViewSet,"Stock page shows on-hand, reserved, available, reorder level with warehouse filter and search; valuation is a separate report."
P-0150,P,Inventory Manager,Inventory Lifecycle,Receive stock,Inventory Manager / Custodian,Supplier,Authorize and record physical stock inwarding from supplier deliveries or internal transfers,Generates StockMovement (INWARD_PURCHASE); updates warehouse inventory ledger,P1,Validated (Supported),Supported via Goods Receipt and Purchase completion flows.,Baseline,Operational role,P1,Unchanged,Code reviewed - confirmed,"Code review 2026-10-04 (agent-reviewed, spot-checked): Confirmed. Purchase completion posts a PURCHASE movement and updates the warehouse balance.",INV,Inventory lifecycle,,inventory,RUN,Core,Stock,High,High,Low,Pilot,Cited in code,Not verified,Not verified,Not verified,Not verified,No,Built - unverified,P1,9,,,,,,,,,Not run,Inventory / Warehouse,Inventory / Warehouse,UNCHANGED,Authored,,backend/inventory/models.py:StockMovement,backend/tests/test_a10_period_centralization.py; backend/tests/test_a11_a12_stock_cost.py; backend/tests/test_a6_manual_serial_return.py,No,No,Validated (Supported),Confirmed,backend/inventory/services.py:post_movement; backend/purchases/services.py:MovementType; backend/inventory/models.py:StockMovement,Purchase completion posts a PURCHASE movement and updates the warehouse balance.
P-0151,P,Inventory Manager,Multi-Godown / Multi-Store,Transfer stock,Inventory Manager,Godown Keepers,"Direct and authorize movement of stock between storage godowns, packing areas, or retail floors",Creates and dispatches StockTransfer; adjusts source and destination ledger balances,P1,Partial,Supported via /inventory/transfers/ with transfer challan generation.,Baseline,Operational role,P1,Unchanged,Partial,"Code review 2026-10-04 (agent-reviewed, spot-checked): Partial. Completing a transfer posts TRANSFER_OUT and TRANSFER_IN; no transfer challan generation or distinct dispatch step found.",WH,Multi-godown and multi-store,,inventory,RUN,Core,Stock,Medium,Medium,Low,Pilot,Partial,Not verified,Not verified,Not verified,Not verified,No,Built - partial,P1,6,,,,,,,,,Not run,Inventory / Warehouse,Inventory / Warehouse,UNCHANGED,Authored,,backend/inventory/models.py:StockTransfer,backend/tests/test_a10_period_centralization.py; backend/tests/test_a11_a12_stock_cost.py; backend/tests/test_phase4_inventory.py,No,No,Validated (Supported),Partial,backend/inventory/services.py:StockTransferService; backend/inventory/models.py:StockTransfer,Completing a transfer posts TRANSFER_OUT and TRANSFER_IN; no transfer challan generation or distinct dispatch step found.
P-0152,P,Inventory Manager,Inventory Lifecycle,Adjust stock with authorization,Inventory Manager,Business Owner / Auditor,"Make formal manual stock adjustments for shrinkage, breakage, or opening stock corrections",Requires manager authorization; writes StockMovement (COUNT_ADJUSTMENT) with mandatory reason,P0,Partial,"Supported via /inventory/adjustments/ with dual-approval requirement. | Decision 2026-10-04 (delegated, quality-first): Build in MVP (2 days). Dual approval for stock adjustments above a threshold, on the approval queue. | Truth 2026-10-05 (WI-026): Built.  Value and percent thresholds, configurable via company flags, route large adjustments to the approval queue with tests.",Baseline,Operational role,P0,Unchanged,Partial,"Code review 2026-10-04 (agent-reviewed, spot-checked): Partial. Adjustment needs a mandatory reason and inventory-manage permission and posts ADJUSTMENT; no dual-approval workflow.",INV,Inventory lifecycle,,inventory,RUN,Core,Stock,High,High,Low,MVP,Partial,Not verified,Not verified,Not verified,Not verified,No,Built - tested,P0,9,,,2,,,backend/tests/test_stock_flow.py::test_manual_adjustment_and_permissions; backend/tests/test_stock_flow.py::test_manual_adjustment_respects_negative_stock_policy; backend/tests/test_planwave_remaining.py::test_large_stock_adjustment_waits_for_a_second_user; backend/tests/test_planwave_remaining.py::test_approvals_reject_self_and_expired_tokens; backend/tests/test_code_review_2026_10_05.py::test_an_adjustment_on_zero_stock_needs_a_second_person,2026-10-05,pytest full suite on SQLite (agent run 2026-10-05); human review pending,Pass,Inventory / Warehouse,Inventory / Warehouse,UNCHANGED,Authored,,backend/inventory/models.py:StockMovement; backend/planwave/services.py:stock_adjustment_needs_second; backend/inventory/views.py; backend/planwave/services.py:consume_stock_approval,backend/tests/test_a10_period_centralization.py; backend/tests/test_a11_a12_stock_cost.py; backend/tests/test_a6_manual_serial_return.py,No,No,Validated (Supported),Partial,backend/inventory/views.py:AdjustmentView; backend/inventory/serializers.py:AdjustmentSerializer,Adjustment needs a mandatory reason and inventory-manage permission and posts ADJUSTMENT; no dual-approval workflow.
P-0153,P,Inventory Manager,Inventory Lifecycle,Record damaged stock,Inventory Manager,Scrap Dealer / Insurance Adjuster,Record and isolate damaged or spoiled goods into designated non-saleable bin,Transfers items out of active saleable stock into damaged holding; logs write-off value,P1,Validated (Supported),Supported via StockAdjustment with reason code 'DAMAGED_WRITE_OFF'.,Baseline,Operational role,P1,Unchanged,Code symbol found,Matched StockAdjustment in product code. This is not a functional test.,INV,Inventory lifecycle,,inventory,RUN,Core,Stock,High,High,Low,Pilot,Cited in code,Not verified,Not verified,Not verified,Not verified,No,Built - unverified,P1,9,,,,,,,,,Not run,Inventory / Warehouse,Inventory / Warehouse,UNCHANGED,Authored,Same task as P-0072,,,No,No,,,,
P-0154,P,Inventory Manager,Returns / Complaints / After-Sales,Record returned stock,Inventory Manager,Billing Team,"Process incoming customer returns, inspect package integrity, and return to saleable bins","Verifies returned goods, updates StockBalance (RETURN_INWARD), tags condition",P1,Validated (Supported),Supported via SalesReturn inspection step with inventory restoration toggle.,Baseline,Operational role,P1,Unchanged,Code symbol found,Matched SalesReturn in product code. This is not a functional test.,RET,"Returns, complaints, and after-sales",,sales,RUN,Core,Stock,Medium,Medium,Low,Pilot,Cited in code,Not verified,Not verified,Not verified,Not verified,No,Built - unverified,P1,6,,,,,,,,,Not run,Inventory / Warehouse,Inventory / Warehouse,UNCHANGED,Authored,Same task as P-0073,backend/inventory/models.py:StockBalance; backend/sales/models.py:SalesReturn,backend/tests/test_a11_a12_stock_cost.py; backend/tests/test_a4_a5_reporting.py; backend/tests/test_a6_manual_serial_return.py,No,No,,,,
P-0155,P,Inventory Manager,Inventory Lifecycle,Perform stock count,Inventory Manager,Counting Staff,Conduct scheduled physical inventory audits using barcode scanners or mobile tally sheets,Initializes StockCountSession; captures scanned counts against frozen snapshot,P1,Partial,Supported via /inventory/stock-counts/ with blind counting and scanner support.,Baseline,Operational role,P1,Unchanged,Partial,"Code review 2026-10-04 (agent-reviewed, spot-checked): Partial. Sessions snapshot system quantity and capture counts; no blind counting or scanner support found.",INV,Inventory lifecycle,,inventory,RUN,Core,Stock,High,High,Low,Pilot,Partial,Not verified,Not verified,Not verified,Not verified,No,Built - partial,P1,9,,,,,,,,,Not run,Inventory / Warehouse,Inventory / Warehouse,UNCHANGED,Authored,,backend/inventory/models.py:StockCountSession,backend/tests/test_c01_godown.py; backend/tests/personas/test_pj_stock_audit_and_adjustments.py,No,No,Validated (Supported),Partial,backend/inventory/models.py:StockCountSession; backend/inventory/models.py:StockCountLine; backend/inventory/views.py:StockCountSessionViewSet,Sessions snapshot system quantity and capture counts; no blind counting or scanner support found.
P-0156,P,Inventory Manager,Inventory Lifecycle,Reconcile physical versus system stock,Inventory Manager,Accountant,Compare actual physical count against system book balance to uncover stock variances,"Generates Variance Ledger detailing overages, shortages, and net financial discrepancy",P1,Validated (Supported),Supported via StockCountSession discrepancy analysis dashboard.,Baseline,Operational role,P1,Unchanged,Code symbol found,Matched StockCountSession in product code. This is not a functional test.,INV,Inventory lifecycle,,inventory,RUN,Core,Stock,High,High,Low,Pilot,Cited in code,Not verified,Not verified,Not verified,Not verified,No,Built - unverified,P1,9,,,,,,,,,Not run,Inventory / Warehouse,Inventory / Warehouse,UNCHANGED,Authored,,backend/inventory/models.py:StockCountSession,backend/tests/test_c01_godown.py; backend/tests/personas/test_pj_stock_audit_and_adjustments.py,No,No,,,,
P-0157,P,Inventory Manager,Inventory Lifecycle,Track batch/serial numbers,Inventory Manager,Customer Service,Track complete movement history of individual serial numbers or manufacturer batch lots,Maintains comprehensive lifecycle history: origin PO -> godown -> transfer -> sales invoice,P1,Partial,Supported via Serial/Batch Traceability Explorer (/inventory/traceability/).,Baseline,Operational role,P1,Unchanged,Partial,"Code review 2026-10-04 (agent-reviewed, spot-checked): Partial. Serial and batch registers with status exist; no lifecycle history explorer from PO through transfer to invoice.",INV,Inventory lifecycle,,inventory,RUN,Core,Stock,High,High,Low,Pilot,Partial,Not verified,Not verified,Not verified,Not verified,No,Built - partial,P1,9,,,,,,,,,Not run,Inventory / Warehouse,Inventory / Warehouse,UNCHANGED,Authored,,,,No,No,Validated (Supported),Partial,backend/inventory/models.py:SerialNumber; backend/inventory/views.py:SerialNumberViewSet; backend/inventory/models.py:BatchLot,Serial and batch registers with status exist; no lifecycle history explorer from PO through transfer to invoice.
P-0158,P,Inventory Manager,Inventory Lifecycle,Track expiry,Inventory Manager,Sales Team,Enforce First-Expiry-First-Out (FEFO) rules and track impending shelf-life expirations,Sorts available batches by expiry date; restricts allocation of expiring lots,P0,Validated (Supported),Core system invariant: FEFO auto-selection in warehouse picking and billing.,Baseline,Operational role,P0,Unchanged,Code reviewed - confirmed,"Code review 2026-10-04 (agent-reviewed, spot-checked): Confirmed. Available batches are ordered by expiry and sales allocation uses them; expired lots are excluded when blocking is on.",INV,Inventory lifecycle,,inventory,RUN,Core,Stock,High,High,Low,MVP,Cited in code,Not verified,Not verified,Not verified,Not verified,No,Built - tested,P0,9,,,,,,backend/tests/test_phase4_inventory.py::test_fefo_orders_earliest_expiry_first; backend/tests/test_phase4_inventory.py::test_sale_allocates_unselected_tracked_batch_by_fefo,2026-10-04,"pytest on Postgres 17, manual run",Pass,Inventory / Warehouse,Inventory / Warehouse,UNCHANGED,Authored,,,,No,No,Validated (Supported),Confirmed,backend/inventory/services.py:fefo_batches; backend/sales/services.py:fefo_batches; backend/inventory/services.py:reserve_stock,Available batches are ordered by expiry and sales allocation uses them; expired lots are excluded when blocking is on.
P-0159,P,Inventory Manager,Inventory Lifecycle,Calculate inventory valuation,Inventory Manager,Accountant / Auditor,Calculate total balance sheet inventory value based on FIFO cost layers,Computes total asset value: SUM(Stock Layer Quantity * Layer Unit Cost),P2,Validated (Supported),Supported via Inventory Valuation Ledger (/reports/inventory-valuation/).,Baseline,Operational role,P2,Restored to authored P2. The previous workbook had P3 after a keyword rebalance.,Code reviewed - confirmed,"Restored to authored P2. The previous workbook had P3 after a keyword rebalance. Code review 2026-10-04 (agent-reviewed, spot-checked): Confirmed. Valuation endpoint sums remaining FIFO cost layers when the company method is FIFO.",INV,Inventory lifecycle,,inventory,RUN,Core,Stock,High,High,Low,Later,Cited in code,Not verified,Not verified,Not verified,Not verified,No,Built - unverified,P2,9,,,,,,,,,Not run,Inventory / Warehouse,Inventory / Warehouse,RESTORED_TO_AUTHORED,Authored,,,,No,No,Validated (Supported),Confirmed,backend/inventory/services.py:InventoryValuationService; backend/inventory/views.py:StockValuationReportView; backend/inventory/models.py:InventoryCostLayer,Valuation endpoint sums remaining FIFO cost layers when the company method is FIFO.
P-0160,P,Inventory Manager,Inventory Lifecycle,Investigate stock discrepancies,Inventory Manager,Security / Store Auditor,"Drill into transaction logs to uncover root cause of missing stock (theft, unbilled dispatch, count error)","Replays all inward, outward, and transfer movements chronologically for disputed SKU",P1,Partial,Supported via SKU Timeline Explorer with audit trail log.,Baseline,Operational role,P1,Unchanged,Partial,"Code review 2026-10-04 (agent-reviewed, spot-checked): Partial. Movements API allows replay by product and warehouse; no dedicated SKU timeline explorer in web.",INV,Inventory lifecycle,,inventory,RUN,Core,Stock,High,High,Low,Pilot,Partial,Not verified,Not verified,Not verified,Not verified,No,Built - partial,P1,9,,,,,,,,,Not run,Inventory / Warehouse,Inventory / Warehouse,UNCHANGED,Authored,,,,No,No,Validated (Supported),Partial,backend/inventory/views.py:StockMovementViewSet; backend/inventory/models.py:StockMovement,Movements API allows replay by product and warehouse; no dedicated SKU timeline explorer in web.
P-0161,P,Inventory Manager,Inventory Lifecycle,Review inventory movement history,Inventory Manager,Auditor,Audit chronological log of every stock increment and decrement across the company,"Queries immutable StockMovement table with filters for movement type, user, and date",P1,Partial,Supported via /inventory/movements/ with export to Excel/CSV.,Baseline,Operational role,P1,Unchanged,Partial,"Code review 2026-10-04 (agent-reviewed, spot-checked): Partial. Immutable movement table with product, type, warehouse filters exists; no user or date filters and no Excel/CSV export found.",INV,Inventory lifecycle,,inventory,RUN,Core,Stock,High,High,Low,Pilot,Partial,Not verified,Not verified,Not verified,Not verified,No,Built - partial,P1,9,,,,,,,,,Not run,Inventory / Warehouse,Inventory / Warehouse,UNCHANGED,Authored,,backend/inventory/models.py:StockMovement,backend/tests/test_a10_period_centralization.py; backend/tests/test_a11_a12_stock_cost.py; backend/tests/test_a6_manual_serial_return.py,No,No,Validated (Supported),Partial,backend/inventory/views.py:StockMovementViewSet; backend/inventory/models.py:StockMovement,"Immutable movement table with product, type, warehouse filters exists; no user or date filters and no Excel/CSV export found."
P-0162,P,Customer,Customer-to-Cash,Receive invoice,Customer,Counter Billing Clerk,"Receive transparent, itemized invoice via paper print, SMS link, or WhatsApp message","Provides proof of purchase, warranty record, and tax breakdown for input tax credit",P1,Validated (Supported),Supported via digital invoice web view and WhatsApp share link.,Baseline,Operational role,P1,Unchanged,Code symbol found,Matched WhatsApp in product code. This is not a functional test.,C2C,Customer to cash,,sales,RUN,Core,External party,Medium,Medium,Low,Pilot,Cited in code,Not verified,Not verified,Not verified,Not verified,No,Built - unverified,P1,6,,,,,,,,,Not run,External Party (Customer / Supplier),External Party (Customer / Supplier),UNCHANGED,Authored,,,,No,No,,,,
P-0163,P,Customer,Sales / CRM / Customer Lifecycle,View purchase history,Customer,Salesperson,"Review past orders, reorder previous items, and track order fulfillment status",Accesses self-service customer ledger or order summary link,P2,Partial,Supported via Customer Portal / shared statement link.,Baseline,Operational role,P2,Restored to authored P2. The previous workbook had P3 after a keyword rebalance.,Partial,"Restored to authored P2. The previous workbook had P3 after a keyword rebalance. Code review 2026-10-04 (agent-reviewed, spot-checked): Partial. Portal link lists only open receivable invoices with outstanding and pay link; no past orders, reorder or fulfillment status.",CRM,Sales and CRM lifecycle,,crm,GROW,Core,External party,Medium,Medium,Low,Later,Partial,Not verified,Not verified,Not verified,Not verified,No,Built - partial,P2,6,,,,,,,,,Not run,External Party (Customer / Supplier),External Party (Customer / Supplier),RESTORED_TO_AUTHORED,Authored,,,,No,No,Validated (Supported),Partial,backend/payments/portal_views.py:CustomerPortalView,"Portal link lists only open receivable invoices with outstanding and pay link; no past orders, reorder or fulfillment status."
P-0164,P,Customer,Receivables & Payables,Receive dues information,Customer,Accountant / Cashier,"Receive clear, polite payment reminders showing total unpaid credit balance and due date",Displays list of outstanding invoices with embedded UPI quick-payment link,P1,Validated (Supported),Supported via Automated WhatsApp payment reminder engine.,Baseline,Operational role,P1,Unchanged,Code symbol found,Matched WhatsApp in product code. This is not a functional test.,ARAP,Receivables and payables,,ledgers,CONTROL,Core,External party,Critical,High,Medium,Pilot,Cited in code,Not verified,Not verified,Not verified,Not verified,No,Built - unverified,P1,18,,,,,,,,,Not run,External Party (Customer / Supplier),External Party (Customer / Supplier),UNCHANGED,Authored,,,,No,No,,,,
P-0165,P,Customer,Payments & Reconciliation,Make payment,Customer,Cashier / Payment Gateway,"Pay outstanding balance easily via Cash, UPI QR, Debit/Credit Card, or NetBanking",Generates immediate payment receipt; reduces customer outstanding balance in real time,P1,Validated (Supported),Supported via dynamic UPI QR on POS and online payment link.,Baseline,Operational role,P1,Unchanged,Code reviewed - confirmed,"Code review 2026-10-04 (agent-reviewed, spot-checked): Confirmed. Payment links and UPI QR collect payment and receipts allocate against invoices, reducing outstanding.",PAYREC,Payments and reconciliation,,payments,RUN,Core,External party,High,High,Low,Pilot,Cited in code,Not verified,Not verified,Not verified,Not verified,No,Built - unverified,P1,9,,,,,,,,,Not run,External Party (Customer / Supplier),External Party (Customer / Supplier),UNCHANGED,Authored,,,,No,No,Validated (Supported),Confirmed,backend/payments/models.py:PaymentLink; backend/payments/upi.py:upi_qr_fields; backend/payments/services.py:create_receipt,"Payment links and UPI QR collect payment and receipts allocate against invoices, reducing outstanding."
P-0166,P,Customer,Returns / Complaints / After-Sales,Request return,Customer,Customer Support / Clerk,"Initiate return request for defective, damaged, or wrongly supplied products",Generates return request ticket; captures reason and invoice reference,P1,Validated (Supported),Supported via SalesReturn draft initiation with invoice lookup.,Baseline,Operational role,P1,Unchanged,Code symbol found,Matched SalesReturn in product code. This is not a functional test.,RET,"Returns, complaints, and after-sales",,sales,RUN,Core,External party,Medium,Medium,Low,Pilot,Cited in code,Not verified,Not verified,Not verified,Not verified,No,Built - unverified,P1,6,,,,,,,,,Not run,External Party (Customer / Supplier),External Party (Customer / Supplier),UNCHANGED,Authored,,backend/sales/models.py:SalesReturn,backend/tests/test_cft_checklist.py; backend/tests/test_concurrency_races.py; backend/tests/test_fmea2_wave.py,No,No,,,,
P-0167,P,Customer,Returns / Complaints / After-Sales,Request replacement,Customer,Store Clerk,Request exchange of damaged product for a fresh replacement unit,Links return voucher with replacement sales order; balances financial difference,P2,Mechanism not found,Supported via Return & Exchange workflow in POS interface.,Baseline,Operational role,P2,Restored to authored P2. The previous workbook had P3 after a keyword rebalance.,Mechanism not found,"Restored to authored P2. The previous workbook had P3 after a keyword rebalance. Code review 2026-10-04 (agent-reviewed, spot-checked): Contradicted. No replacement or exchange workflow linking a return to a replacement order.",RET,"Returns, complaints, and after-sales",,sales,RUN,Core,External party,Medium,Medium,Low,Later,Not in code,Not verified,Not verified,Not verified,Not verified,No,Gap,P2,6,,,,,,,,,Not run,External Party (Customer / Supplier),External Party (Customer / Supplier),RESTORED_TO_AUTHORED,Authored,,,,No,No,Validated (Supported),Contradicted,"none found: searched replacement, exchange in backend/sales and web/src/pages/pos",No replacement or exchange workflow linking a return to a replacement order.
P-0168,P,Customer,Receivables & Payables,View outstanding balance,Customer,Store Owner,Verify running khata statement to confirm payments have been correctly credited,"Generates statement showing all historical purchases, payments, and running balance",P2,Validated (Supported),Supported via Customer Statement PDF export and WhatsApp share.,Baseline,Operational role,P2,Restored to authored P2. The previous workbook had P3 after a keyword rebalance.,Code symbol found,Matched WhatsApp in product code. This is not a functional test. Restored to authored P2. The previous workbook had P3 after a keyword rebalance.,ARAP,Receivables and payables,,ledgers,CONTROL,Core,External party,Critical,High,Medium,Later,Cited in code,Not verified,Not verified,Not verified,Not verified,No,Built - unverified,P2,18,,,,,,,,,Not run,External Party (Customer / Supplier),External Party (Customer / Supplier),RESTORED_TO_AUTHORED,Authored,,,,No,No,,,,
P-0169,P,Customer,Customer-to-Cash,Receive order/status updates,Customer,Delivery Driver,"Receive SMS or WhatsApp notifications when order is confirmed, packed, dispatched, and delivered",Maintains customer transparency and reduces inbound status inquiry calls,P2,Validated (Supported),Supported via automated order event webhook and WhatsApp status triggers.,Baseline,Operational role,P2,Restored to authored P2. The previous workbook had P3 after a keyword rebalance.,Code symbol found,Matched WhatsApp in product code. This is not a functional test. Restored to authored P2. The previous workbook had P3 after a keyword rebalance.,C2C,Customer to cash,,sales,RUN,Core,External party,Medium,Medium,Low,Later,Cited in code,Not verified,Not verified,Not verified,Not verified,No,Built - unverified,P2,6,,,,,,,,,Not run,External Party (Customer / Supplier),External Party (Customer / Supplier),RESTORED_TO_AUTHORED,Authored,,,,No,No,,,,
P-0170,P,Supplier,Procure-to-Pay,Receive purchase/order information,Supplier / Vendor,Purchase Manager,"Receive structured purchase order detailing required SKUs, quantities, and delivery timeframe",Provides binding commercial order for manufacturer or distributor fulfillment,P1,Validated (Supported),Supported via PO PDF generation and automated email/WhatsApp dispatch.,Baseline,Operational role,P1,Unchanged,Code symbol found,Matched WhatsApp in product code. This is not a functional test.,P2P,Procure to pay,,purchases,RUN,Core,External party,Medium,Medium,Low,Pilot,Cited in code,Not verified,Not verified,Not verified,Not verified,No,Built - unverified,P1,6,,,,,,,,,Not run,External Party (Customer / Supplier),External Party (Customer / Supplier),UNCHANGED,Authored,,,,No,No,,,,
P-0171,P,Supplier,Procure-to-Pay,Provide invoice,Supplier,Purchase Manager / Accountant,Submit tax invoice and delivery challan accompanying physical shipment,Serves as legal basis for buyer's inventory intake and Input Tax Credit (ITC) claim,P1,Validated (Supported),Supported via Supplier Bill intake and OCR/LLM document extraction (/purchases/upload/).,Baseline,Operational role,P1,Unchanged,Code reviewed - confirmed,"Code review 2026-10-04 (agent-reviewed, spot-checked): Confirmed. Purchase bill upload with OCR/LLM extraction into a draft invoice exists; invoice carries ITC eligibility.",P2P,Procure to pay,,purchases,RUN,Core,External party,Medium,Medium,Low,Pilot,Cited in code,Not verified,Not verified,Not verified,Not verified,No,Built - unverified,P1,6,,,,,,,,,Not run,External Party (Customer / Supplier),External Party (Customer / Supplier),UNCHANGED,Authored,,,,No,No,Validated (Supported),Confirmed,backend/core/services/llm.py:extract_purchase_bill; backend/imports/tasks.py:extract_purchase_bill_task; backend/purchases/models.py:PurchaseInvoice,Purchase bill upload with OCR/LLM extraction into a draft invoice exists; invoice carries ITC eligibility.
P-0172,P,Supplier,Receivables & Payables,Track payment status,Supplier,In-house Accountant,"Verify payment remittance status, UTR numbers, and TDS certificates",Reduces payment disputes; provides payment advice referencing paid invoices,P2,Partial,Supported via Payment Advice generation and supplier statement export.,Baseline,Operational role,P2,Restored to authored P2. The previous workbook had P3 after a keyword rebalance.,Partial,"Restored to authored P2. The previous workbook had P3 after a keyword rebalance. Code review 2026-10-04 (agent-reviewed, spot-checked): Partial. Supplier payments store UTR and TDS and a supplier statement exists; no payment advice document or TDS certificate generation found.",ARAP,Receivables and payables,,ledgers,CONTROL,Core,External party,Critical,High,Medium,Later,Partial,Not verified,Not verified,Not verified,Not verified,No,Built - partial,P2,18,,,,,,,,,Not run,External Party (Customer / Supplier),External Party (Customer / Supplier),RESTORED_TO_AUTHORED,Authored,,,,No,No,Validated (Supported),Partial,backend/payments/models.py:SupplierPayment; backend/ledgers/services.py:LedgerService,Supplier payments store UTR and TDS and a supplier statement exists; no payment advice document or TDS certificate generation found.
P-0173,P,Supplier,Receivables & Payables,View outstanding amount,Supplier,Credit Controller,Reconcile trade receivables against buyer's records to resolve balance discrepancies,Generates supplier ledger statement matching buyer's Accounts Payable against supplier's AR,P2,Validated (Supported),Supported via /purchases/suppliers/{id}/statement/ export.,Baseline,Operational role,P2,Restored to authored P2. The previous workbook had P3 after a keyword rebalance.,Code reviewed - confirmed,"Restored to authored P2. The previous workbook had P3 after a keyword rebalance. Code review 2026-10-04 (agent-reviewed, spot-checked): Confirmed. Supplier ledger statement with running balance and outstanding is available for reconciling with supplier records.",ARAP,Receivables and payables,,ledgers,CONTROL,Core,External party,Critical,High,Medium,Later,Cited in code,Not verified,Not verified,Not verified,Not verified,No,Built - unverified,P2,18,,,,,,,,,Not run,External Party (Customer / Supplier),External Party (Customer / Supplier),RESTORED_TO_AUTHORED,Authored,,,,No,No,Validated (Supported),Confirmed,backend/ledgers/views.py:SupplierLedgerDetailView; backend/ledgers/services.py:LedgerService,Supplier ledger statement with running balance and outstanding is available for reconciling with supplier records.
P-0174,P,Supplier,Returns / Complaints / After-Sales,Handle purchase returns,Supplier,Purchase Manager,Accept returned defective or expired goods and issue corresponding credit note,Matches buyer's PurchaseDebitNote; adjusts supplier's outstanding ledger balance,P1,Validated (Supported),Supported via PurchaseDebitNote reconciliation workflow.,Baseline,Operational role,P1,Unchanged,Code symbol found,Matched PurchaseDebitNote in product code. This is not a functional test.,RET,"Returns, complaints, and after-sales",,sales,RUN,Core,External party,Medium,Medium,Low,Pilot,Cited in code,Not verified,Not verified,Not verified,Not verified,No,Built - unverified,P1,6,,,,,,,,,Not run,External Party (Customer / Supplier),External Party (Customer / Supplier),UNCHANGED,Authored,,backend/purchases/models.py:PurchaseDebitNote,backend/tests/test_a11_a12_stock_cost.py; backend/tests/test_phase6_insights.py; backend/tests/test_supplier_complaints.py,No,No,,,,
P-0175,P,Supplier,Procure-to-Pay,Resolve invoice discrepancies,Supplier,In-house Accountant,"Resolve billing discrepancies regarding rates, discounts, freight charges, or tax amounts",Enables line-item adjustment and supplementary credit/debit note matching,P1,Partial,Supported via Purchase Invoice revision / discrepancy resolution interface.,Baseline,Operational role,P1,Unchanged,Partial,"Code review 2026-10-04 (agent-reviewed, spot-checked): Partial. Credit/debit notes and completed-invoice price amendment exist, but no dedicated discrepancy-resolution workflow.",P2P,Procure to pay,,purchases,RUN,Core,External party,Medium,Medium,Low,Pilot,Partial,Not verified,Not verified,Not verified,Not verified,No,Built - partial,P1,6,,,,,,,,,Not run,External Party (Customer / Supplier),External Party (Customer / Supplier),UNCHANGED,Authored,,,,No,No,Validated (Supported),Partial,backend/purchases/models.py:PurchaseCreditNote; backend/purchases/models.py:PurchaseDebitNote; backend/purchases/services.py:restamp_fifo_layers_for_price_amend,"Credit/debit notes and completed-invoice price amendment exist, but no dedicated discrepancy-resolution workflow."
P-0176,P,Admin / System Owner,Master Data & Authorization,Create and manage business users,System Administrator,Company Users,"Onboard employees, assign login credentials, and manage active/deactivated user status",Creates User and CompanyUser records; controls login authentication and session access,P0,Validated (Supported),Supported via /settings/users/ with role assignment and invitation management.,Baseline,Operational role,P0,Unchanged,Code reviewed - confirmed,"Code review 2026-10-04 (agent-reviewed, spot-checked): Confirmed. Users are invited, assigned roles and activated/deactivated via CompanyUser memberships.",MASTER,Master data and authorization,,masters,KERNEL,Core,Admin,High,High,Low,MVP,Cited in code,Not verified,Not verified,Not verified,Not verified,No,Built - tested,P0,9,,,,,,backend/tests/test_auth.py::test_owner_invites_staff_with_password_can_sign_in; backend/tests/test_auth.py::test_staff_cannot_manage_users,2026-10-04,"pytest on Postgres 17, manual run",Pass,Platform Admin,Platform Admin,UNCHANGED,Authored,,backend/accounts/models.py:CompanyUser,backend/tests/conftest.py; backend/tests/test_a03_preview.py; backend/tests/test_attention_outcomes.py,No,No,Validated (Supported),Confirmed,backend/accounts/views.py:CompanyUserViewSet; backend/accounts/models.py:CompanyUser; backend/accounts/views.py:AcceptInviteView,"Users are invited, assigned roles and activated/deactivated via CompanyUser memberships."
P-0177,P,Admin / System Owner,Master Data & Authorization,Configure roles and permissions,System Administrator,Department Heads,"Define granular access control rules (RBAC) across sales, purchases, inventory, and accounting",Enforces permission checks across UI routes and REST API endpoints,P0,Validated (Supported),"Supported via Role Permission Matrix (Owner, Manager, Sales Staff, Inventory Staff, Accountant).",Baseline,Operational role,P0,Unchanged,Code reviewed - confirmed,"Code review 2026-10-04 (agent-reviewed, spot-checked): Confirmed. CompanyUser roles with capability presets enforced by DRF permission classes across API endpoints.",MASTER,Master data and authorization,,masters,KERNEL,Core,Admin,High,High,Low,MVP,Cited in code,Not verified,Not verified,Not verified,Not verified,No,Built - tested,P0,9,,,,,,backend/tests/tenancy/test_rbac_matrix.py::test_role_capability_permission_truth_table; backend/tests/test_next_batch_roles.py::test_invite_viewer_rejects_capability_escalation,2026-10-04,"pytest on Postgres 17, manual run",Pass,Platform Admin,Platform Admin,UNCHANGED,Authored,,,,No,No,Validated (Supported),Confirmed,backend/accounts/models.py:CompanyUser; backend/ledgers/views.py:CanViewFinancialReports; backend/core/permissions.py:get_company_user,CompanyUser roles with capability presets enforced by DRF permission classes across API endpoints.
P-0178,P,Admin / System Owner,Master Data & Authorization,Configure business settings,System Administrator,Business Owner,"Configure company profile, legal name, registered address, logo, currency, and financial year",Updates Company master model; sets default behaviors for documents and system operations,P0,Validated (Supported),Supported via /settings/company/ profile management.,Baseline,Operational role,P0,Unchanged,Code reviewed - confirmed,"Code review 2026-10-04 (agent-reviewed, spot-checked): Confirmed. Owner-only company profile update covers legal name, address, logo and financial year start month.",MASTER,Master data and authorization,,masters,KERNEL,Core,Admin,High,High,Low,MVP,Cited in code,Not verified,Not verified,Not verified,Not verified,No,Built - unverified,P0,9,,,,,,backend/tests/test_auth.py::test_owner_updates_company_gst_settings; backend/tests/test_wave2_open_fixes.py::test_company_logo_rejects_foreign_file_asset,2026-10-04,"pytest on Postgres 17, manual run",Partial,Platform Admin,Platform Admin,UNCHANGED,Authored,,,,No,No,Validated (Supported),Confirmed,backend/accounts/views.py:CompanyDetailView; backend/accounts/models.py:Company,"Owner-only company profile update covers legal name, address, logo and financial year start month."
P-0179,P,Admin / System Owner,GST / Tax / Compliance,Configure GST information,System Administrator,Accountant / External CA,"Configure company GSTIN, legal registered trade name, state code, and tax filing frequency",Sets up CompanyGstin records; defines Place of Supply rules for intra-state vs inter-state taxes,P0,Validated (Supported),Supported via /settings/gst/ with active GSTIN validation and composition scheme toggles.,Baseline,Operational role,P0,Unchanged,Code reviewed - confirmed,"Code review 2026-10-04 (agent-reviewed, spot-checked): Confirmed. CompanyGstin records with state, composition handling and place-of-supply use exist.",GST,GST and tax compliance,,accounting,CONTROL,Core,Admin,Critical,High,High,MVP,Cited in code,Not verified,Not verified,Not verified,Not verified,No,Built - unverified,P0,27,,,,,,backend/tests/test_sprint3_series_gstin.py::test_bb_000674_owner_company_gstin_crud,2026-10-04,"pytest on Postgres 17, manual run",Partial,Platform Admin,Platform Admin,UNCHANGED,Authored,,backend/accounts/models.py:CompanyGstin,backend/tests/test_audit_p0_decisions.py; backend/tests/test_b06_020_cross_tenant_membership_gstin.py; backend/tests/test_help_codes_live.py,No,No,Validated (Supported),Confirmed,backend/accounts/models.py:CompanyGstin; backend/accounts/serializers.py:CompanyStatutoryLicenceSerializer,"CompanyGstin records with state, composition handling and place-of-supply use exist."
P-0180,P,Admin / System Owner,Multi-Godown / Multi-Store,Configure branches/godowns,System Administrator,Logistics Team,"Register company warehouse locations, storage godowns, and retail branch stores",Creates Warehouse records; assigns default dispatch godowns and user location mappings,P0,Partial,"Supported via /settings/warehouses/ with location address and contact details. | Decision 2026-10-04 (delegated, quality-first): Build in Pilot (2 days). Contact fields and user-to-location mapping on warehouses. | Truth 2026-10-05 (WI-041): Partial. Contact name and phone are blank=True (not required); the user-to-warehouse mapping is stored but nothing enforces or reads it; no test covers the mapping or the default rule. Mapping model and grant endpoint exist but the required-contact rule and any test are missing.",Baseline,Operational role,P0,Unchanged,Partial,"Code review 2026-10-04 (agent-reviewed, spot-checked): Partial. Warehouse has name, code, address and default flag; no contact fields or user-to-location mapping.",WH,Multi-godown and multi-store,,inventory,RUN,Core,Admin,High,High,Low,Pilot,Partial,Not verified,Not verified,Not verified,Not verified,No,Built - partial,P0,9,,,2,,,backend/tests/test_cft_checklist.py::test_cft_040_042_048_reserved_available_agrees_across_surfaces; backend/tests/test_item_godown_expiry.py::test_deactivate_godown_with_stock_blocked,2026-10-04,"pytest on Postgres 17, manual run",Partial,Platform Admin,Platform Admin,UNCHANGED,Authored,,backend/planwave/models.py:UserWarehouseAccess; backend/planwave/finish.py:grant_warehouse; backend/inventory/serializers.py:WarehouseSerializer,,No,No,Validated (Supported),Partial,backend/inventory/models.py:Warehouse; backend/inventory/views.py:WarehouseViewSet,"Warehouse has name, code, address and default flag; no contact fields or user-to-location mapping."
P-0181,P,Admin / System Owner,GST / Tax / Compliance,Configure taxes and HSN,System Administrator,Accountant,"Configure standard tax rate slabs (0%, 5%, 12%, 18%, 28%) and custom cess rules",Configures TaxRate models; enables automated line-item tax calculation during billing,P0,Validated (Supported),Supported via /settings/taxes/ with support for per-unit cess and compensation cess.,Baseline,Operational role,P0,Unchanged,Code reviewed - confirmed,"Code review 2026-10-04 (agent-reviewed, spot-checked): Confirmed. TaxRate master plus ad-valorem and per-unit cess feed line tax calculation.",GST,GST and tax compliance,,accounting,CONTROL,Core,Admin,Critical,High,High,MVP,Cited in code,Not verified,Not verified,Not verified,Not verified,No,Built - unverified,P0,27,,,,,,backend/tests/test_pr9_p2_edges.py::test_r036_tax_rate_list_fresh_after_patch,2026-10-04,"pytest on Postgres 17, manual run",Partial,Platform Admin,Platform Admin,UNCHANGED,Authored,,backend/masters/models.py:TaxRate,,No,No,Validated (Supported),Confirmed,backend/masters/models.py:TaxRate; backend/core/services/tax_engine/india.py:_apply_line_tax,TaxRate master plus ad-valorem and per-unit cess feed line tax calculation.
P-0182,P,Admin / System Owner,Customer-to-Cash,Configure invoice templates,System Administrator,Billing Clerks,"Customize invoice layout, thermal slip sizes (2-inch vs 3-inch), bank account details, and terms","Updates PDF rendering configuration; customizes header logo, signature block, and QR placement",P2,Partial,Supported via /settings/invoice-templates/ with live visual preview.,Baseline,Operational role,P2,Restored to authored P2. The previous workbook had P3 after a keyword rebalance.,Partial,"Restored to authored P2. The previous workbook had P3 after a keyword rebalance. Code review 2026-10-04 (agent-reviewed, spot-checked): Partial. Page edits invoice terms only; no layout, thermal size, logo or QR placement configuration with preview.",C2C,Customer to cash,,sales,RUN,Core,Admin,Medium,Medium,Low,Later,Partial,Not verified,Not verified,Not verified,Not verified,No,Built - partial,P2,6,,,,,,,,,Not run,Platform Admin,Platform Admin,RESTORED_TO_AUTHORED,Authored,,,,No,No,Validated (Supported),Partial,web/src/pages/settings/InvoiceTemplatesPage.tsx:InvoiceTemplatesPage,"Page edits invoice terms only; no layout, thermal size, logo or QR placement configuration with preview."
P-0183,P,Admin / System Owner,Communication & Integrations,Configure integrations,System Administrator,None,"Set up external messaging (WhatsApp Web, SMS gateway), payment gateways, and printer settings",Stores integration credentials safely; configures webhook endpoints and API keys,P1,Validated (Supported),"Supported via /settings/integrations/ (WhatsApp Web, UPI QR, Thermal Printers).",Baseline,Operational role,P1,Unchanged,Code symbol found,Matched WhatsApp in product code. This is not a functional test.,INT,Communication and integrations,,integrations,KERNEL,Core,Admin,Medium,Medium,Low,Later,Cited in code,Not verified,Not verified,Not verified,Not verified,No,Built - unverified,P2,6,,,,,,,,,Not run,Platform Admin,Platform Admin,UNCHANGED,Authored,,,,No,No,,,,
P-0184,P,Admin / System Owner,Security / Exception / Recovery,Review system activity,System Administrator,Security Auditor,"Monitor real-time user logins, transaction throughput, and active user sessions",Surfaces operational event telemetry; highlights anomalous login attempts or high failure rates,P1,Partial,Supported via System Activity Dashboard and Django session monitoring.,Baseline,Operational role,P1,Unchanged,Partial,"Code review 2026-10-04 (agent-reviewed, spot-checked): Partial. Operational metrics and telemetry events exist, but no real-time dashboard of active sessions, login throughput or anomalous login attempts was found.",OTHER,Security / Exception / Recovery,,accounts,CONTROL,Core,Admin,High,Medium,Medium,Pilot,Partial,Not verified,Not verified,Not verified,Not verified,No,Built - partial,P1,12,,,,,,,,,Not run,Platform Admin,Platform Admin,UNCHANGED,Inferred,,,,No,No,Validated (Supported),Partial,backend/core/ops_metrics.py:ops_metrics; backend/core/views.py:MetricsView,"Operational metrics and telemetry events exist, but no real-time dashboard of active sessions, login throughput or anomalous login attempts was found."
P-0185,P,Admin / System Owner,Security / Exception / Recovery,Review audit logs,System Administrator,Statutory Auditor,"Inspect comprehensive immutable audit trail of all record creates, updates, and deletions",Queries ActivityLog and simple_history tables; provides legal compliance evidence,P0,Validated (Supported),"Supported via /settings/audit-logs/ with user, entity, and date filtering.",Baseline,Operational role,P0,Unchanged,Code reviewed - confirmed,"Code review 2026-10-04 (agent-reviewed, spot-checked): Confirmed. Owner-only audit log list endpoint over AuditEvent exists; filtering is by action only, and simple_history tables do not exist.",OTHER,Security / Exception / Recovery,,accounts,CONTROL,Core,Admin,Critical,High,Medium,MVP,Cited in code,Not verified,Not verified,Not verified,Not verified,No,Built - unverified,P0,18,,,,,,backend/tests/test_search_reports_audit.py::test_audit_log_records_and_is_owner_only,2026-10-04,"pytest on Postgres 17, manual run",Partial,Platform Admin,Platform Admin,UNCHANGED,Inferred,,,,No,No,Validated (Supported),Confirmed,backend/core/views.py:AuditEventViewSet; backend/core/models.py:AuditEvent,"Owner-only audit log list endpoint over AuditEvent exists; filtering is by action only, and simple_history tables do not exist."
P-0186,P,Admin / System Owner,Import / Export / Period Close,Manage data imports/exports,System Administrator,Accountant,"Manage bulk CSV/Excel data imports (Products, Customers, Stock) and full database backups",Processes bulk asynchronous import jobs with error report generation; exports full datasets,P1,Validated (Supported),Supported via /settings/data-management/ with schema validation and dry-run previews.,Baseline,Operational role,P1,Unchanged,Code reviewed - confirmed,"Code review 2026-10-04 (agent-reviewed, spot-checked): Confirmed. Import jobs with preview/commit and an encrypted full tenant export exist.",CLOSE,"Import, export, and period close",,accounting,CONTROL,Core,Admin,Medium,Medium,Low,Pilot,Cited in code,Not verified,Not verified,Not verified,Not verified,No,Built - unverified,P1,6,,,,,,,,,Not run,Platform Admin,Platform Admin,UNCHANGED,Authored,,,,No,No,Validated (Supported),Confirmed,backend/imports/models.py:ImportJob; backend/accounts/tenant_backup.py:build_export_payload,Import jobs with preview/commit and an encrypted full tenant export exist.
P-0187,P,Admin / System Owner,Security / Exception / Recovery,Manage backups/recovery,System Administrator,Business Owner,Ensure automated daily database backups and test disaster recovery procedures,Executes encrypted PostgreSQL pg_dump; archives to isolated secondary storage,P0,Validated (Supported),Supported via automated daily cron / scripts/backup.sh with point-in-time recovery capability.,Baseline,Operational role,P0,Unchanged,Code reviewed - confirmed,"Code review 2026-10-04 (agent-reviewed, spot-checked): Confirmed. backup.sh makes an encrypted pg_dump with retention and optional offsite copy; point-in-time recovery is not provided.",OTHER,Security / Exception / Recovery,,core,CONTROL,Core,Admin,Critical,High,Medium,MVP,Cited in code,Not verified,Not verified,Not verified,Not verified,No,Built - tested,P0,18,,,,,,backend/tests/test_backup_scripts.py::test_encrypted_dump_uses_age_and_is_not_plaintext_named; backend/tests/test_backup_scripts.py::test_offsite_command_receives_the_file_and_failure_is_fatal,2026-10-04,"pytest on Postgres 17, manual run",Pass,Platform Admin,Platform Admin,UNCHANGED,Inferred,,,,No,No,Validated (Supported),Confirmed,scripts/backup.sh:pg_dump; scripts/check_backup_age.sh,backup.sh makes an encrypted pg_dump with retention and optional offsite copy; point-in-time recovery is not provided.
P-0188,P,Admin / System Owner,Security / Exception / Recovery,Monitor system health,System Administrator,None,"Monitor database connection pool, API latency, worker queue status, and disk storage usage",Surfaces /health/ check endpoint metrics; alerts on memory exhaustion or queue lag,P1,Validated (Supported),Supported via /health/ endpoint and Prometheus/Grafana health probes.,Baseline,Operational role,P1,Unchanged,Code reviewed - confirmed,"Code review 2026-10-04 (agent-reviewed, spot-checked): Confirmed. /health/ checks DB and cache and a metrics endpoint exposes operational metrics; Prometheus/Grafana wiring is outside code.",OTHER,Security / Exception / Recovery,,core,CONTROL,Core,Admin,High,Medium,Medium,Pilot,Cited in code,Not verified,Not verified,Not verified,Not verified,No,Built - unverified,P1,12,,,,,,,,,Not run,Platform Admin,Platform Admin,UNCHANGED,Inferred,,,,No,No,Validated (Supported),Confirmed,backend/core/views.py:HealthView; backend/core/views.py:MetricsView; backend/core/ops_metrics.py,/health/ checks DB and cache and a metrics endpoint exposes operational metrics; Prometheus/Grafana wiring is outside code.
X-0189,X,Multiple / Cross-persona,Customer-to-Cash,Customer order → salesperson records order → inventory availability is checked,Field Salesperson,Retailer / Godown Keeper,Salesperson books customer order with real-time stock verification,Creates SalesOrder in DRAFT status; checks available-to-promise (ATP) stock in real time,P1,Partial,Supported via /sales/orders/create with real-time inventory ATP verification.,Baseline,Cross-persona,P1,Unchanged,Partial,"Code review 2026-10-04 (agent-reviewed, spot-checked): Partial. Draft order is created, but stock availability is enforced only at confirm via reserve_stock, not when the draft is booked.",C2C,Customer to cash,,sales,RUN,Core,Cross-persona,Medium,Medium,Low,Pilot,Partial,Not verified,Not verified,Not verified,Not verified,No,Built - partial,P1,6,,,,,,,,,Not run,Sales & Growth,Sales & Growth,UNCHANGED,Authored,,backend/sales/models.py:SalesOrder,backend/tests/test_a13_a14_reporting_sales.py; backend/tests/test_a15_cr090_plus.py; backend/tests/test_b05_attention.py,No,No,Validated (Supported),Partial,backend/sales/models.py:SalesOrder; backend/sales/notes_services.py:confirm_sales_order,"Draft order is created, but stock availability is enforced only at confirm via reserve_stock, not when the draft is booked."
X-0190,X,Multiple / Cross-persona,Customer-to-Cash,Customer accepts quotation → quotation converts to sales order,Salesperson,Customer,Approved quotation seamlessly converted to binding sales order without re-entry,Marks Quotation as ACCEPTED; generates linked SalesOrder copying all line rates and terms,P1,Validated (Supported),Supported via Quotation 'Convert to Order' action in Quotation detail view.,Baseline,Cross-persona,P1,Unchanged,Code reviewed - confirmed,"Code review 2026-10-04 (agent-reviewed, spot-checked): Confirmed. convert_quotation_to_order creates a draft SalesOrder copying lines and marks the quotation CONVERTED (no ACCEPTED status).",C2C,Customer to cash,,sales,RUN,Core,Cross-persona,Medium,Medium,Low,Pilot,Cited in code,Not verified,Not verified,Not verified,Not verified,No,Built - unverified,P1,6,,,,,,,,,Not run,Sales & Growth,Sales & Growth,UNCHANGED,Authored,,backend/sales/models.py:SalesOrder,backend/tests/test_a13_a14_reporting_sales.py; backend/tests/test_a15_cr090_plus.py; backend/tests/test_b05_attention.py,No,No,Validated (Supported),Confirmed,backend/sales/services.py:convert_quotation_to_order; backend/sales/models.py:SalesOrder,convert_quotation_to_order creates a draft SalesOrder copying lines and marks the quotation CONVERTED (no ACCEPTED status).
X-0191,X,Multiple / Cross-persona,Customer-to-Cash,Sales order → inventory is reserved → available stock is updated,Commercial Sales Desk,Warehouse Staff,"Inventory committed to confirmed order, preventing double-selling",Increments reserved_stock and decrements available_stock on StockBalance model,P1,Validated (Supported),Core system invariant: order confirmation reserves stock atomically.,Baseline,Cross-persona,P1,Restored to authored P1. The previous workbook had P0 after a keyword rebalance.,Code reviewed - confirmed,"Restored to authored P1. The previous workbook had P0 after a keyword rebalance. Code review 2026-10-04 (agent-reviewed, spot-checked): Confirmed. Confirming an order reserves each line, raising StockBalance.reserved; available is the derived property on_hand minus reserved.",C2C,Customer to cash,,sales,RUN,Core,Cross-persona,Medium,Medium,Low,Pilot,Cited in code,Not verified,Not verified,Not verified,Not verified,No,Built - unverified,P1,6,,,,,,,,,Not run,Sales & Growth,Sales & Growth,RESTORED_TO_AUTHORED,Authored,,backend/inventory/models.py:StockBalance,backend/tests/test_a11_a12_stock_cost.py; backend/tests/test_a4_a5_reporting.py; backend/tests/test_a6_manual_serial_return.py,No,No,Validated (Supported),Confirmed,backend/inventory/services.py:reserve_stock; backend/inventory/models.py:StockBalance; backend/sales/notes_services.py:confirm_sales_order,"Confirming an order reserves each line, raising StockBalance.reserved; available is the derived property on_hand minus reserved."
X-0192,X,Multiple / Cross-persona,Customer-to-Cash,Sales order → warehouse receives picking request,Sales Coordinator,Godown Custodian,Warehouse notified of confirmed order ready for picking and packing,Generates warehouse PickList document grouped by godown rack and bin location,P1,Mechanism not found,Supported via PickList generator in Warehouse module.,Baseline,Cross-persona,P1,Unchanged,Mechanism not found,"Code review 2026-10-04 (agent-reviewed, spot-checked): Contradicted. No pick list document or warehouse picking request exists.",C2C,Customer to cash,,sales,RUN,Core,Cross-persona,Medium,Medium,Low,Pilot,Not in code,Not verified,Not verified,Not verified,Not verified,No,Gap,P1,6,,,,,,,,,Not run,Sales & Growth,Sales & Growth,UNCHANGED,Authored,,,,No,No,Validated (Supported),Contradicted,"none found: searched PickList, pick_list, picking in backend/sales, inventory, ops",No pick list document or warehouse picking request exists.
X-0193,X,Multiple / Cross-persona,Customer-to-Cash,Warehouse picks stock → order becomes ready for dispatch,Godown Custodian,Logistics Coordinator,"Physical items retrieved from shelves, verified, and staged in dispatch bay",Updates SalesOrder fulfillment status to READY_FOR_DISPATCH; locks picked batch numbers,P1,Mechanism not found,Supported via PickList fulfillment confirmation screen.,Baseline,Cross-persona,P1,Unchanged,Mechanism not found,"Code review 2026-10-04 (agent-reviewed, spot-checked): Contradicted. No picking confirmation, ready-for-dispatch status or batch lock exists.",C2C,Customer to cash,,sales,RUN,Core,Cross-persona,Medium,Medium,Low,Pilot,Not in code,Not verified,Not verified,Not verified,Not verified,No,Gap,P1,6,,,,,,,,,Not run,Inventory / Warehouse,Inventory / Warehouse,UNCHANGED,Authored,,backend/sales/models.py:SalesOrder,backend/tests/test_a13_a14_reporting_sales.py; backend/tests/test_a15_cr090_plus.py; backend/tests/test_b05_attention.py,No,No,Validated (Supported),Contradicted,"none found: searched READY_FOR_DISPATCH, PICKED, picking; SalesOrder statuses are DRAFT/CONFIRMED/CONVERTED/CANCELLED","No picking confirmation, ready-for-dispatch status or batch lock exists."
X-0194,X,Multiple / Cross-persona,Customer-to-Cash,Order dispatched → delivery status is recorded,Logistics Dispatcher,Delivery Driver / Transport Vendor,Goods leave warehouse premises with formal delivery documentation,"Creates DeliveryChallan; logs vehicle number, driver contact, and dispatch timestamp",P1,Validated (Supported),Supported via /sales/delivery-challans/ with vehicle and driver logging.,Baseline,Cross-persona,P1,Unchanged,Code reviewed - confirmed,"Code review 2026-10-04 (agent-reviewed, spot-checked): Confirmed. DeliveryChallan records vehicle, transporter and completed_at timestamp; driver contact is not stored.",C2C,Customer to cash,,sales,RUN,Core,Cross-persona,Medium,Medium,Low,Pilot,Cited in code,Not verified,Not verified,Not verified,Not verified,No,Built - unverified,P1,6,,,,,,,,,Not run,Logistics & Delivery,Logistics & Delivery,UNCHANGED,Authored,,backend/sales/models.py:DeliveryChallan,backend/tests/test_a10_period_centralization.py; backend/tests/test_phase1_documents.py; backend/tests/test_sales_purchase_ux_plan.py,No,No,Validated (Supported),Confirmed,backend/sales/models.py:DeliveryChallan; backend/sales/notes_services.py:convert_sales_order_to_challan,"DeliveryChallan records vehicle, transporter and completed_at timestamp; driver contact is not stored."
X-0195,X,Multiple / Cross-persona,Customer-to-Cash,Delivery completed → invoice is generated,Billing Clerk,Customer,Customer receives delivery and final legal tax invoice is issued,Generates completed SalesInvoice; triggers accounting and statutory tax postings,P1,Validated (Supported),Supported via Challan-to-Invoice conversion workflow.,Baseline,Cross-persona,P1,Unchanged,Code reviewed - confirmed,"Code review 2026-10-04 (agent-reviewed, spot-checked): Confirmed. convert_delivery_challan builds a sales invoice from the challan; completing it posts GL and tax.",C2C,Customer to cash,,sales,RUN,Core,Cross-persona,Medium,Medium,Low,Pilot,Cited in code,Not verified,Not verified,Not verified,Not verified,No,Built - unverified,P1,6,,,,,,,,,Not run,Billing / Counter Clerk,Billing / Counter Clerk,UNCHANGED,Authored,,backend/sales/models.py:SalesInvoice,backend/tests/test_a03_preview.py; backend/tests/test_a06_whatsapp.py; backend/tests/test_a07_dunning.py,No,No,Validated (Supported),Confirmed,backend/sales/notes_services.py:convert_delivery_challan; backend/sales/models.py:SalesInvoice,convert_delivery_challan builds a sales invoice from the challan; completing it posts GL and tax.
X-0196,X,Multiple / Cross-persona,Customer-to-Cash,Invoice generated → inventory is reduced,System / Billing Engine,Godown Custodian,Inventory on-hand balance decremented permanently upon invoice completion,Creates append-only StockMovement record with movement_type='OUTWARD_SALE',P1,Validated (Supported),Core system invariant: completing sales invoice permanently decrements warehouse inventory.,Baseline,Cross-persona,P1,Unchanged,Code reviewed - confirmed,"Code review 2026-10-04 (agent-reviewed, spot-checked): Confirmed. Invoice completion posts append-only StockMovement rows of type SALE (named SALE, not OUTWARD_SALE).",C2C,Customer to cash,,sales,RUN,Core,Cross-persona,Medium,Medium,Low,Pilot,Cited in code,Not verified,Not verified,Not verified,Not verified,No,Built - unverified,P1,6,,,,,,,,,Not run,System / Automation,System / Automation,UNCHANGED,Authored,,backend/inventory/models.py:StockMovement,backend/tests/test_a10_period_centralization.py; backend/tests/test_a11_a12_stock_cost.py; backend/tests/test_a6_manual_serial_return.py,No,No,Validated (Supported),Confirmed,backend/sales/cogs_service.py:CogsService; backend/inventory/models.py:StockMovement,"Invoice completion posts append-only StockMovement rows of type SALE (named SALE, not OUTWARD_SALE)."
X-0197,X,Multiple / Cross-persona,Customer-to-Cash,Invoice generated → customer receivable is created,System / Ledger Engine,In-house Accountant,Trade receivable created in customer ledger for credit tracking,Debits Customer Accounts Receivable ledger account; credits Sales Revenue account in GL,P1,Validated (Supported),Core system invariant: SalesService.complete atomically posts double-entry GL voucher.,Baseline,Cross-persona,P1,Restored to authored P1. The previous workbook had P0 after a keyword rebalance.,Code symbol found,Matched SalesService in product code. This is not a functional test. Restored to authored P1. The previous workbook had P0 after a keyword rebalance.,C2C,Customer to cash,,sales,RUN,Core,Cross-persona,Medium,Medium,Low,Pilot,Cited in code,Not verified,Not verified,Not verified,Not verified,No,Built - unverified,P1,6,,,,,,,,,Not run,System / Automation,System / Automation,RESTORED_TO_AUTHORED,Authored,,backend/sales/services.py:SalesService,backend/tests/test_a10_period_centralization.py; backend/tests/test_a13_a14_reporting_sales.py; backend/tests/test_chaos_resilience.py,No,No,,,,
X-0198,X,Multiple / Cross-persona,Customer-to-Cash,Invoice generated → GST liability is calculated,Tax Calculation Engine,Accountant / External CA,Statutory output tax calculated and recorded for government GST compliance,Evaluates Place of Supply; posts CGST/SGST or IGST liability to GST output ledgers,P1,Validated (Supported),Supported via TaxEngine; populates GSTR-1 outward tax liability register.,Baseline,Cross-persona,P1,Unchanged,Code symbol found,Matched TaxEngine in product code. This is not a functional test.,C2C,Customer to cash,,sales,RUN,Core,Cross-persona,Medium,Medium,Low,Pilot,Cited in code,Not verified,Not verified,Not verified,Not verified,No,Built - unverified,P1,6,,,,,,,,,Not run,System / Automation,System / Automation,UNCHANGED,Authored,,backend/core/services/tax_engine/base.py:TaxEngine,,No,No,,,,
X-0199,X,Multiple / Cross-persona,Customer-to-Cash,Customer pays → payment is recorded,Cashier / Payment Gateway,Customer,"Customer settlement recorded via cash, UPI, bank transfer, or payment gateway","Creates Payment record; links transaction reference, payment mode, and timestamp",P1,Validated (Supported),Supported via /payments/create with instant receipt generation.,Baseline,Cross-persona,P1,Unchanged,Code reviewed - confirmed,"Code review 2026-10-04 (agent-reviewed, spot-checked): Confirmed. create_receipt writes a CustomerReceipt with mode, reference and date, and posts to the ledger.",C2C,Customer to cash,,sales,RUN,Core,Cross-persona,Medium,Medium,Low,Pilot,Cited in code,Not verified,Not verified,Not verified,Not verified,No,Built - unverified,P1,6,,,,,,,,,Not run,Accountant / Finance,Accountant / Finance,UNCHANGED,Authored,,,,No,No,Validated (Supported),Confirmed,backend/payments/services.py:create_receipt; backend/payments/models.py:CustomerReceipt,"create_receipt writes a CustomerReceipt with mode, reference and date, and posts to the ledger."
X-0200,X,Multiple / Cross-persona,Customer-to-Cash,Payment recorded → customer outstanding decreases,System / Ledger Engine,Credit Controller,Customer khata/credit balance reduced immediately upon payment receipt,Credits Customer AR ledger; debits Cash/Bank ledger; updates customer credit availability,P1,Validated (Supported),Core system invariant: derived ledger balance updates instantaneously on payment post.,Baseline,Cross-persona,P1,Unchanged,Code reviewed - confirmed,"Code review 2026-10-04 (agent-reviewed, spot-checked): Confirmed. Receipt posts to the bank/cash ledger and allocation moves advances to AR, reducing customer outstanding.",C2C,Customer to cash,,sales,RUN,Core,Cross-persona,Medium,Medium,Low,Pilot,Cited in code,Not verified,Not verified,Not verified,Not verified,No,Built - unverified,P1,6,,,,,,,,,Not run,System / Automation,System / Automation,UNCHANGED,Authored,,,,No,No,Validated (Supported),Confirmed,backend/accounting/services.py:post_receipt; backend/accounting/services.py:post_receipt_allocation,"Receipt posts to the bank/cash ledger and allocation moves advances to AR, reducing customer outstanding."
X-0201,X,Multiple / Cross-persona,Customer-to-Cash,Partial payment → remaining outstanding is maintained,Accounts Cashier,Customer,Accurate tracking of partial settlements against open invoices,Applies partial payment amount to invoice; updates invoice status to PARTIALLY_PAID,P1,Validated (Supported),Supported via PaymentAllocation model tracking exact remaining balance per invoice.,Baseline,Cross-persona,P1,Unchanged,Code symbol found,Matched PaymentAllocation in product code. This is not a functional test.,C2C,Customer to cash,,sales,RUN,Core,Cross-persona,Medium,Medium,Low,Pilot,Cited in code,Not verified,Not verified,Not verified,Not verified,No,Built - unverified,P1,6,,,,,,,,,Not run,Accountant / Finance,Accountant / Finance,UNCHANGED,Authored,,backend/payments/models.py:PaymentAllocation,backend/tests/test_a07_dunning.py; backend/tests/test_a13_a14_reporting_sales.py; backend/tests/test_a15_cr090_plus.py,No,No,,,,
X-0202,X,Multiple / Cross-persona,Customer-to-Cash,Customer exceeds credit limit → sale/order is flagged or blocked,Credit Controller,Billing Clerk / Salesperson,Prevent excessive credit exposure by blocking sales to over-limit customers,Validates current customer balance + cart total against credit_limit; blocks checkout,P0,Validated (Supported),Core business invariant: hard validation guard; requires Owner override token to bypass.,Baseline,Cross-persona,P0,Unchanged,Code reviewed - confirmed,"Code review 2026-10-04 (agent-reviewed, spot-checked): Confirmed. Credit limit is checked against ledger exposure at invoice and order confirm; blocks unless an owner supplies override reason.",C2C,Customer to cash,,sales,RUN,Core,Cross-persona,High,High,Low,MVP,Cited in code,Not verified,Not verified,Not verified,Not verified,No,Built - tested,P0,9,,,,,,backend/tests/test_next_batch_so_challan.py::test_credit_override_is_owner_only_and_copies_onto_that_invoice; backend/tests/test_phase1_notes_ledger.py::test_credit_limit_blocks_complete,2026-10-04,"pytest on Postgres 17, manual run",Pass,Accountant / Finance,Accountant / Finance,UNCHANGED,Authored,,,,No,No,Validated (Supported),Confirmed,backend/sales/services.py:customer_exposure_for_credit_limit; backend/sales/order_gates.py:apply_order_gates,Credit limit is checked against ledger exposure at invoice and order confirm; blocks unless an owner supplies override reason.
X-0203,X,Multiple / Cross-persona,Customer-to-Cash,Invoice becomes overdue → receivable ageing changes,System / Aging Engine,Credit Controller,"Unpaid invoices automatically advance into aging overdue brackets (30, 60, 90+ days)",Recalculates aging bucket based on invoice due_date; updates receivables aging report,P1,Validated (Supported),Supported via automated daily aging recalculation in reporting module.,Baseline,Cross-persona,P1,Unchanged,Code reviewed - confirmed,"Code review 2026-10-04 (agent-reviewed, spot-checked): Confirmed. receivables_aging buckets open invoices by due_date on demand; there is no scheduled recalculation, but ageing updates correctly.",C2C,Customer to cash,,sales,RUN,Core,Cross-persona,Medium,Medium,Low,Pilot,Cited in code,Not verified,Not verified,Not verified,Not verified,No,Built - unverified,P1,6,,,,,,,,,Not run,System / Automation,System / Automation,UNCHANGED,Authored,,,,No,No,Validated (Supported),Confirmed,backend/reporting/services.py:ReportService; backend/ledgers/services.py:LedgerService,"receivables_aging buckets open invoices by due_date on demand; there is no scheduled recalculation, but ageing updates correctly."
X-0204,X,Multiple / Cross-persona,Customer-to-Cash,Overdue invoice → owner receives business alert,Alert Notification Engine,Business Owner,Proactive alert to business owner when key customer breaches overdue payment threshold,Creates BusinessAlertEvent record; pushes high-priority notification to owner dashboard,P1,Validated (Supported),Supported via Insights alert engine (/insights/alerts/).,Baseline,Cross-persona,P1,Unchanged,Code reviewed - confirmed,"Code review 2026-10-04 (agent-reviewed, spot-checked): Confirmed. AR_OVERDUE_CRITICAL alert is upserted as BusinessAlertEvent; it is portfolio level, not per customer threshold.",C2C,Customer to cash,,sales,RUN,Core,Cross-persona,Medium,Medium,Low,Pilot,Cited in code,Not verified,Not verified,Not verified,Not verified,No,Built - unverified,P1,6,,,,,,,,,Not run,System / Automation,System / Automation,UNCHANGED,Authored,,backend/insights/models.py:BusinessAlertEvent,backend/tests/test_phase6_insights.py,No,No,Validated (Supported),Confirmed,backend/insights/alerts.py:build_business_alerts; backend/insights/models.py:BusinessAlertEvent,"AR_OVERDUE_CRITICAL alert is upserted as BusinessAlertEvent; it is portfolio level, not per customer threshold."
X-0205,X,Multiple / Cross-persona,Customer-to-Cash,Customer requests return → return request is recorded,Customer Service / Salesperson,Customer,Formal recording of customer return request referencing original invoice,"Creates SalesReturn in DRAFT status; records return reason, item quantities, and batch numbers",P1,Validated (Supported),Supported via /sales/returns/create with invoice item selector.,Baseline,Cross-persona,P1,Unchanged,Code reviewed - confirmed,"Code review 2026-10-04 (agent-reviewed, spot-checked): Confirmed. SalesReturn is created DRAFT against an invoice with reason and item lines.",C2C,Customer to cash,,sales,RUN,Core,Cross-persona,Medium,Medium,Low,Pilot,Cited in code,Not verified,Not verified,Not verified,Not verified,No,Built - unverified,P1,6,,,,,,,,,Not run,Sales & Growth,Sales & Growth,UNCHANGED,Authored,,backend/sales/models.py:SalesReturn,backend/tests/test_cft_checklist.py; backend/tests/test_concurrency_races.py; backend/tests/test_fmea2_wave.py,No,No,Validated (Supported),Confirmed,backend/sales/models.py:SalesReturn; backend/sales/return_service.py:ReturnService,SalesReturn is created DRAFT against an invoice with reason and item lines.
X-0206,X,Multiple / Cross-persona,Customer-to-Cash,Return approved → inventory is restored where applicable,Warehouse Manager,Godown Custodian,Restoration of undamaged returned goods back into active saleable inventory,Creates StockMovement (RETURN_INWARD) for sellable items; damaged items routed to scrap bin,P1,Validated (Supported),Supported via SalesReturn approval; restores inventory atomically.,Baseline,Cross-persona,P1,Restored to authored P1. The previous workbook had P0 after a keyword rebalance.,Code symbol found,Matched SalesReturn in product code. This is not a functional test. Restored to authored P1. The previous workbook had P0 after a keyword rebalance.,C2C,Customer to cash,,sales,RUN,Core,Cross-persona,Medium,Medium,Low,Pilot,Cited in code,Not verified,Not verified,Not verified,Not verified,No,Built - unverified,P1,6,,,,,,,,,Not run,Inventory / Warehouse,Inventory / Warehouse,RESTORED_TO_AUTHORED,Authored,,backend/inventory/models.py:StockMovement; backend/sales/models.py:SalesReturn,backend/tests/test_a10_period_centralization.py; backend/tests/test_a11_a12_stock_cost.py; backend/tests/test_a6_manual_serial_return.py,No,No,,,,
X-0207,X,Multiple / Cross-persona,Customer-to-Cash,Return approved → customer credit/refund is created,In-house Accountant,Customer,Issuance of GST-compliant Credit Note or monetary refund settling return value,Generates SalesCreditNote; credits customer AR account or issues cash/bank refund voucher,P1,Validated (Supported),Supported via SalesReturn complete action; auto-generates SalesCreditNote.,Baseline,Cross-persona,P1,Unchanged,Code symbol found,Matched SalesCreditNote in product code. This is not a functional test.,C2C,Customer to cash,,sales,RUN,Core,Cross-persona,Medium,Medium,Low,Pilot,Cited in code,Not verified,Not verified,Not verified,Not verified,No,Built - unverified,P1,6,,,,,,,,,Not run,Accountant / Finance,Accountant / Finance,UNCHANGED,Authored,,backend/sales/models.py:SalesCreditNote; backend/sales/models.py:SalesReturn,backend/tests/test_a13_a14_reporting_sales.py; backend/tests/test_audit_p0_decisions.py; backend/tests/test_b4_b5_notes_serial.py,No,No,,,,
X-0208,X,Multiple / Cross-persona,Customer-to-Cash,Sales return → GST impact is recalculated,Tax Engine,Accountant / External CA,Output GST tax liability reduced legally upon issuance of credit note,Reduces output tax liability ledger; records negative tax entry in GSTR-1 Table 9B,P1,Validated (Supported),Supported via Section 34 CGST Act compliant Credit Note tax adjustments.,Baseline,Cross-persona,P1,Restored to authored P1. The previous workbook had P0 after a keyword rebalance.,Code reviewed - confirmed,"Restored to authored P1. The previous workbook had P0 after a keyword rebalance. Code review 2026-10-04 (agent-reviewed, spot-checked): Confirmed. Completing a return auto-creates a credit note; GSTR-1 builder includes credit notes as CDNR and reduces tax.",C2C,Customer to cash,,sales,RUN,Core,Cross-persona,Medium,Medium,Low,Pilot,Cited in code,Not verified,Not verified,Not verified,Not verified,No,Built - unverified,P1,6,,,,,,,,,Not run,System / Automation,System / Automation,RESTORED_TO_AUTHORED,Authored,,,,No,No,Validated (Supported),Confirmed,backend/sales/return_service.py:ReturnService; backend/reporting/gst_returns.py:build_gstr1,Completing a return auto-creates a credit note; GSTR-1 builder includes credit notes as CDNR and reduces tax.
X-0209,X,Multiple / Cross-persona,Customer-to-Cash,Refund processed → customer balance is updated,Cashier / Accountant,Customer,Payment of cash or bank refund reflected accurately in customer account,"Credits Cash/Bank account, debits Customer Ledger; closes out credit note balance",P1,Partial,Supported via Refund payment workflow linked to Credit Note.,Baseline,Cross-persona,P1,Unchanged,Partial,"Code review 2026-10-04 (agent-reviewed, spot-checked): Partial. Refund posting exists for receipts and gateway payments; no refund workflow tied directly to a sales credit note found.",C2C,Customer to cash,,sales,RUN,Core,Cross-persona,Medium,Medium,Low,Pilot,Partial,Not verified,Not verified,Not verified,Not verified,No,Built - partial,P1,6,,,,,,,,,Not run,Accountant / Finance,Accountant / Finance,UNCHANGED,Authored,,,,No,No,Validated (Supported),Partial,backend/accounting/services.py:post_receipt_refund; backend/payments/services.py:refund_gateway_payment,Refund posting exists for receipts and gateway payments; no refund workflow tied directly to a sales credit note found.
X-0210,X,Multiple / Cross-persona,Customer-to-Cash,Invoice corrected → correction history remains auditable,In-house Accountant,Statutory Auditor,Modifications to invoice metadata or cancellations preserve complete historical audit trail,"Logs modification timestamp, user ID, original values, and amendment reason in audit history",P1,Validated (Supported),Core system invariant: completed financial documents are immutable; corrections create audit versions.,Baseline,Cross-persona,P1,Unchanged,Code reviewed - confirmed,"Code review 2026-10-04 (agent-reviewed, spot-checked): Confirmed. Edits and amendments to completed documents write audit events with old and new totals.",C2C,Customer to cash,,sales,RUN,Core,Cross-persona,Medium,Medium,Low,Pilot,Cited in code,Not verified,Not verified,Not verified,Not verified,No,Built - unverified,P1,6,,,,,,,,,Not run,Accountant / Finance,Accountant / Finance,UNCHANGED,Authored,,,,No,No,Validated (Supported),Confirmed,backend/core/services/audit.py:record_edited_document_event; backend/sales/services.py:record_document_event,Edits and amendments to completed documents write audit events with old and new totals.
X-0211,X,Multiple / Cross-persona,Procure-to-Pay,Purchase manager creates purchase order,Purchase Manager,Supplier,Formalize commercial procurement requirements with vendor,Creates PurchaseOrder in DRAFT/APPROVED status; records agreed prices and delivery timeline,P1,Validated (Supported),Supported via /purchases/orders/create with vendor catalog lookup.,Baseline,Cross-persona,P1,Unchanged,Code reviewed - confirmed,"Code review 2026-10-04 (agent-reviewed, spot-checked): Confirmed. PurchaseOrder with DRAFT status, prices and expected_delivery is created via /orders endpoint.",P2P,Procure to pay,,purchases,RUN,Core,Cross-persona,Medium,Medium,Low,Pilot,Cited in code,Not verified,Not verified,Not verified,Not verified,No,Built - unverified,P1,6,,,,,,,,,Not run,Purchase Manager,Purchase Manager,UNCHANGED,Authored,,backend/purchases/models.py:PurchaseOrder,backend/tests/test_inventory_replenishment.py; backend/tests/test_supplier_price_history.py; backend/tests/tenancy/test_schema_constraints.py,No,No,Validated (Supported),Confirmed,backend/purchases/models.py:PurchaseOrder; backend/purchases/urls.py:PurchaseOrderViewSet,"PurchaseOrder with DRAFT status, prices and expected_delivery is created via /orders endpoint."
X-0212,X,Multiple / Cross-persona,Procure-to-Pay,Purchase order → supplier receives order,Purchase Manager,Supplier,"Purchase order transmitted to vendor via digital PDF, email, or WhatsApp",Updates PO status to SENT; records delivery commitment timestamp,P1,Validated (Supported),Supported via PO PDF export and WhatsApp share link.,Baseline,Cross-persona,P1,Unchanged,Code symbol found,Matched WhatsApp in product code. This is not a functional test.,P2P,Procure to pay,,purchases,RUN,Core,Cross-persona,Medium,Medium,Low,Pilot,Cited in code,Not verified,Not verified,Not verified,Not verified,No,Built - unverified,P1,6,,,,,,,,,Not run,Purchase Manager,Purchase Manager,UNCHANGED,Authored,,,,No,No,,,,
X-0213,X,Multiple / Cross-persona,Procure-to-Pay,Supplier confirms order → order status changes,Purchase Manager,Supplier,Vendor confirms order acceptance and expected dispatch date,Updates PO status to CONFIRMED; locks agreed pricing and expected delivery date,P1,Mechanism not found,Supported in PO detail view with status transition buttons.,Baseline,Cross-persona,P1,Unchanged,Mechanism not found,"Code review 2026-10-04 (agent-reviewed, spot-checked): Contradicted. PO statuses are only DRAFT, CONVERTED, CANCELLED; no CONFIRMED status and no price lock.",P2P,Procure to pay,,purchases,RUN,Core,Cross-persona,Medium,Medium,Low,Pilot,Not in code,Not verified,Not verified,Not verified,Not verified,No,Gap,P1,6,,,,,,,,,Not run,Purchase Manager,Purchase Manager,UNCHANGED,Authored,,,,No,No,Validated (Supported),Contradicted,backend/purchases/models.py:PurchaseOrder,"PO statuses are only DRAFT, CONVERTED, CANCELLED; no CONFIRMED status and no price lock."
X-0214,X,Multiple / Cross-persona,Procure-to-Pay,Supplier ships goods → expected receipt is recorded,Logistics Coordinator,Supplier / Transporter,Advance shipping notice (ASN) recorded to prepare warehouse staging area,Records transport docket / LR number and estimated arrival date against open PO,P1,Mechanism not found,Supported via Inbound Shipment tracking on Purchase Orders.,Baseline,Cross-persona,P1,Unchanged,Mechanism not found,"Code review 2026-10-04 (agent-reviewed, spot-checked): Contradicted. PO has only expected_delivery; no inbound shipment, LR number or ASN record.",P2P,Procure to pay,,purchases,RUN,Core,Cross-persona,Medium,Medium,Low,Pilot,Not in code,Not verified,Not verified,Not verified,Not verified,No,Gap,P1,6,,,,,,,,,Not run,Logistics & Delivery,Logistics & Delivery,UNCHANGED,Authored,,,,No,No,Validated (Supported),Contradicted,"none found: searched shipment, docket, lr_number, asn, expected_arrival in purchases","PO has only expected_delivery; no inbound shipment, LR number or ASN record."
X-0215,X,Multiple / Cross-persona,Procure-to-Pay,Goods arrive → warehouse creates GRN,Godown Custodian,Transporter / Purchase Manager,"Physical delivery inspected, counted, and recorded on Goods Receipt Note",Creates GoodsReceiptNote (GRN) document; records actual received quantities and damages,P1,Validated (Supported),Supported via GRN creation workflow in purchases module.,Baseline,Cross-persona,P1,Unchanged,Code reviewed - confirmed,"Code review 2026-10-04 (agent-reviewed, spot-checked): Confirmed. GoodsReceipt and GoodsReceiptItem record received, accepted and rejected quantities.",P2P,Procure to pay,,purchases,RUN,Core,Cross-persona,Medium,Medium,Low,Pilot,Cited in code,Not verified,Not verified,Not verified,Not verified,No,Built - unverified,P1,6,,,,,,,,,Not run,Inventory / Warehouse,Inventory / Warehouse,UNCHANGED,Authored,,,,No,No,Validated (Supported),Confirmed,backend/purchases/models.py:GoodsReceipt; backend/purchases/urls.py:GoodsReceiptViewSet,"GoodsReceipt and GoodsReceiptItem record received, accepted and rejected quantities."
X-0216,X,Multiple / Cross-persona,Procure-to-Pay,GRN → inventory quantity increases,System / Inventory Ledger,Godown Custodian,Physical warehouse stock incremented upon goods verification,Creates StockMovement record with movement_type='INWARD_PURCHASE'; updates StockBalance,P1,Validated (Supported),Core system invariant: GRN/Purchase intake atomically increases inventory on-hand balance.,Baseline,Cross-persona,P1,Restored to authored P1. The previous workbook had P0 after a keyword rebalance.,Code reviewed - confirmed,"Restored to authored P1. The previous workbook had P0 after a keyword rebalance. Code review 2026-10-04 (agent-reviewed, spot-checked): Confirmed. complete() runs atomically and calls InventoryService.post_movement with accepted quantity; movement type is PURCHASE, not INWARD_PURCHASE.",P2P,Procure to pay,,purchases,RUN,Core,Cross-persona,Medium,Medium,Low,Pilot,Cited in code,Not verified,Not verified,Not verified,Not verified,No,Built - unverified,P1,6,,,,,,,,,Not run,System / Automation,System / Automation,RESTORED_TO_AUTHORED,Authored,,backend/inventory/models.py:StockMovement; backend/inventory/models.py:StockBalance,backend/tests/test_a10_period_centralization.py; backend/tests/test_a11_a12_stock_cost.py; backend/tests/test_a6_manual_serial_return.py,No,No,Validated (Supported),Confirmed,backend/purchases/grn_service.py:GoodsReceiptService; backend/inventory/models.py:StockMovement; backend/inventory/models.py:StockBalance,"complete() runs atomically and calls InventoryService.post_movement with accepted quantity; movement type is PURCHASE, not INWARD_PURCHASE."
X-0217,X,Multiple / Cross-persona,Procure-to-Pay,GRN → batch/serial information is captured,Godown Custodian,Supplier,"Capture manufacturer batch numbers, manufacturing/expiry dates, or unit serial numbers",Creates BatchLot or SerialNumber records linked to inward stock movement,P1,Mechanism not found,Supported in GRN line-item entry with batch and serial modal inputs.,Baseline,Cross-persona,P1,Unchanged,Mechanism not found,"Code review 2026-10-04 (agent-reviewed, spot-checked): Contradicted. GRN items have no batch or serial fields; stock is posted with batch=None, so BatchLot/SerialNumber are not created from GRN.",P2P,Procure to pay,,purchases,RUN,Core,Cross-persona,Medium,Medium,Low,Pilot,Not in code,Not verified,Not verified,Not verified,Not verified,No,Gap,P1,6,,,,,,,,,Not run,Inventory / Warehouse,Inventory / Warehouse,UNCHANGED,Authored,,backend/inventory/models.py:BatchLot; backend/inventory/models.py:SerialNumber,backend/tests/test_a11_a12_stock_cost.py; backend/tests/test_c02_lot_identity.py; backend/tests/test_cft_cross_flow.py,No,No,Validated (Supported),Contradicted,backend/purchases/models.py:GoodsReceiptItem; backend/purchases/grn_service.py:GoodsReceiptService,"GRN items have no batch or serial fields; stock is posted with batch=None, so BatchLot/SerialNumber are not created from GRN."
X-0218,X,Multiple / Cross-persona,Procure-to-Pay,GRN → damaged/short quantity is recorded,Godown Custodian,Purchase Manager / Supplier,Shortages and damaged packages documented for supplier debit note claim,Records damaged/rejected quantity; isolates damaged stock into quarantine location,P1,Partial,Supported via GRN rejection quantities with reason code tagging.,Baseline,Cross-persona,P1,Unchanged,Partial,"Code review 2026-10-04 (agent-reviewed, spot-checked): Partial. quantity_rejected and rejection_reason are recorded and rejected stock is excluded, but no quarantine location is used.",P2P,Procure to pay,,purchases,RUN,Core,Cross-persona,Medium,Medium,Low,Pilot,Partial,Not verified,Not verified,Not verified,Not verified,No,Built - partial,P1,6,,,,,,,,,Not run,Inventory / Warehouse,Inventory / Warehouse,UNCHANGED,Authored,,,,No,No,Validated (Supported),Partial,backend/purchases/models.py:GoodsReceiptItem,"quantity_rejected and rejection_reason are recorded and rejected stock is excluded, but no quarantine location is used."
X-0219,X,Multiple / Cross-persona,Procure-to-Pay,GRN → purchase order received quantity is updated,System / Procurement Engine,Purchase Manager,Purchase order line received quantities updated; tracks partial shipment balances,Updates received_quantity on PO lines; marks PO as PARTIALLY_RECEIVED or RECEIVED,P1,Mechanism not found,Automated PO line-item balance reconciliation upon GRN posting.,Baseline,Cross-persona,P1,Unchanged,Mechanism not found,"Code review 2026-10-04 (agent-reviewed, spot-checked): Contradicted. GRN completion does not update PO lines; no received_quantity or PARTIALLY_RECEIVED/RECEIVED status exists.",P2P,Procure to pay,,purchases,RUN,Core,Cross-persona,Medium,Medium,Low,Pilot,Not in code,Not verified,Not verified,Not verified,Not verified,No,Gap,P1,6,,,,,,,,,Not run,System / Automation,System / Automation,UNCHANGED,Authored,,,,No,No,Validated (Supported),Contradicted,backend/purchases/grn_service.py:GoodsReceiptService; backend/purchases/models.py:PurchaseOrder,GRN completion does not update PO lines; no received_quantity or PARTIALLY_RECEIVED/RECEIVED status exists.
X-0220,X,Multiple / Cross-persona,Procure-to-Pay,Supplier invoice arrives → invoice is matched against PO/GRN,In-house Accountant,Purchase Manager,"3-way matching between Purchase Order, Goods Receipt Note, and Supplier Tax Invoice","Matches invoice quantities, unit prices, and tax rates against GRN and PO records",P1,Partial,Supported via 3-way matching interface in /purchases/invoices/create. | Drift check 2026-10-05: match_bill_to_po 3-way match exists in purchases/services.py,Baseline,Cross-persona,P1,Unchanged,Mechanism not found,"Code review 2026-10-04 (agent-reviewed, spot-checked): Contradicted. No PO/GRN/invoice matching exists; GRN converts to a bill but invoices are not compared with PO or GRN.",P2P,Procure to pay,,purchases,RUN,Core,Cross-persona,Medium,Medium,Low,Pilot,Not in code,Not verified,Not verified,Not verified,Not verified,No,Built - partial,P1,6,,,,,,,,,Not run,Accountant / Finance,Accountant / Finance,UNCHANGED,Authored,,,,No,No,Validated (Supported),Contradicted,"none found: searched three_way, 3-way, match_status, mismatch, tolerance in backend/purchases",No PO/GRN/invoice matching exists; GRN converts to a bill but invoices are not compared with PO or GRN.
X-0221,X,Multiple / Cross-persona,Procure-to-Pay,Quantity mismatch → exception is generated,In-house Accountant,Purchase Manager,Discrepancy flagged when billed invoice quantity exceeds physically received GRN quantity,Generates Quantity Mismatch exception; blocks automated invoice approval pending review,P1,Mechanism not found,Automated validation check; surfaces variance warning badge on invoice line.,Baseline,Cross-persona,P1,Unchanged,Mechanism not found,"Code review 2026-10-04 (agent-reviewed, spot-checked): Contradicted. No billed-versus-received quantity check or approval block exists.",P2P,Procure to pay,,purchases,RUN,Core,Cross-persona,Medium,Medium,Low,Pilot,Not in code,Not verified,Not verified,Not verified,Not verified,No,Gap,P1,6,,,,,,,,,Not run,Accountant / Finance,Accountant / Finance,UNCHANGED,Authored,,,,No,No,Validated (Supported),Contradicted,"none found: searched quantity_mismatch, variance, mismatch in backend/purchases",No billed-versus-received quantity check or approval block exists.
X-0222,X,Multiple / Cross-persona,Procure-to-Pay,Price mismatch → exception is generated,In-house Accountant,Purchase Manager,Discrepancy flagged when billed unit price exceeds PO contracted price,Generates Price Variance exception; requires Purchase Manager authorization to accept,P1,Partial,Automated price variance check against PO master rate. | Drift check 2026-10-05: Price variance breach is raised by the 3-way match and the WAVG variance journal,Baseline,Cross-persona,P1,Unchanged,Mechanism not found,"Code review 2026-10-04 (agent-reviewed, spot-checked): Contradicted. No bill-rate versus PO-rate check; only a historical PURCHASE_PRICE_JUMP alert exists.",P2P,Procure to pay,,purchases,RUN,Core,Cross-persona,Medium,Medium,Low,Pilot,Not in code,Not verified,Not verified,Not verified,Not verified,No,Built - partial,P1,6,,,,,,,,,Not run,Accountant / Finance,Accountant / Finance,UNCHANGED,Authored,,,,No,No,Validated (Supported),Contradicted,"none found: searched price_variance, tolerance, contracted rate in backend/purchases",No bill-rate versus PO-rate check; only a historical PURCHASE_PRICE_JUMP alert exists.
X-0223,X,Multiple / Cross-persona,Procure-to-Pay,Tax mismatch → exception is generated,In-house Accountant,Supplier,Discrepancy flagged when supplier tax rate or calculation differs from configured HSN rate,Flags statutory tax mismatch; prevents incorrect Input Tax Credit (ITC) booking,P1,Partial,GST Guard validation rule checking invoice tax against master HSN schedule.,Baseline,Cross-persona,P1,Unchanged,Partial,"Code review 2026-10-04 (agent-reviewed, spot-checked): Partial. GST health flags non-standard rates, but no comparison against the HSN master rate at purchase entry.",P2P,Procure to pay,,purchases,RUN,Core,Cross-persona,Medium,Medium,Low,Pilot,Partial,Not verified,Not verified,Not verified,Not verified,No,Built - partial,P1,6,,,,,,,,,Not run,Accountant / Finance,Accountant / Finance,UNCHANGED,Authored,,,,No,No,Validated (Supported),Partial,backend/reporting/gst_health.py:build_gst_health,"GST health flags non-standard rates, but no comparison against the HSN master rate at purchase entry."
X-0224,X,Multiple / Cross-persona,Procure-to-Pay,Supplier invoice accepted → payable is created,System / Ledger Engine,In-house Accountant,Accounts Payable liability booked in general ledger for supplier settlement,Credits Supplier Accounts Payable ledger account; debits Purchase Expense/Inventory asset in GL,P1,Validated (Supported),Core system invariant: PurchaseInvoice completion atomically creates double-entry AP voucher.,Baseline,Cross-persona,P1,Restored to authored P1. The previous workbook had P0 after a keyword rebalance.,Code symbol found,Matched PurchaseInvoice in product code. This is not a functional test. Restored to authored P1. The previous workbook had P0 after a keyword rebalance.,P2P,Procure to pay,,purchases,RUN,Core,Cross-persona,Medium,Medium,Low,Pilot,Cited in code,Not verified,Not verified,Not verified,Not verified,No,Built - unverified,P1,6,,,,,,,,,Not run,System / Automation,System / Automation,RESTORED_TO_AUTHORED,Authored,,backend/purchases/models.py:PurchaseInvoice,backend/tests/test_a03_preview.py; backend/tests/test_a11_a12_stock_cost.py; backend/tests/test_a13_a14_reporting_sales.py,No,No,,,,
X-0225,X,Multiple / Cross-persona,Procure-to-Pay,Purchase → GST input tax is calculated,Tax Calculation Engine,In-house Accountant,Input Tax Credit (ITC) calculated and credited to CGST/SGST/IGST input tax ledgers,Debits GST Input Tax ledger accounts; populates inward tax summary for GSTR-3B Table 4,P1,Validated (Supported),Supported via TaxEngine inward tax calculation.,Baseline,Cross-persona,P1,Unchanged,Code symbol found,Matched TaxEngine in product code. This is not a functional test.,P2P,Procure to pay,,purchases,RUN,Core,Cross-persona,Medium,Medium,Low,Pilot,Cited in code,Not verified,Not verified,Not verified,Not verified,No,Built - unverified,P1,6,,,,,,,,,Not run,System / Automation,System / Automation,UNCHANGED,Authored,,backend/core/services/tax_engine/base.py:TaxEngine,,No,No,,,,
X-0226,X,Multiple / Cross-persona,Procure-to-Pay,Purchase → eligible ITC is identified,In-house Accountant,External CA,Categorization of input tax credit as eligible or ineligible (blocked under Section 17(5)),"Tags ITC eligibility status; separates blocked ITC (motor vehicles, food) from eligible trade ITC",P1,Partial,Supported via Section 17(5) blocked credit selector on purchase invoice line items.,Baseline,Cross-persona,P1,Restored to authored P1. The previous workbook had P0 after a keyword rebalance.,Partial,"Restored to authored P1. The previous workbook had P0 after a keyword rebalance. Code review 2026-10-04 (agent-reviewed, spot-checked): Partial. ITC eligibility enum (claimable/ineligible/reversed) exists; no Section 17(5) blocked-category selector on lines.",P2P,Procure to pay,,purchases,RUN,Core,Cross-persona,Medium,Medium,Low,Pilot,Partial,Not verified,Not verified,Not verified,Not verified,No,Built - partial,P1,6,,,,,,,,,Not run,Accountant / Finance,Accountant / Finance,RESTORED_TO_AUTHORED,Authored,,,,No,No,Validated (Supported),Partial,backend/purchases/models.py:PurchaseInvoice,ITC eligibility enum (claimable/ineligible/reversed) exists; no Section 17(5) blocked-category selector on lines.
X-0227,X,Multiple / Cross-persona,Procure-to-Pay,Supplier payment recorded → payable decreases,Accounts Cashier,Supplier,Payment disbursement to vendor via NEFT/RTGS/Cheque recorded in system,Debits Supplier Accounts Payable account; credits Bank/Cash account; decreases liability,P1,Validated (Supported),Supported via /purchases/payments/create with multi-invoice allocation.,Baseline,Cross-persona,P1,Unchanged,Code reviewed - confirmed,"Code review 2026-10-04 (agent-reviewed, spot-checked): Confirmed. SupplierPayment posts to GL against payable and bank, with allocation to invoices.",P2P,Procure to pay,,purchases,RUN,Core,Cross-persona,Medium,Medium,Low,Pilot,Cited in code,Not verified,Not verified,Not verified,Not verified,No,Built - unverified,P1,6,,,,,,,,,Not run,Accountant / Finance,Accountant / Finance,UNCHANGED,Authored,,,,No,No,Validated (Supported),Confirmed,backend/accounting/services.py:post_supplier_payment; backend/payments/models.py:SupplierPayment,"SupplierPayment posts to GL against payable and bank, with allocation to invoices."
X-0228,X,Multiple / Cross-persona,Procure-to-Pay,Partial supplier payment → remaining payable is maintained,In-house Accountant,Supplier,Accurate tracking of remaining balance on partially paid supplier bills,Maintains exact remaining unpaid balance on purchase invoice; updates AP aging,P1,Validated (Supported),Supported via PaymentAllocation model for purchase invoices.,Baseline,Cross-persona,P1,Unchanged,Code symbol found,Matched PaymentAllocation in product code. This is not a functional test.,P2P,Procure to pay,,purchases,RUN,Core,Cross-persona,Medium,Medium,Low,Pilot,Cited in code,Not verified,Not verified,Not verified,Not verified,No,Built - unverified,P1,6,,,,,,,,,Not run,Accountant / Finance,Accountant / Finance,UNCHANGED,Authored,,backend/payments/models.py:PaymentAllocation,backend/tests/test_a07_dunning.py; backend/tests/test_a13_a14_reporting_sales.py; backend/tests/test_a15_cr090_plus.py,No,No,,,,
X-0229,X,Multiple / Cross-persona,Procure-to-Pay,Supplier credit note → payable and tax impact are adjusted,In-house Accountant,Supplier,"Supplier credit note for rate difference, discounts, or returns applied to reduce payable",Reduces Accounts Payable balance and reverses corresponding Input Tax Credit in GSTR-3B Table 4(B),P1,Validated (Supported),Supported via PurchaseCreditNote model with automated ITC reversal.,Baseline,Cross-persona,P1,Unchanged,Code symbol found,Matched PurchaseCreditNote in product code. This is not a functional test.,P2P,Procure to pay,,purchases,RUN,Core,Cross-persona,Medium,Medium,Low,Pilot,Cited in code,Not verified,Not verified,Not verified,Not verified,No,Built - unverified,P1,6,,,,,,,,,Not run,Accountant / Finance,Accountant / Finance,UNCHANGED,Authored,,backend/purchases/models.py:PurchaseCreditNote,backend/tests/test_a15_cr090_plus.py; backend/tests/test_next_batch_smtp_gsp.py; backend/tests/test_phase1_notes_ledger.py,No,No,,,,
X-0230,X,Multiple / Cross-persona,Procure-to-Pay,Purchase return → inventory decreases,Warehouse Custodian,Supplier,Physical removal of returned goods from warehouse shelves and stock records,Creates StockMovement with movement_type='RETURN_OUTWARD'; decrements StockBalance,P1,Validated (Supported),Core system invariant: PurchaseReturn completion decrements warehouse stock atomically.,Baseline,Cross-persona,P1,Restored to authored P1. The previous workbook had P0 after a keyword rebalance.,Code symbol found,Matched PurchaseReturn in product code. This is not a functional test. Restored to authored P1. The previous workbook had P0 after a keyword rebalance.,P2P,Procure to pay,,purchases,RUN,Core,Cross-persona,Medium,Medium,Low,Pilot,Cited in code,Not verified,Not verified,Not verified,Not verified,No,Built - unverified,P1,6,,,,,,,,,Not run,Inventory / Warehouse,Inventory / Warehouse,RESTORED_TO_AUTHORED,Authored,,backend/inventory/models.py:StockMovement; backend/inventory/models.py:StockBalance; backend/purchases/models.py:PurchaseReturn,backend/tests/test_a10_period_centralization.py; backend/tests/test_a11_a12_stock_cost.py; backend/tests/test_a6_manual_serial_return.py,No,No,,,,
X-0231,X,Multiple / Cross-persona,Procure-to-Pay,Purchase return → supplier balance is adjusted,In-house Accountant,Supplier,Issuance of Purchase Debit Note reducing outstanding balance owed to supplier,Debits Supplier Accounts Payable account; generates legal Purchase Debit Note PDF,P1,Validated (Supported),Supported via PurchaseReturn complete flow; generates PurchaseDebitNote.,Baseline,Cross-persona,P1,Unchanged,Code symbol found,Matched PurchaseDebitNote in product code. This is not a functional test.,P2P,Procure to pay,,purchases,RUN,Core,Cross-persona,Medium,Medium,Low,Pilot,Cited in code,Not verified,Not verified,Not verified,Not verified,No,Built - unverified,P1,6,,,,,,,,,Not run,Accountant / Finance,Accountant / Finance,UNCHANGED,Authored,,backend/purchases/models.py:PurchaseReturn; backend/purchases/models.py:PurchaseDebitNote,backend/tests/test_concurrency_races.py; backend/tests/test_wave22_f2_fifo_serial_mfg.py; backend/tests/test_a11_a12_stock_cost.py,No,No,,,,
X-0232,X,Multiple / Cross-persona,Procure-to-Pay,Purchase return → GST impact is adjusted,Tax Calculation Engine,Accountant / External CA,Input Tax Credit reversed legally in accordance with Section 34 of CGST Act,Reduces eligible ITC; reports debit note in GSTR-3B Table 4(B) and GSTR-2B reconciliation,P1,Partial,Supported via automated statutory ITC reversal calculation.,Baseline,Cross-persona,P1,Restored to authored P1. The previous workbook had P0 after a keyword rebalance.,Partial,"Restored to authored P1. The previous workbook had P0 after a keyword rebalance. Code review 2026-10-04 (agent-reviewed, spot-checked): Partial. Purchase credit notes post reversal and flow to GST data, but 3B Table 4(B) reversal is marked manual review.",P2P,Procure to pay,,purchases,RUN,Core,Cross-persona,Medium,Medium,Low,Pilot,Partial,Not verified,Not verified,Not verified,Not verified,No,Built - partial,P1,6,,,,,,,,,Not run,System / Automation,System / Automation,RESTORED_TO_AUTHORED,Authored,,,,No,No,Validated (Supported),Partial,backend/purchases/notes_services.py:PurchaseNotesService; backend/reporting/gst_returns.py,"Purchase credit notes post reversal and flow to GST data, but 3B Table 4(B) reversal is marked manual review."
X-0233,X,Multiple / Cross-persona,Procure-to-Pay,Supplier invoice discrepancy → accountant is alerted,Alert Notification Engine,In-house Accountant,Accountant alerted immediately to billing anomalies before payment disbursement,Generates high-priority AttentionRowState exception in accounting dashboard,P1,Partial,Supported via attention row exception queue in accounting module.,Baseline,Cross-persona,P1,Unchanged,Partial,"Code review 2026-10-04 (agent-reviewed, spot-checked): Partial. Attention rows exist for price jumps and GST guardrail/2B mismatches, not for PO/GRN invoice discrepancies.",P2P,Procure to pay,,purchases,RUN,Core,Cross-persona,Medium,Medium,Low,Pilot,Partial,Not verified,Not verified,Not verified,Not verified,No,Built - partial,P1,6,,,,,,,,,Not run,System / Automation,System / Automation,UNCHANGED,Authored,,backend/insights/models.py:AttentionRowState,backend/tests/test_attention_outcomes.py; backend/tests/test_b05_attention.py,No,No,Validated (Supported),Partial,backend/insights/models.py:AttentionRowState; backend/insights/attention.py,"Attention rows exist for price jumps and GST guardrail/2B mismatches, not for PO/GRN invoice discrepancies."
X-0234,X,Multiple / Cross-persona,Procure-to-Pay,Supplier invoice correction → original transaction remains traceable,In-house Accountant,Auditor,Adjustments or amendments to supplier bills preserve original document history,Maintains immutable version history; records amendment rationale and approving user,P1,Partial,Core system invariant: complete audit history retained for all AP modifications.,Baseline,Cross-persona,P1,Unchanged,Partial,"Code review 2026-10-04 (agent-reviewed, spot-checked): Partial. Before/after totals are recorded for edited completed bills, but no full version history of the document was found.",P2P,Procure to pay,,purchases,RUN,Core,Cross-persona,Medium,Medium,Low,Pilot,Partial,Not verified,Not verified,Not verified,Not verified,No,Built - partial,P1,6,,,,,,,,,Not run,Accountant / Finance,Accountant / Finance,UNCHANGED,Authored,,,,No,No,Validated (Supported),Partial,backend/core/services/audit.py:record_edited_document_event; backend/purchases/services.py,"Before/after totals are recorded for edited completed bills, but no full version history of the document was found."
X-0235,X,Multiple / Cross-persona,Inventory Lifecycle,Purchase receipt → stock enters inventory,Godown Custodian,Supplier,Warehouse inventory incremented upon physical goods intake,Creates StockMovement (INWARD_PURCHASE); updates StockBalance and FIFO cost layers,P1,Validated (Supported),Supported via PurchaseInvoice completion and standalone GRN flow.,Baseline,Cross-persona,P1,Unchanged,Code symbol found,Matched PurchaseInvoice in product code. This is not a functional test.,INV,Inventory lifecycle,,inventory,RUN,Core,Cross-persona,High,High,Low,Pilot,Cited in code,Not verified,Not verified,Not verified,Not verified,No,Built - unverified,P1,9,,,,,,,,,Not run,Inventory / Warehouse,Inventory / Warehouse,UNCHANGED,Authored,,backend/inventory/models.py:StockMovement; backend/inventory/models.py:StockBalance; backend/purchases/models.py:PurchaseInvoice,backend/tests/test_a10_period_centralization.py; backend/tests/test_a11_a12_stock_cost.py; backend/tests/test_a6_manual_serial_return.py,No,No,,,,
X-0236,X,Multiple / Cross-persona,Inventory Lifecycle,Sale → stock leaves inventory,Counter Clerk / Billing Staff,Customer,Warehouse inventory decremented upon sales invoice completion,Creates StockMovement (OUTWARD_SALE); consumes FIFO cost layer; prevents over-allocation,P1,Validated (Supported),Core system invariant: sales completion atomically decrements stock balance.,Baseline,Cross-persona,P1,Restored to authored P1. The previous workbook had P0 after a keyword rebalance.,Code reviewed - confirmed,"Restored to authored P1. The previous workbook had P0 after a keyword rebalance. Code review 2026-10-04 (agent-reviewed, spot-checked): Confirmed. Completing a sales invoice posts SALE movements, decrements balance, consumes FIFO layers and enforces negative-stock policy.",INV,Inventory lifecycle,,inventory,RUN,Core,Cross-persona,High,High,Low,Pilot,Cited in code,Not verified,Not verified,Not verified,Not verified,No,Built - unverified,P1,9,,,,,,,,,Not run,Billing / Counter Clerk,Billing / Counter Clerk,RESTORED_TO_AUTHORED,Authored,,backend/inventory/models.py:StockMovement,backend/tests/test_a10_period_centralization.py; backend/tests/test_a11_a12_stock_cost.py; backend/tests/test_a6_manual_serial_return.py,No,No,Validated (Supported),Confirmed,backend/sales/services.py:MovementType; backend/inventory/services.py:post_movement; backend/inventory/services.py:_apply_cost_layers,"Completing a sales invoice posts SALE movements, decrements balance, consumes FIFO layers and enforces negative-stock policy."
X-0237,X,Multiple / Cross-persona,Inventory Lifecycle,Sales return → stock comes back into inventory,Godown Custodian,Customer,Customer-returned goods restored to active saleable inventory,Creates StockMovement (RETURN_INWARD); restores stock balance at original cost,P1,Validated (Supported),Supported via SalesReturn approval with inventory restoration enabled.,Baseline,Cross-persona,P1,Unchanged,Code symbol found,Matched SalesReturn in product code. This is not a functional test.,INV,Inventory lifecycle,,inventory,RUN,Core,Cross-persona,High,High,Low,Pilot,Cited in code,Not verified,Not verified,Not verified,Not verified,No,Built - unverified,P1,9,,,,,,,,,Not run,Inventory / Warehouse,Inventory / Warehouse,UNCHANGED,Authored,,backend/inventory/models.py:StockMovement; backend/sales/models.py:SalesReturn,backend/tests/test_a10_period_centralization.py; backend/tests/test_a11_a12_stock_cost.py; backend/tests/test_a6_manual_serial_return.py,No,No,,,,
X-0238,X,Multiple / Cross-persona,Inventory Lifecycle,Purchase return → stock leaves inventory,Godown Custodian,Supplier,Vendor-returned goods removed from warehouse inventory records,Creates StockMovement (RETURN_OUTWARD); reduces stock balance and FIFO cost layer,P1,Validated (Supported),Supported via PurchaseReturn completion.,Baseline,Cross-persona,P1,Unchanged,Code symbol found,Matched PurchaseReturn in product code. This is not a functional test.,INV,Inventory lifecycle,,inventory,RUN,Core,Cross-persona,High,High,Low,Pilot,Cited in code,Not verified,Not verified,Not verified,Not verified,No,Built - unverified,P1,9,,,,,,,,,Not run,Inventory / Warehouse,Inventory / Warehouse,UNCHANGED,Authored,,backend/inventory/models.py:StockMovement; backend/purchases/models.py:PurchaseReturn,backend/tests/test_a10_period_centralization.py; backend/tests/test_a11_a12_stock_cost.py; backend/tests/test_a6_manual_serial_return.py,No,No,,,,
X-0239,X,Multiple / Cross-persona,Inventory Lifecycle,Stock transfer → source location decreases,Godown Custodian (Source),Logistics Coordinator,Inventory deducted from sending warehouse upon inter-godown dispatch,Creates StockMovement (TRANSFER_OUT); reduces source warehouse StockBalance,P1,Validated (Supported),Supported via StockTransfer dispatch step.,Baseline,Cross-persona,P1,Unchanged,Code symbol found,Matched StockTransfer in product code. This is not a functional test.,INV,Inventory lifecycle,,inventory,RUN,Core,Cross-persona,High,High,Low,Pilot,Cited in code,Not verified,Not verified,Not verified,Not verified,No,Built - unverified,P1,9,,,,,,,,,Not run,Inventory / Warehouse,Inventory / Warehouse,UNCHANGED,Authored,,backend/inventory/models.py:StockMovement; backend/inventory/models.py:StockBalance; backend/inventory/models.py:StockTransfer,backend/tests/test_a10_period_centralization.py; backend/tests/test_a11_a12_stock_cost.py; backend/tests/test_a6_manual_serial_return.py,No,No,,,,
X-0240,X,Multiple / Cross-persona,Inventory Lifecycle,Stock transfer → destination location increases,Godown Custodian (Dest),Logistics Coordinator,Inventory added to receiving warehouse upon inter-godown receipt,Creates StockMovement (TRANSFER_IN); increases destination warehouse StockBalance,P1,Validated (Supported),Supported via StockTransfer receive step.,Baseline,Cross-persona,P1,Unchanged,Code symbol found,Matched StockTransfer in product code. This is not a functional test.,INV,Inventory lifecycle,,inventory,RUN,Core,Cross-persona,High,High,Low,Pilot,Cited in code,Not verified,Not verified,Not verified,Not verified,No,Built - unverified,P1,9,,,,,,,,,Not run,Inventory / Warehouse,Inventory / Warehouse,UNCHANGED,Authored,,backend/inventory/models.py:StockMovement; backend/inventory/models.py:StockBalance; backend/inventory/models.py:StockTransfer,backend/tests/test_a10_period_centralization.py; backend/tests/test_a11_a12_stock_cost.py; backend/tests/test_a6_manual_serial_return.py,No,No,,,,
X-0241,X,Multiple / Cross-persona,Inventory Lifecycle,Stock transfer → complete movement history is retained,Logistics Manager,Auditor,"Complete audit trail of transit dates, quantities, and carrier details retained",Maintains StockTransfer record linking dispatch and receipt movements with user IDs,P1,Validated (Supported),Supported via immutable StockTransfer history.,Baseline,Cross-persona,P1,Unchanged,Code symbol found,Matched StockTransfer in product code. This is not a functional test.,INV,Inventory lifecycle,,inventory,RUN,Core,Cross-persona,High,High,Low,Pilot,Cited in code,Not verified,Not verified,Not verified,Not verified,No,Built - unverified,P1,9,,,,,,,,,Not run,Logistics & Delivery,Logistics & Delivery,UNCHANGED,Authored,,backend/inventory/models.py:StockTransfer,backend/tests/test_a10_period_centralization.py; backend/tests/test_a11_a12_stock_cost.py; backend/tests/test_phase4_inventory.py,No,No,,,,
X-0242,X,Multiple / Cross-persona,Inventory Lifecycle,Stock adjustment → authorized user approves adjustment,Warehouse Manager / Owner,Inventory Staff,Manager authorization required before manual stock write-offs or adjustments take effect,"Validates user permission; records approver identity, approval timestamp, and justification",P1,Validated (Supported),Supported via dual-authorization workflow for StockAdjustment records.,Baseline,Cross-persona,P1,Unchanged,Code symbol found,Matched StockAdjustment in product code. This is not a functional test.,INV,Inventory lifecycle,,inventory,RUN,Core,Cross-persona,High,High,Low,Pilot,Cited in code,Not verified,Not verified,Not verified,Not verified,No,Built - unverified,P1,9,,,,,,,,,Not run,Business Owner,Business Owner,UNCHANGED,Authored,,,,No,No,,,,
X-0243,X,Multiple / Cross-persona,Inventory Lifecycle,Stock adjustment → inventory ledger records adjustment,System / Inventory Ledger,Inventory Manager,Stock balance corrected and inventory adjustment voucher posted to general ledger,Creates StockMovement (COUNT_ADJUSTMENT); posts inventory shrinkage expense to GL,P1,Partial,Core system invariant: stock adjustment atomically adjusts both inventory and GL.,Baseline,Cross-persona,P1,Restored to authored P1. The previous workbook had P0 after a keyword rebalance.,Partial,"Restored to authored P1. The previous workbook had P0 after a keyword rebalance. Code review 2026-10-04 (agent-reviewed, spot-checked): Partial. Adjustment posts ADJUSTMENT movement with period-lock check; no GL shrinkage journal posted for it.",INV,Inventory lifecycle,,inventory,RUN,Core,Cross-persona,High,High,Low,Pilot,Partial,Not verified,Not verified,Not verified,Not verified,No,Built - partial,P1,9,,,,,,,,,Not run,System / Automation,System / Automation,RESTORED_TO_AUTHORED,Authored,,backend/inventory/models.py:StockMovement,backend/tests/test_a10_period_centralization.py; backend/tests/test_a11_a12_stock_cost.py; backend/tests/test_a6_manual_serial_return.py,No,No,Validated (Supported),Partial,backend/inventory/views.py:AdjustmentView; backend/inventory/services.py:post_movement,Adjustment posts ADJUSTMENT movement with period-lock check; no GL shrinkage journal posted for it.
X-0244,X,Multiple / Cross-persona,Inventory Lifecycle,Damaged stock → inventory is separated from saleable stock,Godown Custodian,Sales Team,Damaged goods isolated into quarantined virtual bin to prevent accidental customer sale,Transfers quantity from SALEABLE warehouse bin to DAMAGED quarantine bin,P1,Mechanism not found,Supported via warehouse quarantine bin configuration.,Baseline,Cross-persona,P1,Unchanged,Mechanism not found,"Code review 2026-10-04 (agent-reviewed, spot-checked): Contradicted. No quarantine bin; damaged goods are written off by ADJUSTMENT movement, not transferred to a damaged bin.",INV,Inventory lifecycle,,inventory,RUN,Core,Cross-persona,High,High,Low,Pilot,Not in code,Not verified,Not verified,Not verified,Not verified,No,Gap,P1,9,,,,,,,,,Not run,Inventory / Warehouse,Inventory / Warehouse,UNCHANGED,Authored,,,,No,No,Validated (Supported),Contradicted,"none found: searched quarantine, damaged bin, SALEABLE/DAMAGED bin in inventory","No quarantine bin; damaged goods are written off by ADJUSTMENT movement, not transferred to a damaged bin."
X-0245,X,Multiple / Cross-persona,Inventory Lifecycle,Lost stock → inventory adjustment is recorded,Inventory Manager,Business Owner,Missing or stolen items written off with complete financial and quantity loss documentation,Creates StockAdjustment; debits Inventory Shrinkage Expense account; credits Inventory Asset,P1,Validated (Supported),Supported via StockAdjustment with reason code 'THEFT_OR_LOSS'.,Baseline,Cross-persona,P1,Unchanged,Code symbol found,Matched StockAdjustment in product code. This is not a functional test.,INV,Inventory lifecycle,,inventory,RUN,Core,Cross-persona,High,High,Low,Pilot,Cited in code,Not verified,Not verified,Not verified,Not verified,No,Built - unverified,P1,9,,,,,,,,,Not run,Inventory / Warehouse,Inventory / Warehouse,UNCHANGED,Authored,,,,No,No,,,,
X-0246,X,Multiple / Cross-persona,Inventory Lifecycle,Expired stock → sale is prevented/flagged,System / Billing Engine,Pharmacist / Retail Clerk,System hard-blocks checkout if any item in cart is past its statutory expiry date,Validates batch_lot.expiry_date against current date; raises blocking validation error,P0,Validated (Supported),Core system invariant: billing expired stock is strictly blocked at API and UI layers.,Baseline,Cross-persona,P0,Restored to authored P0. The previous workbook had P1 after a keyword rebalance.,Code reviewed - confirmed,"Restored to authored P0. The previous workbook had P1 after a keyword rebalance. Code review 2026-10-04 (agent-reviewed, spot-checked): Confirmed. Issuing from an expired batch raises a blocking error when block_expired_stock is on (default true).",INV,Inventory lifecycle,,inventory,RUN,Core,Cross-persona,High,High,Low,MVP,Cited in code,Not verified,Not verified,Not verified,Not verified,No,Built - tested,P0,9,,,,,,backend/tests/matrices/test_company_settings_matrix.py::test_block_expired_stock; backend/tests/test_phase4_inventory.py::test_expired_batch_is_blocked_on_sale,2026-10-04,"pytest on Postgres 17, manual run",Pass,System / Automation,System / Automation,RESTORED_TO_AUTHORED,Authored,,,,No,No,Validated (Supported),Confirmed,backend/inventory/services.py:post_movement; backend/accounts/models.py:block_expired_stock; backend/inventory/services.py:fefo_batches,Issuing from an expired batch raises a blocking error when block_expired_stock is on (default true).
X-0247,X,Multiple / Cross-persona,Inventory Lifecycle,Near-expiry stock → owner receives alert,Alert Notification Engine,Business Owner / Store Manager,Early warning alerts for stock approaching expiry within 30/60/90 days,Creates BusinessAlertEvent; displays near-expiry alert cards on dashboard,P1,Partial,Supported via automated daily expiry scan in inventory module.,Baseline,Cross-persona,P1,Unchanged,Partial,"Code review 2026-10-04 (agent-reviewed, spot-checked): Partial. Daily sweep logs 7/30/60/90 day bands and emails once; no BusinessAlertEvent or dashboard alert card for expiry.",INV,Inventory lifecycle,,inventory,RUN,Core,Cross-persona,High,High,Low,Pilot,Partial,Not verified,Not verified,Not verified,Not verified,No,Built - partial,P1,9,,,,,,,,,Not run,System / Automation,System / Automation,UNCHANGED,Authored,,backend/insights/models.py:BusinessAlertEvent,backend/tests/test_phase6_insights.py,No,No,Validated (Supported),Partial,backend/inventory/tasks.py:record_expiry_bands_task; backend/inventory/item_stock.py:record_expiry_bands; backend/inventory/models.py:ExpiryAlertLog,Daily sweep logs 7/30/60/90 day bands and emails once; no BusinessAlertEvent or dashboard alert card for expiry.
X-0248,X,Multiple / Cross-persona,Inventory Lifecycle,Batch sale → specific batch quantity decreases,Counter Billing Clerk,Customer,Outward sale accurately deducted from the specific selected manufacturer batch lot,Decrements BatchLot.quantity; creates batch-tagged StockMovement record,P1,Validated (Supported),Core system invariant: batched item sales maintain lot-level perpetual balance.,Baseline,Cross-persona,P1,Unchanged,Code reviewed - confirmed,"Code review 2026-10-04 (agent-reviewed, spot-checked): Confirmed. Sales post batch-tagged movements and reduce the batch-level StockBalance row; there is no BatchLot.quantity field.",INV,Inventory lifecycle,,inventory,RUN,Core,Cross-persona,High,High,Low,Pilot,Cited in code,Not verified,Not verified,Not verified,Not verified,No,Built - unverified,P1,9,,,,,,,,,Not run,Billing / Counter Clerk,Billing / Counter Clerk,UNCHANGED,Authored,,backend/inventory/models.py:BatchLot; backend/inventory/models.py:StockMovement,backend/tests/test_a11_a12_stock_cost.py; backend/tests/test_c02_lot_identity.py; backend/tests/test_cft_cross_flow.py,No,No,Validated (Supported),Confirmed,backend/inventory/models.py:StockBalance; backend/inventory/models.py:StockMovement; backend/inventory/services.py:post_movement,Sales post batch-tagged movements and reduce the batch-level StockBalance row; there is no BatchLot.quantity field.
X-0249,X,Multiple / Cross-persona,Inventory Lifecycle,Serial-number sale → serial is marked as sold,Counter Billing Clerk,Customer,Individual serialized item (IMEI/Serial) marked as SOLD and linked to customer invoice,Updates SerialNumber status to SOLD; records sales invoice reference and warranty start date,P1,Validated (Supported),Supported via SerialNumber lifecycle tracking (AVAILABLE -> SOLD).,Baseline,Cross-persona,P1,Unchanged,Code symbol found,Matched SerialNumber in product code. This is not a functional test.,INV,Inventory lifecycle,,inventory,RUN,Core,Cross-persona,High,High,Low,Pilot,Cited in code,Not verified,Not verified,Not verified,Not verified,No,Built - unverified,P1,9,,,,,,,,,Not run,Billing / Counter Clerk,Billing / Counter Clerk,UNCHANGED,Authored,,backend/inventory/models.py:SerialNumber,backend/tests/test_a6_manual_serial_return.py; backend/tests/test_b4_b5_notes_serial.py; backend/tests/test_c02_lot_identity.py,No,No,,,,
X-0250,X,Multiple / Cross-persona,Inventory Lifecycle,Serial-number return → serial becomes available/returned according to policy,Godown Custodian,Customer,Returned serialized unit verified against sales records and restored to available or RMA status,Validates serial identity; updates SerialNumber status to AVAILABLE or DEFECTIVE_RETURN,P1,Validated (Supported),Supported via SerialNumber return validation in SalesReturn workflow.,Baseline,Cross-persona,P1,Unchanged,Code symbol found,Matched SerialNumber in product code. This is not a functional test.,INV,Inventory lifecycle,,inventory,RUN,Core,Cross-persona,High,High,Low,Pilot,Cited in code,Not verified,Not verified,Not verified,Not verified,No,Built - unverified,P1,9,,,,,,,,,Not run,Inventory / Warehouse,Inventory / Warehouse,UNCHANGED,Authored,,backend/inventory/models.py:SerialNumber; backend/sales/models.py:SalesReturn,backend/tests/test_a6_manual_serial_return.py; backend/tests/test_b4_b5_notes_serial.py; backend/tests/test_c02_lot_identity.py,No,No,,,,
X-0251,X,Multiple / Cross-persona,Inventory Lifecycle,Physical stock count → system stock is compared,Stock Audit Team,Inventory Controller,Auditors record physical counts and system instantly compares against book balances,Calculates count variance = physical_count - book_balance for every audited SKU,P1,Validated (Supported),Supported via StockCountSession counting interface.,Baseline,Cross-persona,P1,Unchanged,Code symbol found,Matched StockCountSession in product code. This is not a functional test.,INV,Inventory lifecycle,,inventory,RUN,Core,Cross-persona,High,High,Low,Pilot,Cited in code,Not verified,Not verified,Not verified,Not verified,No,Built - unverified,P1,9,,,,,,,,,Not run,Inventory / Warehouse,Inventory / Warehouse,UNCHANGED,Authored,,backend/inventory/models.py:StockCountSession,backend/tests/test_c01_godown.py; backend/tests/personas/test_pj_stock_audit_and_adjustments.py,No,No,,,,
X-0252,X,Multiple / Cross-persona,Inventory Lifecycle,Stock variance → discrepancy is created,Inventory Controller,Warehouse Manager,Discrepancies exceeding tolerance thresholds converted into formal review items,Generates Stock Discrepancy item requiring managerial investigation and explanation,P1,Validated (Supported),Supported via StockCountSession variance ledger.,Baseline,Cross-persona,P1,Unchanged,Code symbol found,Matched StockCountSession in product code. This is not a functional test.,INV,Inventory lifecycle,,inventory,RUN,Core,Cross-persona,High,High,Low,Pilot,Cited in code,Not verified,Not verified,Not verified,Not verified,No,Built - unverified,P1,9,,,,,,,,,Not run,Inventory / Warehouse,Inventory / Warehouse,UNCHANGED,Authored,,backend/inventory/models.py:StockCountSession,backend/tests/test_c01_godown.py; backend/tests/personas/test_pj_stock_audit_and_adjustments.py,No,No,,,,
X-0253,X,Multiple / Cross-persona,Inventory Lifecycle,Discrepancy approval → inventory adjustment occurs,Business Owner / Operations Head,Auditor,Approved inventory variances automatically write adjustment movements and post GL loss,Finalizes StockCountSession; creates batch StockMovement adjustments across all verified SKUs,P1,Validated (Supported),Supported via StockCountSession 'Post Adjustments' action with manager sign-off.,Baseline,Cross-persona,P1,Unchanged,Code symbol found,Matched StockCountSession in product code. This is not a functional test.,INV,Inventory lifecycle,,inventory,RUN,Core,Cross-persona,High,High,Low,Pilot,Cited in code,Not verified,Not verified,Not verified,Not verified,No,Built - unverified,P1,9,,,,,,,,,Not run,Business Owner,Business Owner,UNCHANGED,Authored,,backend/inventory/models.py:StockCountSession; backend/inventory/models.py:StockMovement,backend/tests/test_c01_godown.py; backend/tests/personas/test_pj_stock_audit_and_adjustments.py; backend/tests/test_a10_period_centralization.py,No,No,,,,
X-0254,X,Multiple / Cross-persona,Inventory Lifecycle,Inventory adjustment → audit trail records who/why/when,System / Audit Logger,Statutory Auditor,"Immutable log of who authorized each inventory write-off, why, and the exact timestamp","Records adjustment reason, user ID, IP address, and financial write-off value in audit log",P1,Partial,Core system invariant: all inventory adjustments permanently logged in ActivityLog.,Baseline,Cross-persona,P1,Unchanged,Partial,"Code review 2026-10-04 (agent-reviewed, spot-checked): Partial. Adjustment writes an audit event with user, reason and timestamp; IP address and write-off value are not recorded.",INV,Inventory lifecycle,,inventory,RUN,Core,Cross-persona,High,High,Low,Pilot,Partial,Not verified,Not verified,Not verified,Not verified,No,Built - partial,P1,9,,,,,,,,,Not run,System / Automation,System / Automation,UNCHANGED,Authored,,,,No,No,Validated (Supported),Partial,backend/inventory/views.py:AdjustmentView; backend/core/services/audit.py:AuditService,"Adjustment writes an audit event with user, reason and timestamp; IP address and write-off value are not recorded."
X-0255,X,Multiple / Cross-persona,Inventory Lifecycle,FIFO costing → correct cost is assigned to sale,Costing Engine,In-house Accountant,Each outward sale consumes cost from oldest inward inventory layers according to FIFO,Computes exact Cost of Goods Sold (COGS) per sales line; posts accurate gross margin,P1,Validated (Supported),Core system invariant: inventory valuation strictly implements perpetual FIFO costing.,Baseline,Cross-persona,P1,Unchanged,Code reviewed - confirmed,"Code review 2026-10-04 (agent-reviewed, spot-checked): Confirmed. FIFO layers are peeled per sale for COGS when the company valuation method is FIFO (WAVG is default).",INV,Inventory lifecycle,,inventory,RUN,Core,Cross-persona,High,High,Low,Pilot,Cited in code,Not verified,Not verified,Not verified,Not verified,No,Built - unverified,P1,9,,,,,,,,,Not run,System / Automation,System / Automation,UNCHANGED,Authored,,,,No,No,Validated (Supported),Confirmed,backend/inventory/services.py:_apply_cost_layers; backend/inventory/models.py:InventoryCostLayer; backend/sales/cogs_service.py:CogsService,FIFO layers are peeled per sale for COGS when the company valuation method is FIFO (WAVG is default).
X-0256,X,Multiple / Cross-persona,Inventory Lifecycle,Inventory valuation → owner sees current stock value,Reporting & Business Intelligence,Business Owner,Owner views accurate real-time valuation of total warehouse assets across all locations,Calculates inventory asset valuation = SUM(Remaining Stock Layers * Inward Unit Cost),P1,Validated (Supported),Supported via /reports/inventory-valuation/ with category and warehouse filters.,Baseline,Cross-persona,P1,Unchanged,Code reviewed - confirmed,"Code review 2026-10-04 (agent-reviewed, spot-checked): Confirmed. Valuation report computes stock value with warehouse filter from cost layers or running cost.",INV,Inventory lifecycle,,inventory,RUN,Core,Cross-persona,High,High,Low,Pilot,Cited in code,Not verified,Not verified,Not verified,Not verified,No,Built - unverified,P1,9,,,,,,,,,Not run,System / Automation,System / Automation,UNCHANGED,Authored,,,,No,No,Validated (Supported),Confirmed,backend/inventory/views.py:StockValuationReportView; backend/inventory/services.py:InventoryValuationService; web/src/pages/reports/StockValuationPage.tsx,Valuation report computes stock value with warehouse filter from cost layers or running cost.
X-0257,X,Multiple / Cross-persona,Inventory Lifecycle,Inventory movement → historical transaction remains immutable,System / Database Engine,Auditor,Completed inventory transactions cannot be deleted or modified; reversals require new movement,Enforces append-only ledger pattern; guarantees ledger integrity and audit defensibility,P1,Validated (Supported),Core system invariant: StockMovement table is append-only; update/delete operations blocked.,Baseline,Cross-persona,P1,Unchanged,Code symbol found,Matched StockMovement in product code. This is not a functional test.,INV,Inventory lifecycle,,inventory,RUN,Core,Cross-persona,High,High,Low,Pilot,Cited in code,Not verified,Not verified,Not verified,Not verified,No,Built - unverified,P1,9,,,,,,,,,Not run,System / Automation,System / Automation,UNCHANGED,Authored,,backend/inventory/models.py:StockMovement,backend/tests/test_a10_period_centralization.py; backend/tests/test_a11_a12_stock_cost.py; backend/tests/test_a6_manual_serial_return.py,No,No,,,,
X-0258,X,Multiple / Cross-persona,Multi-Godown / Multi-Store,Shop requests stock from godown,Store Manager,Central Godown Keeper,Retail shop raises digital requisition for replenishment from central godown,Creates StockTransferRequest in DRAFT status specifying required SKUs and quantities,P1,Mechanism not found,Supported via Stock Transfer Request workflow.,Baseline,Cross-persona,P1,Unchanged,Mechanism not found,"Code review 2026-10-04 (agent-reviewed, spot-checked): Contradicted. No transfer request model exists; only direct StockTransfer drafts.",WH,Multi-godown and multi-store,,inventory,RUN,Core,Cross-persona,Medium,Medium,Low,Pilot,Not in code,Not verified,Not verified,Not verified,Not verified,No,Gap,P1,6,,,,,,,,,Not run,Inventory / Warehouse,Inventory / Warehouse,UNCHANGED,Authored,,,,No,No,Validated (Supported),Contradicted,"none found: searched StockTransferRequest, transfer request, requisition",No transfer request model exists; only direct StockTransfer drafts.
X-0259,X,Multiple / Cross-persona,Multi-Godown / Multi-Store,Godown approves stock request,Central Godown Keeper,Store Manager,Central godown verifies availability and approves store replenishment requisition,Updates transfer request status to APPROVED; generates warehouse picking ticket,P1,Mechanism not found,Supported via Transfer Request approval screen.,Baseline,Cross-persona,P1,Unchanged,Mechanism not found,"Code review 2026-10-04 (agent-reviewed, spot-checked): Contradicted. No request approval status or picking ticket; transfers only go DRAFT to COMPLETED.",WH,Multi-godown and multi-store,,inventory,RUN,Core,Cross-persona,Medium,Medium,Low,Pilot,Not in code,Not verified,Not verified,Not verified,Not verified,No,Gap,P1,6,,,,,,,,,Not run,Inventory / Warehouse,Inventory / Warehouse,UNCHANGED,Authored,,,,No,No,Validated (Supported),Contradicted,"none found: searched StockTransferRequest, APPROVED transfer, picking ticket",No request approval status or picking ticket; transfers only go DRAFT to COMPLETED.
X-0260,X,Multiple / Cross-persona,Multi-Godown / Multi-Store,Godown allocates stock,Godown Custodian,Logistics Dispatcher,Stock committed and reserved at source godown for transfer dispatch,"Reserves inventory at source warehouse, preventing local order allocation",P1,Mechanism not found,Supported via automated inventory reservation on transfer approval.,Baseline,Cross-persona,P1,Unchanged,Mechanism not found,"Code review 2026-10-04 (agent-reviewed, spot-checked): Contradicted. Code comment states DRAFT transfers do not reserve stock; stock moves only at completion.",WH,Multi-godown and multi-store,,inventory,RUN,Core,Cross-persona,Medium,Medium,Low,Pilot,Not in code,Not verified,Not verified,Not verified,Not verified,No,Gap,P1,6,,,,,,,,,Not run,Inventory / Warehouse,Inventory / Warehouse,UNCHANGED,Authored,,,,No,No,Validated (Supported),Contradicted,backend/inventory/services.py:StockTransferService,Code comment states DRAFT transfers do not reserve stock; stock moves only at completion.
X-0261,X,Multiple / Cross-persona,Multi-Godown / Multi-Store,Goods dispatched from godown,Godown Custodian,Delivery Driver,Stock dispatched with inter-godown delivery challan; moves into transit state,Updates StockTransfer status to IN_TRANSIT; decrements source godown on-hand inventory,P1,Validated (Supported),Supported via StockTransfer dispatch step with Challan generation.,Baseline,Cross-persona,P1,Unchanged,Code symbol found,Matched StockTransfer in product code. This is not a functional test.,WH,Multi-godown and multi-store,,inventory,RUN,Core,Cross-persona,Medium,Medium,Low,Pilot,Cited in code,Not verified,Not verified,Not verified,Not verified,No,Built - unverified,P1,6,,,,,,,,,Not run,Inventory / Warehouse,Inventory / Warehouse,UNCHANGED,Authored,,backend/inventory/models.py:StockTransfer,backend/tests/test_a10_period_centralization.py; backend/tests/test_a11_a12_stock_cost.py; backend/tests/test_phase4_inventory.py,No,No,,,,
X-0262,X,Multiple / Cross-persona,Multi-Godown / Multi-Store,Destination receives goods,Store Custodian,Delivery Driver,Destination store verifies received physical boxes against transfer delivery challan,Records received quantities; marks transfer status as RECEIVED,P1,Validated (Supported),Supported via StockTransfer receipt confirmation screen.,Baseline,Cross-persona,P1,Unchanged,Code symbol found,Matched StockTransfer in product code. This is not a functional test.,WH,Multi-godown and multi-store,,inventory,RUN,Core,Cross-persona,Medium,Medium,Low,Pilot,Cited in code,Not verified,Not verified,Not verified,Not verified,No,Built - unverified,P1,6,,,,,,,,,Not run,Inventory / Warehouse,Inventory / Warehouse,UNCHANGED,Authored,,backend/inventory/models.py:StockTransfer,backend/tests/test_a10_period_centralization.py; backend/tests/test_a11_a12_stock_cost.py; backend/tests/test_phase4_inventory.py,No,No,,,,
X-0263,X,Multiple / Cross-persona,Multi-Godown / Multi-Store,Source inventory decreases,System / Inventory Ledger,Source Godown Keeper,Source godown stock balance reduced upon transfer dispatch,Creates StockMovement (TRANSFER_OUT) at source warehouse,P1,Validated (Supported),Core system invariant: stock transfer dispatch immediately reduces source stock.,Baseline,Cross-persona,P1,Unchanged,Code reviewed - confirmed,"Code review 2026-10-04 (agent-reviewed, spot-checked): Confirmed. Completing a transfer posts TRANSFER_OUT at the source warehouse, reducing its balance.",WH,Multi-godown and multi-store,,inventory,RUN,Core,Cross-persona,Medium,Medium,Low,Pilot,Cited in code,Not verified,Not verified,Not verified,Not verified,No,Built - unverified,P1,6,,,,,,,,,Not run,System / Automation,System / Automation,UNCHANGED,Authored,,backend/inventory/models.py:StockMovement,backend/tests/test_a10_period_centralization.py; backend/tests/test_a11_a12_stock_cost.py; backend/tests/test_a6_manual_serial_return.py,No,No,Validated (Supported),Confirmed,backend/inventory/services.py:StockTransferService; backend/inventory/models.py:MovementType; backend/inventory/models.py:StockMovement,"Completing a transfer posts TRANSFER_OUT at the source warehouse, reducing its balance."
X-0264,X,Multiple / Cross-persona,Multi-Godown / Multi-Store,Destination inventory increases,System / Inventory Ledger,Store Manager,Destination shop stock balance increased upon transfer receipt confirmation,Creates StockMovement (TRANSFER_IN) at destination warehouse,P1,Partial,Core system invariant: stock transfer receipt immediately increases destination stock.,Baseline,Cross-persona,P1,Unchanged,Partial,"Code review 2026-10-04 (agent-reviewed, spot-checked): Partial. TRANSFER_IN is posted at the destination, but in the same step as dispatch, not on separate receipt confirmation.",WH,Multi-godown and multi-store,,inventory,RUN,Core,Cross-persona,Medium,Medium,Low,Pilot,Partial,Not verified,Not verified,Not verified,Not verified,No,Built - partial,P1,6,,,,,,,,,Not run,System / Automation,System / Automation,UNCHANGED,Authored,,backend/inventory/models.py:StockMovement,backend/tests/test_a10_period_centralization.py; backend/tests/test_a11_a12_stock_cost.py; backend/tests/test_a6_manual_serial_return.py,No,No,Validated (Supported),Partial,backend/inventory/services.py:StockTransferService; backend/inventory/models.py:StockMovement,"TRANSFER_IN is posted at the destination, but in the same step as dispatch, not on separate receipt confirmation."
X-0265,X,Multiple / Cross-persona,Multi-Godown / Multi-Store,Transfer discrepancy is recorded,Store Custodian,Logistics Manager,Shortages during inter-godown transit flagged and documented for carrier investigation,Records discrepancy quantity; generates in-transit shrinkage investigation row,P1,Validated (Supported),Supported via partial receipt and discrepancy logging on StockTransfer.,Baseline,Cross-persona,P1,Unchanged,Code symbol found,Matched StockTransfer in product code. This is not a functional test.,WH,Multi-godown and multi-store,,inventory,RUN,Core,Cross-persona,Medium,Medium,Low,Pilot,Cited in code,Not verified,Not verified,Not verified,Not verified,No,Built - unverified,P1,6,,,,,,,,,Not run,Inventory / Warehouse,Inventory / Warehouse,UNCHANGED,Authored,,backend/inventory/models.py:StockTransfer,backend/tests/test_a10_period_centralization.py; backend/tests/test_a11_a12_stock_cost.py; backend/tests/test_phase4_inventory.py,No,No,,,,
X-0266,X,Multiple / Cross-persona,Multi-Godown / Multi-Store,Transfer damage is recorded,Store Custodian,Insurance / Transporter,Goods damaged during road transit recorded and segregated upon destination arrival,Routes damaged units to quarantine; logs transit loss write-off claim,P1,Mechanism not found,Supported via damaged stock tagging during transfer intake.,Baseline,Cross-persona,P1,Unchanged,Mechanism not found,"Code review 2026-10-04 (agent-reviewed, spot-checked): Contradicted. Transfer lines carry no damaged quantity and no quarantine or loss-claim handling.",WH,Multi-godown and multi-store,,inventory,RUN,Core,Cross-persona,Medium,Medium,Low,Pilot,Not in code,Not verified,Not verified,Not verified,Not verified,No,Gap,P1,6,,,,,,,,,Not run,Inventory / Warehouse,Inventory / Warehouse,UNCHANGED,Authored,,,,No,No,Validated (Supported),Contradicted,"none found: searched transit damage, transfer damage, transit loss claim",Transfer lines carry no damaged quantity and no quarantine or loss-claim handling.
X-0267,X,Multiple / Cross-persona,Multi-Godown / Multi-Store,Transfer cancellation reverses appropriate inventory state,Logistics Manager,Godown Staff,Cancelled transfer safely restores reserved or dispatched stock back to source godown,Reverses in-transit state; restores source warehouse on-hand balance without data corruption,P1,Validated (Supported),Supported via StockTransfer cancel workflow with atomic state reversal.,Baseline,Cross-persona,P1,Restored to authored P1. The previous workbook had P0 after a keyword rebalance.,Code symbol found,Matched StockTransfer in product code. This is not a functional test. Restored to authored P1. The previous workbook had P0 after a keyword rebalance.,WH,Multi-godown and multi-store,,inventory,RUN,Core,Cross-persona,Medium,Medium,Low,Pilot,Cited in code,Not verified,Not verified,Not verified,Not verified,No,Built - unverified,P1,6,,,,,,,,,Not run,Logistics & Delivery,Logistics & Delivery,RESTORED_TO_AUTHORED,Authored,,backend/inventory/models.py:StockTransfer,backend/tests/test_a10_period_centralization.py; backend/tests/test_a11_a12_stock_cost.py; backend/tests/test_phase4_inventory.py,No,No,,,,
X-0268,X,Multiple / Cross-persona,Multi-Godown / Multi-Store,Owner views consolidated inventory,Reporting & Business Intelligence,Business Owner,Unified view of total stock holdings across all stores and godowns on single screen,Aggregates stock quantities and valuations across all company warehouses,P1,Validated (Supported),Supported via /inventory/ with All-Warehouses view.,Baseline,Cross-persona,P1,Unchanged,Code reviewed - confirmed,"Code review 2026-10-04 (agent-reviewed, spot-checked): Confirmed. Stock page groups per product across all godowns by default.",WH,Multi-godown and multi-store,,inventory,RUN,Core,Cross-persona,Medium,Medium,Low,Pilot,Cited in code,Not verified,Not verified,Not verified,Not verified,No,Built - unverified,P1,6,,,,,,,,,Not run,System / Automation,System / Automation,UNCHANGED,Authored,,,,No,No,Validated (Supported),Confirmed,web/src/pages/inventory/CurrentStockPage.tsx:CurrentStockPage; backend/inventory/views.py:StockBalanceViewSet,Stock page groups per product across all godowns by default.
X-0269,X,Multiple / Cross-persona,Multi-Godown / Multi-Store,Owner drills from consolidated stock to location,Reporting & Business Intelligence,Business Owner,Drill down from company-wide product stock to see exact quantity held at each godown,Displays location breakdown popup showing individual warehouse balances for the SKU,P1,Validated (Supported),Supported via SKU detail drawer with location breakdown table.,Baseline,Cross-persona,P1,Unchanged,Code reviewed - confirmed,"Code review 2026-10-04 (agent-reviewed, spot-checked): Confirmed. Aggregated product rows expand to show per-godown lots; an inline expansion rather than a drawer.",WH,Multi-godown and multi-store,,inventory,RUN,Core,Cross-persona,Medium,Medium,Low,Pilot,Cited in code,Not verified,Not verified,Not verified,Not verified,No,Built - unverified,P1,6,,,,,,,,,Not run,System / Automation,System / Automation,UNCHANGED,Authored,,,,No,No,Validated (Supported),Confirmed,web/src/pages/inventory/CurrentStockPage.tsx:CurrentStockPage,Aggregated product rows expand to show per-godown lots; an inline expansion rather than a drawer.
X-0270,X,Multiple / Cross-persona,Multi-Godown / Multi-Store,Owner compares location-wise sales,Reporting & Business Intelligence,Business Owner,Compare sales revenue and volume across different retail branches and warehouses,Generates comparative sales reports broken down by originating location,P1,Partial,Supported via /reports/warehouse-sales/ comparative report.,Baseline,Cross-persona,P1,Unchanged,Partial,"Code review 2026-10-04 (agent-reviewed, spot-checked): Partial. Sales register can be filtered by warehouse; no comparative location-wise sales report.",WH,Multi-godown and multi-store,,inventory,RUN,Core,Cross-persona,Medium,Medium,Low,Pilot,Partial,Not verified,Not verified,Not verified,Not verified,No,Built - partial,P1,6,,,,,,,,,Not run,System / Automation,System / Automation,UNCHANGED,Authored,,,,No,No,Validated (Supported),Partial,backend/reporting/services.py:sales_register; backend/reporting/views.py:SalesRegisterView,Sales register can be filtered by warehouse; no comparative location-wise sales report.
X-0271,X,Multiple / Cross-persona,Multi-Godown / Multi-Store,Owner compares location-wise inventory,Reporting & Business Intelligence,Business Owner,Evaluate inventory turnover and stock-to-sales ratios across different locations,Compares stock holding values and inventory velocity between branches,P1,Partial,Supported via Location Inventory Comparison dashboard.,Baseline,Cross-persona,P1,Unchanged,Partial,"Code review 2026-10-04 (agent-reviewed, spot-checked): Partial. Inventory summary and valuation filter by warehouse; no turnover or stock-to-sales comparison across locations.",WH,Multi-godown and multi-store,,inventory,RUN,Core,Cross-persona,Medium,Medium,Low,Pilot,Partial,Not verified,Not verified,Not verified,Not verified,No,Built - partial,P1,6,,,,,,,,,Not run,System / Automation,System / Automation,UNCHANGED,Authored,,,,No,No,Validated (Supported),Partial,backend/reporting/services.py:inventory_summary; backend/inventory/views.py:StockValuationReportView,Inventory summary and valuation filter by warehouse; no turnover or stock-to-sales comparison across locations.
X-0272,X,Multiple / Cross-persona,Multi-Godown / Multi-Store,Owner compares location-wise profitability,Reporting & Business Intelligence,Business Owner,Analyze gross margin and net profit delivered by each individual store and godown,"Generates location P&L allocating revenues, COGS, and localized operating expenses",P1,Partial,Supported via Cost Center / Store P&L reports.,Baseline,Cross-persona,P1,Unchanged,Partial,"Code review 2026-10-04 (agent-reviewed, spot-checked): Partial. P&L can be filtered by cost center only; no warehouse or store P&L with allocated costs.",WH,Multi-godown and multi-store,,inventory,RUN,Core,Cross-persona,Medium,Medium,Low,Pilot,Partial,Not verified,Not verified,Not verified,Not verified,No,Built - partial,P1,6,,,,,,,,,Not run,System / Automation,System / Automation,UNCHANGED,Authored,,,,No,No,Validated (Supported),Partial,backend/accounting/reports.py:profit_and_loss; backend/accounting/reports.py:_balances,P&L can be filtered by cost center only; no warehouse or store P&L with allocated costs.
X-0273,X,Multiple / Cross-persona,Multi-Godown / Multi-Store,One store requests stock from another store,Store Manager (Requesting),Store Manager (Fulfilling),Peer-to-peer stock transfer request between retail stores to meet immediate customer demand,Creates store-to-store requisition; notifies fulfilling store manager for approval,P1,Validated (Supported),Supported via peer-to-peer StockTransfer workflow.,Baseline,Cross-persona,P1,Unchanged,Code symbol found,Matched StockTransfer in product code. This is not a functional test.,WH,Multi-godown and multi-store,,inventory,RUN,Core,Cross-persona,Medium,Medium,Low,Pilot,Cited in code,Not verified,Not verified,Not verified,Not verified,No,Built - unverified,P1,6,,,,,,,,,Not run,Inventory / Warehouse,Inventory / Warehouse,UNCHANGED,Authored,,backend/inventory/models.py:StockTransfer,backend/tests/test_a10_period_centralization.py; backend/tests/test_a11_a12_stock_cost.py; backend/tests/test_phase4_inventory.py,No,No,,,,
X-0274,X,Multiple / Cross-persona,Multi-Godown / Multi-Store,Inter-store transfer is authorized,Store Manager (Fulfilling),Requesting Store,Fulfilling store authorizes transfer of stock to sister outlet,Approves transfer; initiates stock dispatch and challan generation,P1,Partial,Supported via Transfer authorization screen.,Baseline,Cross-persona,P1,Unchanged,Partial,"Code review 2026-10-04 (agent-reviewed, spot-checked): Partial. Complete action executes the transfer under inventory-manage permission; no separate authorization step or challan generation.",WH,Multi-godown and multi-store,,inventory,RUN,Core,Cross-persona,Medium,Medium,Low,Pilot,Partial,Not verified,Not verified,Not verified,Not verified,No,Built - partial,P1,6,,,,,,,,,Not run,Inventory / Warehouse,Inventory / Warehouse,UNCHANGED,Authored,,,,No,No,Validated (Supported),Partial,backend/inventory/views.py:StockTransferViewSet; backend/inventory/services.py:StockTransferService,Complete action executes the transfer under inventory-manage permission; no separate authorization step or challan generation.
X-0275,X,Multiple / Cross-persona,Multi-Godown / Multi-Store,Stock is moved between stores,Store Staff / Driver,Both Store Managers,Physical transportation and receipt of stock between retail outlets completed,Executes TRANSFER_OUT at source store and TRANSFER_IN at destination store,P1,Validated (Supported),Supported via completed StockTransfer state transition.,Baseline,Cross-persona,P1,Unchanged,Code symbol found,Matched StockTransfer in product code. This is not a functional test.,WH,Multi-godown and multi-store,,inventory,RUN,Core,Cross-persona,Medium,Medium,Low,Pilot,Cited in code,Not verified,Not verified,Not verified,Not verified,No,Built - unverified,P1,6,,,,,,,,,Not run,Logistics & Delivery,Logistics & Delivery,UNCHANGED,Authored,,backend/inventory/models.py:StockTransfer,backend/tests/test_a10_period_centralization.py; backend/tests/test_a11_a12_stock_cost.py; backend/tests/test_phase4_inventory.py,No,No,,,,
X-0276,X,Multiple / Cross-persona,Multi-Godown / Multi-Store,Location-specific user sees only authorized inventory,Security / Exception / Recovery,System Administrator,Staff members restricted to viewing and billing only their assigned location's stock,Applies warehouse filter in ORM queries based on user's assigned warehouse permissions,P1,Mechanism not found,Core security invariant: location-scoped RBAC strictly isolates store staff access.,Baseline,Cross-persona,P1,Unchanged,Mechanism not found,"Code review 2026-10-04 (agent-reviewed, spot-checked): Contradicted. Stock queries filter by company only; users have no per-warehouse access restriction.",WH,Multi-godown and multi-store,,inventory,RUN,Core,Cross-persona,Medium,Medium,Low,Pilot,Not in code,Not verified,Not verified,Not verified,Not verified,No,Gap,P1,6,,,,,,,,,Not run,Platform Admin,Platform Admin,UNCHANGED,Authored,,,,No,No,Validated (Supported),Contradicted,"none found: searched warehouse assignment on CompanyUser, location-scoped permissions in accounts and core",Stock queries filter by company only; users have no per-warehouse access restriction.
X-0277,X,Multiple / Cross-persona,Multi-Godown / Multi-Store,Central accountant sees consolidated accounting,Reporting & Business Intelligence,Central Accountant,Head-office accountant accesses unified general ledger combining all branch operations,"Aggregates all store transactions into centralized Trial Balance, P&L, and Balance Sheet",P1,Validated (Supported),Supported via consolidated accounting reports with store dimension slicing.,Baseline,Cross-persona,P1,Unchanged,Code reviewed - confirmed,"Code review 2026-10-04 (agent-reviewed, spot-checked): Confirmed. Company-wide ledger reports (trial balance, P&L, balance sheet) exist with optional cost-center slicing.",WH,Multi-godown and multi-store,,inventory,RUN,Core,Cross-persona,Medium,Medium,Low,Pilot,Cited in code,Not verified,Not verified,Not verified,Not verified,No,Built - unverified,P1,6,,,,,,,,,Not run,System / Automation,System / Automation,UNCHANGED,Authored,,,,No,No,Validated (Supported),Confirmed,backend/accounting/reports.py:profit_and_loss; backend/accounting/reports.py:balance_sheet; backend/accounting/views.py:AccountingReportView,"Company-wide ledger reports (trial balance, P&L, balance sheet) exist with optional cost-center slicing."
X-0278,X,Multiple / Cross-persona,GST / Tax / Compliance,Sales invoice → GST calculation,Tax Calculation Engine,Billing Clerk,Automated GST calculation on sales invoices conforming to Place of Supply rules,"Computes taxable value, CGST/SGST (intra-state) or IGST (inter-state), and cess per line",P1,Validated (Supported),Supported via core TaxEngine; validates tax round-off against statutory Rule 46.,Baseline,Cross-persona,P1,Restored to authored P1. The previous workbook had P0 after a keyword rebalance.,Code symbol found,Matched TaxEngine in product code. This is not a functional test. Restored to authored P1. The previous workbook had P0 after a keyword rebalance.,GST,GST and tax compliance,,accounting,CONTROL,Core,Cross-persona,Critical,High,High,Pilot,Cited in code,Not verified,Not verified,Not verified,Not verified,No,Built - unverified,P1,27,,,,,,,,,Not run,System / Automation,System / Automation,RESTORED_TO_AUTHORED,Authored,,backend/core/services/tax_engine/base.py:TaxEngine,,No,No,,,,
X-0279,X,Multiple / Cross-persona,GST / Tax / Compliance,Purchase invoice → input GST calculation,Tax Calculation Engine,In-house Accountant,Automated input GST breakdown on inward purchase bills for tax credit claims,"Calculates eligible input tax credit; records CGST, SGST, IGST input ledger entries",P1,Validated (Supported),Supported via purchase invoice tax calculation module.,Baseline,Cross-persona,P1,Unchanged,Code reviewed - confirmed,"Code review 2026-10-04 (agent-reviewed, spot-checked): Confirmed. Purchase completion computes input CGST/SGST/IGST and posts to input GST ledgers or 1390 suspense by ITC status.",GST,GST and tax compliance,,accounting,CONTROL,Core,Cross-persona,Critical,High,High,Pilot,Cited in code,Not verified,Not verified,Not verified,Not verified,No,Built - unverified,P1,27,,,,,,,,,Not run,System / Automation,System / Automation,UNCHANGED,Authored,,,,No,No,Validated (Supported),Confirmed,backend/accounting/services.py:post_purchase; backend/core/services/tax_engine/india.py:compute_document_totals,Purchase completion computes input CGST/SGST/IGST and posts to input GST ledgers or 1390 suspense by ITC status.
X-0280,X,Multiple / Cross-persona,GST / Tax / Compliance,HSN selection → appropriate tax treatment,Master Data & Authorization,Billing Clerk,Selecting product HSN automatically populates correct statutory tax rates and cess,Inherits GST tax rate and cess configuration from HSN master schedule,P1,Validated (Supported),Core system invariant: line-item tax rate strictly defaults to product HSN master.,Baseline,Cross-persona,P1,Unchanged,Code reviewed - confirmed,"Code review 2026-10-04 (agent-reviewed, spot-checked): Confirmed. Line rate defaults from product/HSN master with dated rate resolution; override needs a reason.",GST,GST and tax compliance,,accounting,CONTROL,Core,Cross-persona,Critical,High,High,Pilot,Cited in code,Not verified,Not verified,Not verified,Not verified,No,Built - unverified,P1,27,,,,,,,,,Not run,Platform Admin,Platform Admin,UNCHANGED,Authored,,,,No,No,Validated (Supported),Confirmed,backend/masters/hsn_catalog.py:line_gst_decision; backend/core/services/tax_engine/india.py:apply_effective_gst_rate,Line rate defaults from product/HSN master with dated rate resolution; override needs a reason.
X-0281,X,Multiple / Cross-persona,GST / Tax / Compliance,Customer GSTIN → invoice tax treatment,System / Tax Engine,Billing Clerk,Customer GSTIN state code determines intra-state (CGST+SGST) vs inter-state (IGST) taxation,Compares company GSTIN state code with customer GSTIN state code; selects tax regime,P1,Validated (Supported),Automated Place of Supply evaluation based on first two digits of customer GSTIN.,Baseline,Cross-persona,P1,Unchanged,Code reviewed - confirmed,"Code review 2026-10-04 (agent-reviewed, spot-checked): Confirmed. Party GSTIN prefix is compared with company state to choose intra or inter-state tax.",GST,GST and tax compliance,,accounting,CONTROL,Core,Cross-persona,Critical,High,High,Pilot,Cited in code,Not verified,Not verified,Not verified,Not verified,No,Built - unverified,P1,27,,,,,,,,,Not run,System / Automation,System / Automation,UNCHANGED,Authored,,,,No,No,Validated (Supported),Confirmed,backend/core/services/tax_engine/india.py:is_intra_state; backend/core/services/place_of_supply.py:party_state_code,Party GSTIN prefix is compared with company state to choose intra or inter-state tax.
X-0282,X,Multiple / Cross-persona,GST / Tax / Compliance,Supplier GSTIN → purchase tax treatment,System / Tax Engine,In-house Accountant,Supplier GSTIN state code determines intra-state vs inter-state input tax booking,Evaluates supplier state; posts input tax to CGST+SGST or IGST input ledgers,P1,Validated (Supported),Automated tax regime selection based on supplier GSTIN state prefix.,Baseline,Cross-persona,P1,Unchanged,Code reviewed - confirmed,"Code review 2026-10-04 (agent-reviewed, spot-checked): Confirmed. Purchase documents use the same engine, deriving regime from supplier GSTIN state.",GST,GST and tax compliance,,accounting,CONTROL,Core,Cross-persona,Critical,High,High,Pilot,Cited in code,Not verified,Not verified,Not verified,Not verified,No,Built - unverified,P1,27,,,,,,,,,Not run,System / Automation,System / Automation,UNCHANGED,Authored,,,,No,No,Validated (Supported),Confirmed,backend/core/services/place_of_supply.py:party_intra_state; backend/core/services/tax_engine/india.py:compute_document_totals,"Purchase documents use the same engine, deriving regime from supplier GSTIN state."
X-0283,X,Multiple / Cross-persona,GST / Tax / Compliance,Intra-state transaction → CGST/SGST treatment,Tax Calculation Engine,Billing Clerk,Local transactions within same state accurately split tax 50/50 between CGST and SGST,Calculates equal CGST and SGST line amounts; credits individual central and state tax ledgers,P1,Validated (Supported),Core tax invariant: intra-state tax split exactly into 50% CGST and 50% SGST.,Baseline,Cross-persona,P1,Unchanged,Code reviewed - confirmed,"Code review 2026-10-04 (agent-reviewed, spot-checked): Confirmed. Intra-state tax is split into equal CGST and SGST halves per line.",GST,GST and tax compliance,,accounting,CONTROL,Core,Cross-persona,Critical,High,High,Pilot,Cited in code,Not verified,Not verified,Not verified,Not verified,No,Built - unverified,P1,27,,,,,,,,,Not run,System / Automation,System / Automation,UNCHANGED,Authored,,,,No,No,Validated (Supported),Confirmed,backend/core/services/tax_engine/india.py:_apply_line_tax,Intra-state tax is split into equal CGST and SGST halves per line.
X-0284,X,Multiple / Cross-persona,GST / Tax / Compliance,Inter-state transaction → IGST treatment,Tax Calculation Engine,Billing Clerk,Out-of-state transactions accurately charged integrated goods and services tax (IGST),Calculates full tax percentage under IGST; credits IGST liability ledger,P1,Validated (Supported),Core tax invariant: inter-state sales booked exclusively under IGST.,Baseline,Cross-persona,P1,Unchanged,Code reviewed - confirmed,"Code review 2026-10-04 (agent-reviewed, spot-checked): Confirmed. Inter-state lines carry the full tax in igst with cgst and sgst zero.",GST,GST and tax compliance,,accounting,CONTROL,Core,Cross-persona,Critical,High,High,Pilot,Cited in code,Not verified,Not verified,Not verified,Not verified,No,Built - unverified,P1,27,,,,,,,,,Not run,System / Automation,System / Automation,UNCHANGED,Authored,,,,No,No,Validated (Supported),Confirmed,backend/core/services/tax_engine/india.py:_apply_line_tax,Inter-state lines carry the full tax in igst with cgst and sgst zero.
X-0285,X,Multiple / Cross-persona,GST / Tax / Compliance,GST invoice → reporting dataset is updated,System / Reporting Engine,In-house Accountant,Completed tax invoice automatically populates monthly GSTR-1 outward filing dataset,"Adds record to GSTR-1 worksheet in appropriate table (B2B, B2CL, B2CS, HSN Summary)",P1,Validated (Supported),Supported via automated GSTR-1 worksheet compiler in gst module.,Baseline,Cross-persona,P1,Unchanged,Code reviewed - confirmed,"Code review 2026-10-04 (agent-reviewed, spot-checked): Confirmed. build_gstr1 compiles B2B, B2CL, B2CS, CDNR and HSN tables from completed invoices in the period.",GST,GST and tax compliance,,accounting,CONTROL,Core,Cross-persona,Critical,High,High,Pilot,Cited in code,Not verified,Not verified,Not verified,Not verified,No,Built - unverified,P1,27,,,,,,,,,Not run,System / Automation,System / Automation,UNCHANGED,Authored,,,,No,No,Validated (Supported),Confirmed,backend/reporting/gst_returns.py:build_gstr1; backend/reporting/views.py:Gstr1View,"build_gstr1 compiles B2B, B2CL, B2CS, CDNR and HSN tables from completed invoices in the period."
X-0286,X,Multiple / Cross-persona,GST / Tax / Compliance,Invoice cancellation → GST/reporting data is updated,System / Reporting Engine,In-house Accountant,Cancelled invoice removed from or flagged in GSTR-1 dataset and tax liability reversed,Reverses output tax liability; updates Document Issued summary (Table 13) in GSTR-1,P1,Validated (Supported),Supported via SalesInvoice cancellation tax adjustment.,Baseline,Cross-persona,P1,Unchanged,Code symbol found,Matched SalesInvoice in product code. This is not a functional test.,GST,GST and tax compliance,,accounting,CONTROL,Core,Cross-persona,Critical,High,High,Pilot,Cited in code,Not verified,Not verified,Not verified,Not verified,No,Built - unverified,P1,27,,,,,,,,,Not run,System / Automation,System / Automation,UNCHANGED,Authored,,backend/sales/models.py:SalesInvoice,backend/tests/test_a03_preview.py; backend/tests/test_a06_whatsapp.py; backend/tests/test_a07_dunning.py,No,No,,,,
X-0287,X,Multiple / Cross-persona,GST / Tax / Compliance,Sales return → tax adjustment,Tax Calculation Engine,In-house Accountant,Sales return and credit note reduces gross output tax liability for the tax period,Reduces output tax liability; records credit note entry in GSTR-1 Table 9B,P1,Validated (Supported),Supported via Credit Note tax posting per Section 34 of CGST Act.,Baseline,Cross-persona,P1,Restored to authored P1. The previous workbook had P0 after a keyword rebalance.,Code reviewed - confirmed,"Restored to authored P1. The previous workbook had P0 after a keyword rebalance. Code review 2026-10-04 (agent-reviewed, spot-checked): Confirmed. Completed sales credit notes go into the cdnr section of GSTR-1 and net down output tax in GSTR-3B.",GST,GST and tax compliance,,accounting,CONTROL,Core,Cross-persona,Critical,High,High,Pilot,Cited in code,Not verified,Not verified,Not verified,Not verified,No,Built - unverified,P1,27,,,,,,,,,Not run,System / Automation,System / Automation,RESTORED_TO_AUTHORED,Authored,,,,No,No,Validated (Supported),Confirmed,backend/reporting/gst_returns.py:build_gstr1; backend/reporting/gst_returns.py:build_gstr3b,Completed sales credit notes go into the cdnr section of GSTR-1 and net down output tax in GSTR-3B.
X-0288,X,Multiple / Cross-persona,GST / Tax / Compliance,Purchase return → input-tax adjustment,Tax Calculation Engine,In-house Accountant,Purchase return and debit note reduces claimed Input Tax Credit (ITC) for the tax period,Reduces eligible ITC; reports debit note reversal in GSTR-3B Table 4(B),P1,Validated (Supported),Supported via Debit Note ITC adjustment calculation.,Baseline,Cross-persona,P1,Unchanged,Code reviewed - confirmed,"Code review 2026-10-04 (agent-reviewed, spot-checked): Confirmed. Purchase credit/debit notes adjust inward taxable value and ITC in build_gstr3b; the 4(B) section itself is left as manual review.",GST,GST and tax compliance,,accounting,CONTROL,Core,Cross-persona,Critical,High,High,Pilot,Cited in code,Not verified,Not verified,Not verified,Not verified,No,Built - unverified,P1,27,,,,,,,,,Not run,System / Automation,System / Automation,UNCHANGED,Authored,,,,No,No,Validated (Supported),Confirmed,backend/reporting/gst_returns.py:build_gstr3b; backend/reporting/gst_returns.py:_gst_purchase_credit_notes,Purchase credit/debit notes adjust inward taxable value and ITC in build_gstr3b; the 4(B) section itself is left as manual review.
X-0289,X,Multiple / Cross-persona,GST / Tax / Compliance,Credit note → tax liability adjustment,Tax Calculation Engine,In-house Accountant,Legal credit note issued for rate difference or volume discount reduces output GST liability,Adjusts output tax ledger; updates GSTR-1 Table 9B with credit note details,P1,Validated (Supported),Supported via SalesCreditNote complete action.,Baseline,Cross-persona,P1,Unchanged,Code symbol found,Matched SalesCreditNote in product code. This is not a functional test.,GST,GST and tax compliance,,accounting,CONTROL,Core,Cross-persona,Critical,High,High,Pilot,Cited in code,Not verified,Not verified,Not verified,Not verified,No,Built - unverified,P1,27,,,,,,,,,Not run,System / Automation,System / Automation,UNCHANGED,Authored,Related to X-0290,backend/sales/models.py:SalesCreditNote,backend/tests/test_a13_a14_reporting_sales.py; backend/tests/test_audit_p0_decisions.py; backend/tests/test_b4_b5_notes_serial.py,No,No,,,,
X-0290,X,Multiple / Cross-persona,GST / Tax / Compliance,Debit note → tax liability adjustment,Tax Calculation Engine,In-house Accountant,Debit note issued to customer for price undercharge increases output GST liability,Increments output tax liability; reports debit note in GSTR-1 Table 9B,P1,Validated (Supported),Supported via SalesDebitNote complete action.,Baseline,Cross-persona,P1,Unchanged,Code symbol found,Matched SalesDebitNote in product code. This is not a functional test.,GST,GST and tax compliance,,accounting,CONTROL,Core,Cross-persona,Critical,High,High,Pilot,Cited in code,Not verified,Not verified,Not verified,Not verified,No,Built - unverified,P1,27,,,,,,,,,Not run,System / Automation,System / Automation,UNCHANGED,Authored,Related to X-0289,backend/sales/models.py:SalesDebitNote,backend/tests/test_a07_dunning.py; backend/tests/test_a13_a14_reporting_sales.py; backend/tests/test_holistic_80.py,No,No,,,,
X-0291,X,Multiple / Cross-persona,GST / Tax / Compliance,Purchase data → IMS matching,In-house Accountant,External CA,Inward purchase records matched against government Invoice Management System (IMS) records,"Compares supplier GSTIN, invoice number, date, and tax amounts; identifies match status",P1,Validated (Supported),Supported via IMS / GSTR-2B automated reconciliation dashboard.,Baseline,Cross-persona,P1,Unchanged,Code reviewed - confirmed,"Code review 2026-10-04 (agent-reviewed, spot-checked): Confirmed. Books purchases are matched to GSTR-2B/IMS rows by GSTIN, number, date and tax, with match classes such as exact and value_mismatch.",GST,GST and tax compliance,,accounting,CONTROL,Core,Cross-persona,Critical,High,High,Pilot,Cited in code,Not verified,Not verified,Not verified,Not verified,No,Built - unverified,P1,27,,,,,,,,,Not run,Accountant / Finance,Accountant / Finance,UNCHANGED,Authored,,,,No,No,Validated (Supported),Confirmed,backend/reporting/ims.py:classify_and_match; backend/reporting/gstr2b.py:match_gstr2b_to_purchases,"Books purchases are matched to GSTR-2B/IMS rows by GSTIN, number, date and tax, with match classes such as exact and value_mismatch."
X-0292,X,Multiple / Cross-persona,GST / Tax / Compliance,IMS invoice → accept action,In-house Accountant,Supplier / Tax Authority,Mark recipient acceptance on supplier invoice in IMS to confirm Input Tax Credit eligibility,Tags invoice as ACCEPTED in IMS dataset; includes tax amount in GSTR-2B eligible ITC pool,P1,Validated (Supported),Supported via IMS action dashboard with 'Accept' button and bulk action export.,Baseline,Cross-persona,P1,Unchanged,Code reviewed - confirmed,"Code review 2026-10-04 (agent-reviewed, spot-checked): Confirmed. ACCEPT is stored on the row and only ACCEPT-ed matched rows enter the claimable ITC pool.",GST,GST and tax compliance,,accounting,CONTROL,Core,Cross-persona,Critical,High,High,Pilot,Cited in code,Not verified,Not verified,Not verified,Not verified,No,Built - unverified,P1,27,,,,,,,,,Not run,Accountant / Finance,Accountant / Finance,UNCHANGED,Authored,,,,No,No,Validated (Supported),Confirmed,backend/reporting/ims.py:apply_ims_action; backend/reporting/gstr2b.py:claimable_itc_from_2b,ACCEPT is stored on the row and only ACCEPT-ed matched rows enter the claimable ITC pool.
X-0293,X,Multiple / Cross-persona,GST / Tax / Compliance,IMS invoice → reject action,In-house Accountant,Supplier / Tax Authority,Mark recipient rejection on erroneous or unrecognized supplier invoice in IMS,Tags invoice as REJECTED in IMS dataset; excludes from GSTR-2B ITC; notifies supplier,P1,Validated (Supported),Supported via IMS action dashboard with 'Reject' decision logging.,Baseline,Cross-persona,P1,Unchanged,Code reviewed - confirmed,"Code review 2026-10-04 (agent-reviewed, spot-checked): Confirmed. REJECT requires a remark, marks the row and invoice INELIGIBLE and reclasses ITC; supplier message is generated for sending, not sent automatically.",GST,GST and tax compliance,,accounting,CONTROL,Core,Cross-persona,Critical,High,High,Pilot,Cited in code,Not verified,Not verified,Not verified,Not verified,No,Built - unverified,P1,27,,,,,,,,,Not run,Accountant / Finance,Accountant / Finance,UNCHANGED,Authored,,,,No,No,Validated (Supported),Confirmed,backend/reporting/ims.py:apply_ims_action; backend/reporting/ims.py:supplier_defect_message,"REJECT requires a remark, marks the row and invoice INELIGIBLE and reclasses ITC; supplier message is generated for sending, not sent automatically."
X-0294,X,Multiple / Cross-persona,GST / Tax / Compliance,IMS invoice → pending action,In-house Accountant,Supplier,Keep invoice pending in IMS when goods are in-transit or undergoing verification,Tags invoice as PENDING; rolls forward ITC eligibility to subsequent tax period,P1,Partial,Supported via IMS action dashboard with 'Keep Pending' decision tagging.,Baseline,Cross-persona,P1,Unchanged,Partial,"Code review 2026-10-04 (agent-reviewed, spot-checked): Partial. PENDING is recorded and excluded from claimable ITC, but no explicit roll-forward of eligibility to the next period exists.",GST,GST and tax compliance,,accounting,CONTROL,Core,Cross-persona,Critical,High,High,Pilot,Partial,Not verified,Not verified,Not verified,Not verified,No,Built - partial,P1,27,,,,,,,,,Not run,Accountant / Finance,Accountant / Finance,UNCHANGED,Authored,,,,No,No,Validated (Supported),Partial,backend/reporting/ims.py:apply_ims_action,"PENDING is recorded and excluded from claimable ITC, but no explicit roll-forward of eligibility to the next period exists."
X-0295,X,Multiple / Cross-persona,GST / Tax / Compliance,Accepted invoice → ITC eligibility calculation,Tax Calculation Engine,In-house Accountant,Accepted IMS invoices automatically included in total eligible Input Tax Credit for GSTR-3B,Computes total verified ITC available for set-off against monthly output tax liabilities,P1,Validated (Supported),Supported via automated GSTR-3B Table 4 computation from accepted invoices.,Baseline,Cross-persona,P1,Unchanged,Code reviewed - confirmed,"Code review 2026-10-04 (agent-reviewed, spot-checked): Confirmed. build_gstr3b takes claimable ITC from matched, accepted GSTR-2B rows.",GST,GST and tax compliance,,accounting,CONTROL,Core,Cross-persona,Critical,High,High,Pilot,Cited in code,Not verified,Not verified,Not verified,Not verified,No,Built - unverified,P1,27,,,,,,,,,Not run,System / Automation,System / Automation,UNCHANGED,Authored,,,,No,No,Validated (Supported),Confirmed,backend/reporting/gstr2b.py:claimable_itc_from_2b; backend/reporting/gst_returns.py:build_gstr3b,"build_gstr3b takes claimable ITC from matched, accepted GSTR-2B rows."
X-0296,X,Multiple / Cross-persona,GST / Tax / Compliance,Rejected invoice → ITC exclusion,Tax Calculation Engine,In-house Accountant,Rejected IMS invoices automatically excluded from ITC claims to prevent tax audit notices,Excludes rejected invoice tax from eligible ITC pool; prevents irregular credit claims,P1,Validated (Supported),Core compliance invariant: rejected supplier invoices strictly blocked from GSTR-3B ITC.,Baseline,Cross-persona,P1,Unchanged,Code reviewed - confirmed,"Code review 2026-10-04 (agent-reviewed, spot-checked): Confirmed. Rejected rows are INELIGIBLE and excluded by the claimable_itc_from_2b filters.",GST,GST and tax compliance,,accounting,CONTROL,Core,Cross-persona,Critical,High,High,Pilot,Cited in code,Not verified,Not verified,Not verified,Not verified,No,Built - unverified,P1,27,,,,,,,,,Not run,System / Automation,System / Automation,UNCHANGED,Authored,,,,No,No,Validated (Supported),Confirmed,backend/reporting/gstr2b.py:claimable_itc_from_2b; backend/reporting/ims.py:apply_ims_action,Rejected rows are INELIGIBLE and excluded by the claimable_itc_from_2b filters.
X-0297,X,Multiple / Cross-persona,GST / Tax / Compliance,Missing supplier invoice → exception,In-house Accountant,Purchase Manager / Supplier,Purchases recorded in books but missing in supplier's GSTR-1/2B flagged as missing invoice,Generates Missing Document exception; alerts purchase team to chase supplier for GSTR-1 filing,P1,Validated (Supported),Supported via GSTR-2B reconciliation missing invoice report.,Baseline,Cross-persona,P1,Unchanged,Code reviewed - confirmed,"Code review 2026-10-04 (agent-reviewed, spot-checked): Confirmed. classify_and_match counts and lists books invoices missing in IMS; chase module handles rows missing in books.",GST,GST and tax compliance,,accounting,CONTROL,Core,Cross-persona,Critical,High,High,Pilot,Cited in code,Not verified,Not verified,Not verified,Not verified,No,Built - unverified,P1,27,,,,,,,,,Not run,Accountant / Finance,Accountant / Finance,UNCHANGED,Authored,,,,No,No,Validated (Supported),Confirmed,backend/reporting/ims.py:classify_and_match; backend/reporting/chase.py:list_missing_documents,classify_and_match counts and lists books invoices missing in IMS; chase module handles rows missing in books.
X-0298,X,Multiple / Cross-persona,GST / Tax / Compliance,Invoice mismatch → exception,In-house Accountant,Supplier,Discrepancies in taxable value or tax amounts between books and GSTR-2B flagged as mismatch,Generates Tax Mismatch exception detailing value difference; initiates dispute resolution,P1,Validated (Supported),Supported via GSTR-2B discrepancy drill-down with line-item comparison.,Baseline,Cross-persona,P1,Unchanged,Code reviewed - confirmed,"Code review 2026-10-04 (agent-reviewed, spot-checked): Confirmed. VALUE_MISMATCH class is assigned when taxable or tax amounts differ between books and 2B.",GST,GST and tax compliance,,accounting,CONTROL,Core,Cross-persona,Critical,High,High,Pilot,Cited in code,Not verified,Not verified,Not verified,Not verified,No,Built - unverified,P1,27,,,,,,,,,Not run,Accountant / Finance,Accountant / Finance,UNCHANGED,Authored,,,,No,No,Validated (Supported),Confirmed,backend/reporting/ims.py:classify_and_match; backend/reporting/gstr2b.py:match_gstr2b_to_purchases,VALUE_MISMATCH class is assigned when taxable or tax amounts differ between books and 2B.
X-0299,X,Multiple / Cross-persona,GST / Tax / Compliance,Duplicate invoice → duplicate detection,System / Validation Engine,In-house Accountant,Duplicate supplier invoice numbers detected automatically upon entry or GSTR-2B import,Blocks duplicate entry; alerts user that invoice was already recorded in previous period,P1,Validated (Supported),"Enforced via unique database constraint (company_id, supplier_id, invoice_number).",Baseline,Cross-persona,P1,Unchanged,Code symbol found,Matched invoice_number in product code. This is not a functional test.,GST,GST and tax compliance,,accounting,CONTROL,Core,Cross-persona,Critical,High,High,Pilot,Cited in code,Not verified,Not verified,Not verified,Not verified,No,Built - unverified,P1,27,,,,,,,,,Not run,System / Automation,System / Automation,UNCHANGED,Authored,Same task as X-0436,,,No,No,,,,
X-0300,X,Multiple / Cross-persona,GST / Tax / Compliance,Supplier defect → supplier defect score updates,System / Vendor Scoring,Purchase Manager,"Suppliers with missing invoices, tax errors, or delayed filings penalized in compliance score",Updates supplier compliance score; displays risk badge on future purchase orders,P1,Validated (Supported),Supported via Supplier Compliance Scorecard in purchases module.,Baseline,Cross-persona,P1,Unchanged,Code reviewed - confirmed,"Code review 2026-10-04 (agent-reviewed, spot-checked): Confirmed. Scorecard counts mismatches and rejections per supplier GSTIN and feeds a PO-picker nudge.",GST,GST and tax compliance,,accounting,CONTROL,Core,Cross-persona,Critical,High,High,Pilot,Cited in code,Not verified,Not verified,Not verified,Not verified,No,Built - unverified,P1,27,,,,,,,,,Not run,System / Automation,System / Automation,UNCHANGED,Authored,,,,No,No,Validated (Supported),Confirmed,backend/reporting/ims.py:supplier_scorecard; backend/reporting/ims.py:supplier_po_nudge,Scorecard counts mismatches and rejections per supplier GSTIN and feeds a PO-picker nudge.
X-0301,X,Multiple / Cross-persona,GST / Tax / Compliance,ITC deadline approaching → alert,Alert Notification Engine,In-house Accountant / Owner,Proactive alert warning of approaching Section 16(4) statutory deadline for claiming open ITC,Surfaces high-priority warning for unclaimed purchase invoices older than 180 days,P1,Validated (Supported),Supported via statutory deadline alert trigger in GST module.,Baseline,Cross-persona,P1,Restored to authored P1. The previous workbook had P0 after a keyword rebalance.,Code reviewed - confirmed,"Restored to authored P1. The previous workbook had P0 after a keyword rebalance. Code review 2026-10-04 (agent-reviewed, spot-checked): Confirmed. Section 16(4) deadline stored per row; expiring ITC drives an email digest and an attention row.",GST,GST and tax compliance,,accounting,CONTROL,Core,Cross-persona,Critical,High,High,Pilot,Cited in code,Not verified,Not verified,Not verified,Not verified,No,Built - unverified,P1,27,,,,,,,,,Not run,System / Automation,System / Automation,RESTORED_TO_AUTHORED,Authored,,,,No,No,Validated (Supported),Confirmed,backend/reporting/ims.py:expiring_itc_rows; backend/reporting/ims.py:send_itc_expiry_digests; backend/insights/attention.py:_itc_and_gst_rows,Section 16(4) deadline stored per row; expiring ITC drives an email digest and an attention row.
X-0302,X,Multiple / Cross-persona,GST / Tax / Compliance,ITC-at-risk invoice → credit-at-risk dashboard updates,Reporting & Business Intelligence,In-house Accountant / Owner,Dashboard tracking total monetary value of Input Tax Credit currently at risk of lapsing,Aggregates total disputed or unfiled ITC; updates Credit-at-Risk KPI card on home screen,P1,Validated (Supported),Supported via Credit-at-Risk Dashboard (/gst/itc-risk/).,Baseline,Cross-persona,P1,Unchanged,Code reviewed - confirmed,"Code review 2026-10-04 (agent-reviewed, spot-checked): Confirmed. credit_at_risk aggregates unresolved and expiring ITC, served by ims-summary and surfaced in attention rows.",GST,GST and tax compliance,,accounting,CONTROL,Core,Cross-persona,Critical,High,High,Pilot,Cited in code,Not verified,Not verified,Not verified,Not verified,No,Built - unverified,P1,27,,,,,,,,,Not run,System / Automation,System / Automation,UNCHANGED,Authored,,,,No,No,Validated (Supported),Confirmed,backend/reporting/ims.py:credit_at_risk; backend/reporting/views.py:Gstr2bIngestViewSet; backend/insights/attention.py:_itc_and_gst_rows,"credit_at_risk aggregates unresolved and expiring ITC, served by ims-summary and surfaced in attention rows."
X-0303,X,Multiple / Cross-persona,GST / Tax / Compliance,GST data correction → audit trail maintained,Security / Exception / Recovery,Statutory Auditor,Any adjustments or corrections made to statutory tax data preserve complete audit trail,"Records user ID, previous tax values, new values, timestamp, and justification reason",P1,Partial,Core system invariant: immutable audit logging for all statutory tax modifications.,Baseline,Cross-persona,P1,Unchanged,Partial,"Code review 2026-10-04 (agent-reviewed, spot-checked): Partial. Append-only logs record user, old and new money values and statutory events, but no reason field and not all GST data edits are covered.",GST,GST and tax compliance,,accounting,CONTROL,Core,Cross-persona,Critical,High,High,Pilot,Partial,Not verified,Not verified,Not verified,Not verified,No,Built - partial,P1,27,,,,,,,,,Not run,Platform Admin,Platform Admin,UNCHANGED,Authored,,,,No,No,Validated (Supported),Partial,backend/core/models.py:MoneyFieldAudit; backend/core/models.py:AuditEvent; backend/core/models.py:StatutoryDocumentEvent,"Append-only logs record user, old and new money values and statutory events, but no reason field and not all GST data edits are covered."
X-0304,X,Multiple / Cross-persona,GST / Tax / Compliance,GST return preparation → source transactions remain traceable,In-house Accountant,Statutory Auditor,"Every aggregate number on GSTR-1, GSTR-3B, or CMP-08 drillable to underlying source invoices",Provides bidirectional audit linkage between return line items and individual vouchers,P1,Partial,Supported via full drill-down from return summary tables to underlying transaction ledgers.,Baseline,Cross-persona,P1,Unchanged,Partial,"Code review 2026-10-04 (agent-reviewed, spot-checked): Partial. Worksheet rows carry invoice numbers and document_id, but no dedicated bidirectional drill-down from return totals to ledgers.",GST,GST and tax compliance,,accounting,CONTROL,Core,Cross-persona,Critical,High,High,Pilot,Partial,Not verified,Not verified,Not verified,Not verified,No,Built - partial,P1,27,,,,,,,,,Not run,Accountant / Finance,Accountant / Finance,UNCHANGED,Authored,,,,No,No,Validated (Supported),Partial,backend/reporting/gst_returns.py:build_gstr1; backend/reporting/gst_returns.py:_worksheet_register_tie,"Worksheet rows carry invoice numbers and document_id, but no dedicated bidirectional drill-down from return totals to ledgers."
X-0305,X,Multiple / Cross-persona,GST / Tax / Compliance,Accountant reviews GST exception → exception resolved,In-house Accountant,Billing Clerk / Supplier,"Accountant investigates flagged tax exception, updates data, and marks exception resolved",Updates exception status to RESOLVED; re-runs validation checks; includes in return pool,P1,Partial,Supported via Attention Row exception management interface.,Baseline,Cross-persona,P1,Unchanged,Partial,"Code review 2026-10-04 (agent-reviewed, spot-checked): Partial. Exceptions can be dismissed or snoozed, but no RESOLVED status with re-run of validation and return-pool inclusion.",GST,GST and tax compliance,,accounting,CONTROL,Core,Cross-persona,Critical,High,High,Pilot,Partial,Not verified,Not verified,Not verified,Not verified,No,Built - partial,P1,27,,,,,,,,,Not run,Accountant / Finance,Accountant / Finance,UNCHANGED,Authored,,,,No,No,Validated (Supported),Partial,backend/insights/attention.py:dismiss_attention_row; backend/insights/attention.py:snooze_attention_row; backend/insights/models.py:AttentionRowState,"Exceptions can be dismissed or snoozed, but no RESOLVED status with re-run of validation and return-pool inclusion."
X-0306,X,Multiple / Cross-persona,GST / Tax / Compliance,GST export → exported data reconciles with system,In-house Accountant,External CA,Exported GSTR-1 JSON or Excel reconciles to the last rupee with system general ledger balances,Performs automated cross-checksum validation between exported JSON and GL tax accounts,P1,Partial,Core compliance invariant: exported return data matches general ledger balances exactly.,Baseline,Cross-persona,P1,Unchanged,Partial,"Code review 2026-10-04 (agent-reviewed, spot-checked): Partial. Worksheet totals are tied to sales/purchase registers and hashed, not cross-checked against GL tax accounts.",GST,GST and tax compliance,,accounting,CONTROL,Core,Cross-persona,Critical,High,High,Pilot,Partial,Not verified,Not verified,Not verified,Not verified,No,Built - partial,P1,27,,,,,,,,,Not run,Accountant / Finance,Accountant / Finance,UNCHANGED,Authored,,,,No,No,Validated (Supported),Partial,backend/reporting/gst_returns.py:_worksheet_register_tie; backend/reporting/gst_returns.py:content_hash,"Worksheet totals are tied to sales/purchase registers and hashed, not cross-checked against GL tax accounts."
X-0307,X,Multiple / Cross-persona,Receivables & Payables,Customer purchases on credit,Billing Clerk / Salesperson,Customer,"Customer buys goods with agreed credit terms (e.g. 15, 30 days) instead of immediate cash",Completes invoice with payment_status='UNPAID'; sets due_date; debits Customer AR ledger,P1,Validated (Supported),Supported on sales checkout with credit payment terms selection.,Baseline,Cross-persona,P1,Unchanged,Code reviewed - confirmed,"Code review 2026-10-04 (agent-reviewed, spot-checked): Confirmed. Invoice carries payment_terms_days and due_date; completion posts debit to AR 1200; unpaid state is derived from allocations.",ARAP,Receivables and payables,,ledgers,CONTROL,Core,Cross-persona,Critical,High,Medium,Pilot,Cited in code,Not verified,Not verified,Not verified,Not verified,No,Built - unverified,P1,18,,,,,,,,,Not run,Billing / Counter Clerk,Billing / Counter Clerk,UNCHANGED,Authored,,,,No,No,Validated (Supported),Confirmed,backend/sales/models.py:SalesInvoice; backend/accounting/services.py:PostingService; web/src/pages/sales/NewInvoicePage.tsx:NewInvoicePage,Invoice carries payment_terms_days and due_date; completion posts debit to AR 1200; unpaid state is derived from allocations.
X-0308,X,Multiple / Cross-persona,Receivables & Payables,Credit sale → customer ledger updated,System / Ledger Engine,In-house Accountant,Customer account debited with invoice amount; running balance increased,Posts debit voucher to Customer AR ledger; increases customer's outstanding balance,P1,Validated (Supported),Core system invariant: completing credit invoice atomically updates customer ledger balance.,Baseline,Cross-persona,P1,Restored to authored P1. The previous workbook had P0 after a keyword rebalance.,Code reviewed - confirmed,"Restored to authored P1. The previous workbook had P0 after a keyword rebalance. Code review 2026-10-04 (agent-reviewed, spot-checked): Confirmed. post_sales_invoice debits AR account 1200 per customer and customer_outstanding reads it.",ARAP,Receivables and payables,,ledgers,CONTROL,Core,Cross-persona,Critical,High,Medium,Pilot,Cited in code,Not verified,Not verified,Not verified,Not verified,No,Built - unverified,P1,18,,,,,,,,,Not run,System / Automation,System / Automation,RESTORED_TO_AUTHORED,Authored,,,,No,No,Validated (Supported),Confirmed,backend/accounting/services.py:PostingService; backend/ledgers/services.py:LedgerService,post_sales_invoice debits AR account 1200 per customer and customer_outstanding reads it.
X-0309,X,Multiple / Cross-persona,Receivables & Payables,Customer payment → ledger updated,Cashier / Accountant,Customer,Payment received from customer credited to customer account; running balance decreased,Posts credit voucher to Customer AR ledger; debits Cash/Bank account in general ledger,P1,Validated (Supported),Supported via Payment entry screen with automated customer ledger posting.,Baseline,Cross-persona,P1,Unchanged,Code reviewed - confirmed,"Code review 2026-10-04 (agent-reviewed, spot-checked): Confirmed. post_receipt debits bank/cash and credits customer advances; allocation moves advances to AR credit, lowering outstanding.",ARAP,Receivables and payables,,ledgers,CONTROL,Core,Cross-persona,Critical,High,Medium,Pilot,Cited in code,Not verified,Not verified,Not verified,Not verified,No,Built - unverified,P1,18,,,,,,,,,Not run,Accountant / Finance,Accountant / Finance,UNCHANGED,Authored,,,,No,No,Validated (Supported),Confirmed,backend/accounting/services.py:PostingService; backend/payments/services.py:PaymentService,"post_receipt debits bank/cash and credits customer advances; allocation moves advances to AR credit, lowering outstanding."
X-0310,X,Multiple / Cross-persona,Receivables & Payables,Partial payment → balance maintained,Cashier / Accountant,Customer,"Partial settlement recorded accurately, maintaining remaining unpaid balance",Allocates partial amount; decrements customer net balance; tracks unallocated remainder,P1,Validated (Supported),Supported via PaymentAllocation engine with partial invoice matching.,Baseline,Cross-persona,P1,Unchanged,Code symbol found,Matched PaymentAllocation in product code. This is not a functional test.,ARAP,Receivables and payables,,ledgers,CONTROL,Core,Cross-persona,Critical,High,Medium,Pilot,Cited in code,Not verified,Not verified,Not verified,Not verified,No,Built - unverified,P1,18,,,,,,,,,Not run,Accountant / Finance,Accountant / Finance,UNCHANGED,Authored,,backend/payments/models.py:PaymentAllocation,backend/tests/test_a07_dunning.py; backend/tests/test_a13_a14_reporting_sales.py; backend/tests/test_a15_cr090_plus.py,No,No,,,,
X-0311,X,Multiple / Cross-persona,Receivables & Payables,Advance payment → advance ledger maintained,Cashier / Accountant,Customer,Advance payment received from customer before order delivery tracked in advance account,Credits Customer Advance Liability ledger account; debits Bank/Cash account,P1,Validated (Supported),Supported via Customer Advance receipt workflow with future invoice adjustment.,Baseline,Cross-persona,P1,Unchanged,Code reviewed - confirmed,"Code review 2026-10-04 (agent-reviewed, spot-checked): Confirmed. Unallocated receipts credit Customer Advances 2300 and debit bank/cash; later allocation moves them against invoices.",ARAP,Receivables and payables,,ledgers,CONTROL,Core,Cross-persona,Critical,High,Medium,Pilot,Cited in code,Not verified,Not verified,Not verified,Not verified,No,Built - unverified,P1,18,,,,,,,,,Not run,Accountant / Finance,Accountant / Finance,UNCHANGED,Authored,,,,No,No,Validated (Supported),Confirmed,backend/accounting/services.py:PostingService; backend/payments/services.py:PaymentService,Unallocated receipts credit Customer Advances 2300 and debit bank/cash; later allocation moves them against invoices.
X-0312,X,Multiple / Cross-persona,Receivables & Payables,Payment allocation → payment applied to selected invoices,In-house Accountant,Customer,Lump-sum payment allocated across specific open invoices (FIFO or manual selection),Creates PaymentAllocation links between payment and invoices; updates invoice statuses,P1,Validated (Supported),Supported via multi-invoice allocation modal in payments app.,Baseline,Cross-persona,P1,Unchanged,Code reviewed - confirmed,"Code review 2026-10-04 (agent-reviewed, spot-checked): Confirmed. PaymentAllocation links receipt to invoices; manual allocate_receipt and FIFO allocate_receipt_oldest_first both exist.",ARAP,Receivables and payables,,ledgers,CONTROL,Core,Cross-persona,Critical,High,Medium,Pilot,Cited in code,Not verified,Not verified,Not verified,Not verified,No,Built - unverified,P1,18,,,,,,,,,Not run,Accountant / Finance,Accountant / Finance,UNCHANGED,Authored,,backend/payments/models.py:PaymentAllocation,backend/tests/test_a07_dunning.py; backend/tests/test_a13_a14_reporting_sales.py; backend/tests/test_a15_cr090_plus.py,No,No,Validated (Supported),Confirmed,backend/payments/models.py:PaymentAllocation; backend/payments/services.py:PaymentService; backend/payments/views.py:CustomerReceiptViewSet,PaymentAllocation links receipt to invoices; manual allocate_receipt and FIFO allocate_receipt_oldest_first both exist.
X-0313,X,Multiple / Cross-persona,Receivables & Payables,Payment received → invoice status changes,System / Payment Engine,Billing Clerk,Invoice status advances from UNPAID to PARTIALLY_PAID or PAID upon payment matching,Updates SalesInvoice.payment_status; unlocks customer credit limit buffer,P1,Validated (Supported),Core system invariant: invoice payment status dynamically derived from payment allocations.,Baseline,Cross-persona,P1,Unchanged,Code reviewed - confirmed,"Code review 2026-10-04 (agent-reviewed, spot-checked): Confirmed. Payment state PAID/PARTIAL/UNPAID is derived from posted allocations, not stored; outstanding frees credit exposure.",ARAP,Receivables and payables,,ledgers,CONTROL,Core,Cross-persona,Critical,High,Medium,Pilot,Cited in code,Not verified,Not verified,Not verified,Not verified,No,Built - unverified,P1,18,,,,,,,,,Not run,System / Automation,System / Automation,UNCHANGED,Authored,,backend/sales/models.py:SalesInvoice,backend/tests/test_a03_preview.py; backend/tests/test_a06_whatsapp.py; backend/tests/test_a07_dunning.py,No,No,Validated (Supported),Confirmed,backend/payments/holding.py:invoice_payment_state; backend/sales/views.py:SalesInvoiceViewSet,"Payment state PAID/PARTIAL/UNPAID is derived from posted allocations, not stored; outstanding frees credit exposure."
X-0314,X,Multiple / Cross-persona,Receivables & Payables,Invoice overdue → ageing bucket changes,System / Aging Engine,Credit Controller,"Unpaid invoice moves into overdue aging category (1-30, 31-60, 61-90, 90+ days)",Reclassifies invoice aging bucket based on days elapsed since payment due date,P1,Validated (Supported),Supported via dynamic aging classification in accounts receivable reports.,Baseline,Cross-persona,P1,Unchanged,Code reviewed - confirmed,"Code review 2026-10-04 (agent-reviewed, spot-checked): Confirmed. Open invoices are bucketed dynamically by days past due date into current, 1-30, 31-60, 61-90, 90+.",ARAP,Receivables and payables,,ledgers,CONTROL,Core,Cross-persona,Critical,High,Medium,Pilot,Cited in code,Not verified,Not verified,Not verified,Not verified,No,Built - unverified,P1,18,,,,,,,,,Not run,System / Automation,System / Automation,UNCHANGED,Authored,,,,No,No,Validated (Supported),Confirmed,backend/reporting/services.py:ReportService; backend/payments/dunning.py:customer_risk_snapshot,"Open invoices are bucketed dynamically by days past due date into current, 1-30, 31-60, 61-90, 90+."
X-0315,X,Multiple / Cross-persona,Receivables & Payables,Customer crosses credit limit → alert generated,System / Credit Guard,Business Owner / Salesperson,Immediate warning generated when customer outstanding balance breaches approved credit limit,Generates high-priority credit limit warning; flags new orders for owner approval,P0,Validated (Supported),Core business invariant: credit limit breach blocks checkout unless overridden by Owner.,Baseline,Cross-persona,P0,Unchanged,Code reviewed - confirmed,"Code review 2026-10-04 (agent-reviewed, spot-checked): Confirmed. Invoice completion raises credit limit exceeded unless owner override; a near-limit alert is generated by insights.",ARAP,Receivables and payables,,ledgers,CONTROL,Core,Cross-persona,Critical,High,Medium,MVP,Cited in code,Not verified,Not verified,Not verified,Not verified,No,Built - unverified,P0,18,,,,,,backend/tests/personas/test_pj_insights_and_recommendations.py::test_pj_insights_customer_credit_limit_near_alert_and_action; backend/tests/test_phase1_notes_ledger.py::test_credit_limit_blocks_complete,2026-10-04,"pytest on Postgres 17, manual run",Partial,System / Automation,System / Automation,UNCHANGED,Authored,,,,No,No,Validated (Supported),Confirmed,backend/sales/services.py:CREDIT_LIMIT_EXCEEDED; backend/sales/order_gates.py:invoice_credit_override_covers; backend/insights/alerts.py:_credit_limit,Invoice completion raises credit limit exceeded unless owner override; a near-limit alert is generated by insights.
X-0316,X,Multiple / Cross-persona,Receivables & Payables,Payment reminder → reminder generated,Credit Controller / Owner,Customer,Professional payment reminder message generated with unpaid invoice list and payment link,Generates personalized payment reminder text with total due and dynamic UPI QR link,P1,Validated (Supported),Supported via WhatsApp / SMS Payment Reminder dispatch tool.,Baseline,Cross-persona,P1,Unchanged,Code symbol found,Matched WhatsApp in product code. This is not a functional test.,ARAP,Receivables and payables,,ledgers,CONTROL,Core,Cross-persona,Critical,High,Medium,Pilot,Cited in code,Not verified,Not verified,Not verified,Not verified,No,Built - unverified,P1,18,,,,,,,,,Not run,Business Owner,Business Owner,UNCHANGED,Authored,,,,No,No,,,,
X-0317,X,Multiple / Cross-persona,Receivables & Payables,Customer settles multiple invoices → allocation is maintained,In-house Accountant,Customer,Single lump-sum remittance allocated across multiple past invoices with clear audit trail,Maintains exact allocation breakdown per invoice; updates individual invoice paid amounts,P1,Validated (Supported),Supported via bulk payment allocation interface.,Baseline,Cross-persona,P1,Unchanged,Code reviewed - confirmed,"Code review 2026-10-04 (agent-reviewed, spot-checked): Confirmed. One receipt can be split across many invoices via per-invoice PaymentAllocation rows with outstanding derived from them.",ARAP,Receivables and payables,,ledgers,CONTROL,Core,Cross-persona,Critical,High,Medium,Pilot,Cited in code,Not verified,Not verified,Not verified,Not verified,No,Built - unverified,P1,18,,,,,,,,,Not run,Accountant / Finance,Accountant / Finance,UNCHANGED,Authored,,,,No,No,Validated (Supported),Confirmed,backend/payments/services.py:PaymentService; backend/payments/models.py:PaymentAllocation,One receipt can be split across many invoices via per-invoice PaymentAllocation rows with outstanding derived from them.
X-0318,X,Multiple / Cross-persona,Receivables & Payables,Credit note → customer balance changes,In-house Accountant,Customer,Approved credit note for return or rate concession reduces customer outstanding balance,Credits Customer AR ledger; reduces net outstanding balance owed by customer,P1,Validated (Supported),Core system invariant: Credit Note completion immediately reduces customer AR balance.,Baseline,Cross-persona,P1,Unchanged,Code reviewed - confirmed,"Code review 2026-10-04 (agent-reviewed, spot-checked): Confirmed. complete_credit_note calls post_note to credit AR and ledger outstanding nets completed credit notes.",ARAP,Receivables and payables,,ledgers,CONTROL,Core,Cross-persona,Critical,High,Medium,Pilot,Cited in code,Not verified,Not verified,Not verified,Not verified,No,Built - unverified,P1,18,,,,,,,,,Not run,Accountant / Finance,Accountant / Finance,UNCHANGED,Authored,,,,No,No,Validated (Supported),Confirmed,backend/sales/notes_services.py:SalesNotesService; backend/accounting/services.py:PostingService,complete_credit_note calls post_note to credit AR and ledger outstanding nets completed credit notes.
X-0319,X,Multiple / Cross-persona,Receivables & Payables,Refund → customer balance changes,Cashier / Accountant,Customer,Cash or bank refund issued to customer increases customer ledger balance,Debits Customer AR ledger; credits Bank/Cash account; offsets open credit notes,P1,Partial,Supported via Refund payment workflow linked to Credit Note.,Baseline,Cross-persona,P1,Unchanged,Partial,"Code review 2026-10-04 (agent-reviewed, spot-checked): Partial. Refunds exist only for gateway payments (receipt refund reversal); no cash/bank refund workflow linked to credit notes.",ARAP,Receivables and payables,,ledgers,CONTROL,Core,Cross-persona,Critical,High,Medium,Pilot,Partial,Not verified,Not verified,Not verified,Not verified,No,Built - partial,P1,18,,,,,,,,,Not run,Accountant / Finance,Accountant / Finance,UNCHANGED,Authored,,,,No,No,Validated (Supported),Partial,backend/payments/services.py:PaymentService; backend/accounting/services.py:PostingService,Refunds exist only for gateway payments (receipt refund reversal); no cash/bank refund workflow linked to credit notes.
X-0320,X,Multiple / Cross-persona,Receivables & Payables,Customer statement → all transactions are visible,In-house Accountant,Customer / Owner,"Comprehensive statement of account showing all invoices, debit/credit notes, and payments","Renders chronological customer ledger statement with debit, credit, and running balance",P1,Validated (Supported),Supported via /sales/customers/{id}/statement/ with PDF and Excel export.,Baseline,Cross-persona,P1,Unchanged,Code reviewed - confirmed,"Code review 2026-10-04 (agent-reviewed, spot-checked): Confirmed. Chronological statement with debit, credit and running balance exists; export is browser print, no server Excel/PDF found.",ARAP,Receivables and payables,,ledgers,CONTROL,Core,Cross-persona,Critical,High,Medium,Pilot,Cited in code,Not verified,Not verified,Not verified,Not verified,No,Built - unverified,P1,18,,,,,,,,,Not run,Accountant / Finance,Accountant / Finance,UNCHANGED,Authored,,,,No,No,Validated (Supported),Confirmed,backend/ledgers/services.py:LedgerService; backend/ledgers/views.py:CustomerLedgerDetailView; backend/reporting/views.py:CustomerLedgerTabsView,"Chronological statement with debit, credit and running balance exists; export is browser print, no server Excel/PDF found."
X-0321,X,Multiple / Cross-persona,Receivables & Payables,Owner reviews receivables → customer-level drill-down,Reporting & Business Intelligence,Business Owner,Owner inspects total market receivables and clicks into any customer to see unpaid bills,Provides instant drill-down from receivables summary KPI to individual customer invoices,P1,Validated (Supported),Supported via Receivables Dashboard with interactive drill-down.,Baseline,Cross-persona,P1,Unchanged,Code reviewed - confirmed,"Code review 2026-10-04 (agent-reviewed, spot-checked): Confirmed. Receivables KPI and per-customer risk list with open-invoice rows give drill-down to individual unpaid bills.",ARAP,Receivables and payables,,ledgers,CONTROL,Core,Cross-persona,Critical,High,Medium,Pilot,Cited in code,Not verified,Not verified,Not verified,Not verified,No,Built - unverified,P1,18,,,,,,,,,Not run,System / Automation,System / Automation,UNCHANGED,Authored,,,,No,No,Validated (Supported),Confirmed,backend/insights/views.py:CollectionsOpenInvoicesView; backend/payments/collections_open.py:open_invoice_rows; backend/payments/views.py:CollectionRiskView,Receivables KPI and per-customer risk list with open-invoice rows give drill-down to individual unpaid bills.
X-0322,X,Multiple / Cross-persona,Receivables & Payables,Accountant reconciles customer ledger → discrepancies identified,In-house Accountant,Customer Accounts Team,Periodic ledger reconciliation with customer accounting department to resolve variances,"Highlights mismatched invoice amounts, unrecorded deductions, or disputed debit notes",P1,Mechanism not found,Supported via Customer Ledger Reconciliation tool.,Baseline,Cross-persona,P1,Unchanged,Mechanism not found,"Code review 2026-10-04 (agent-reviewed, spot-checked): Contradicted. Only bank reconciliation and internal AR-vs-GL invariants exist; no customer ledger reconciliation tool flagging mismatches.",ARAP,Receivables and payables,,ledgers,CONTROL,Core,Cross-persona,Critical,High,Medium,Pilot,Not in code,Not verified,Not verified,Not verified,Not verified,No,Gap,P1,18,,,,,,,,,Not run,Accountant / Finance,Accountant / Finance,UNCHANGED,Authored,,,,No,No,Validated (Supported),Contradicted,"none found: searched customer ledger reconciliation, counterparty statement match in backend/ledgers, backend/reporting, backend/payments",Only bank reconciliation and internal AR-vs-GL invariants exist; no customer ledger reconciliation tool flagging mismatches.
X-0323,X,Multiple / Cross-persona,Receivables & Payables,Purchase creates supplier payable,System / Ledger Engine,Purchase Manager,Completed purchase bill creates accounts payable liability owed to supplier,Credits Supplier Accounts Payable ledger account; increases total trade payables,P1,Validated (Supported),Core system invariant: PurchaseInvoice completion atomically creates supplier payable.,Baseline,Cross-persona,P1,Restored to authored P1. The previous workbook had P0 after a keyword rebalance.,Code symbol found,Matched PurchaseInvoice in product code. This is not a functional test. Restored to authored P1. The previous workbook had P0 after a keyword rebalance.,ARAP,Receivables and payables,,ledgers,CONTROL,Core,Cross-persona,Critical,High,Medium,Pilot,Cited in code,Not verified,Not verified,Not verified,Not verified,No,Built - unverified,P1,18,,,,,,,,,Not run,System / Automation,System / Automation,RESTORED_TO_AUTHORED,Authored,,backend/purchases/models.py:PurchaseInvoice,backend/tests/test_a03_preview.py; backend/tests/test_a11_a12_stock_cost.py; backend/tests/test_a13_a14_reporting_sales.py,No,No,,,,
X-0324,X,Multiple / Cross-persona,Receivables & Payables,Supplier invoice updates payable,In-house Accountant,Supplier,Vendor bill recording updates supplier running ledger balance and payment schedule,Updates net balance owed to supplier; sets payment due date based on vendor credit terms,P1,Partial,Supported in Purchase Invoice complete flow.,Baseline,Cross-persona,P1,Unchanged,Partial,"Code review 2026-10-04 (agent-reviewed, spot-checked): Partial. Purchase completion posts payable and invoice has due_date; due date is manual or 30-day default, not driven by vendor credit terms.",ARAP,Receivables and payables,,ledgers,CONTROL,Core,Cross-persona,Critical,High,Medium,Pilot,Partial,Not verified,Not verified,Not verified,Not verified,No,Built - partial,P1,18,,,,,,,,,Not run,Accountant / Finance,Accountant / Finance,UNCHANGED,Authored,,,,No,No,Validated (Supported),Partial,backend/accounting/services.py:PostingService; backend/purchases/models.py:PurchaseInvoice,"Purchase completion posts payable and invoice has due_date; due date is manual or 30-day default, not driven by vendor credit terms."
X-0325,X,Multiple / Cross-persona,Receivables & Payables,Supplier payment reduces payable,Accounts Cashier,Supplier,Disbursing payment to supplier reduces total liability balance in accounts payable,Debits Supplier AP account; credits Bank/Cash account; updates vendor outstanding,P1,Validated (Supported),Supported via /purchases/payments/create.,Baseline,Cross-persona,P1,Unchanged,Code reviewed - confirmed,"Code review 2026-10-04 (agent-reviewed, spot-checked): Confirmed. Supplier payment credits bank/cash, debits supplier advances then AP on allocation, reducing supplier outstanding.",ARAP,Receivables and payables,,ledgers,CONTROL,Core,Cross-persona,Critical,High,Medium,Pilot,Cited in code,Not verified,Not verified,Not verified,Not verified,No,Built - unverified,P1,18,,,,,,,,,Not run,Accountant / Finance,Accountant / Finance,UNCHANGED,Authored,,,,No,No,Validated (Supported),Confirmed,backend/accounting/services.py:PostingService; backend/payments/services.py:PaymentService,"Supplier payment credits bank/cash, debits supplier advances then AP on allocation, reducing supplier outstanding."
X-0326,X,Multiple / Cross-persona,Receivables & Payables,Partial supplier payment maintains balance,In-house Accountant,Supplier,Partial payment to vendor maintains accurate record of remaining unpaid bill amount,Updates purchase invoice paid_amount; keeps remaining balance active in payables aging,P1,Validated (Supported),Supported via purchase PaymentAllocation engine.,Baseline,Cross-persona,P1,Unchanged,Code symbol found,Matched PaymentAllocation in product code. This is not a functional test.,ARAP,Receivables and payables,,ledgers,CONTROL,Core,Cross-persona,Critical,High,Medium,Pilot,Cited in code,Not verified,Not verified,Not verified,Not verified,No,Built - unverified,P1,18,,,,,,,,,Not run,Accountant / Finance,Accountant / Finance,UNCHANGED,Authored,,backend/payments/models.py:PaymentAllocation,backend/tests/test_a07_dunning.py; backend/tests/test_a13_a14_reporting_sales.py; backend/tests/test_a15_cr090_plus.py,No,No,,,,
X-0327,X,Multiple / Cross-persona,Receivables & Payables,Supplier advance is recorded,Accounts Cashier,Supplier,Advance deposit paid to vendor prior to shipment tracked in supplier advance ledger,Debits Supplier Advance Asset account; credits Bank/Cash account,P1,Validated (Supported),Supported via Supplier Advance payment workflow.,Baseline,Cross-persona,P1,Unchanged,Code reviewed - confirmed,"Code review 2026-10-04 (agent-reviewed, spot-checked): Confirmed. Unallocated supplier payment debits Supplier Advances 1250 against bank/cash.",ARAP,Receivables and payables,,ledgers,CONTROL,Core,Cross-persona,Critical,High,Medium,Pilot,Cited in code,Not verified,Not verified,Not verified,Not verified,No,Built - unverified,P1,18,,,,,,,,,Not run,Accountant / Finance,Accountant / Finance,UNCHANGED,Authored,,,,No,No,Validated (Supported),Confirmed,backend/accounting/services.py:PostingService; backend/payments/services.py:PaymentService,Unallocated supplier payment debits Supplier Advances 1250 against bank/cash.
X-0328,X,Multiple / Cross-persona,Receivables & Payables,Advance is adjusted against invoice,In-house Accountant,Supplier,Previously paid advance applied against incoming supplier bill upon delivery,Credits Supplier Advance Asset account; debits Accounts Payable; reduces net payable,P1,Validated (Supported),Supported via Advance Allocation against purchase invoices.,Baseline,Cross-persona,P1,Unchanged,Code reviewed - confirmed,"Code review 2026-10-04 (agent-reviewed, spot-checked): Confirmed. post_supplier_payment_allocation debits AP 2100 and credits advances 1250 when payment is allocated to a purchase invoice.",ARAP,Receivables and payables,,ledgers,CONTROL,Core,Cross-persona,Critical,High,Medium,Pilot,Cited in code,Not verified,Not verified,Not verified,Not verified,No,Built - unverified,P1,18,,,,,,,,,Not run,Accountant / Finance,Accountant / Finance,UNCHANGED,Authored,,,,No,No,Validated (Supported),Confirmed,backend/accounting/services.py:PostingService; backend/payments/services.py:PaymentService,post_supplier_payment_allocation debits AP 2100 and credits advances 1250 when payment is allocated to a purchase invoice.
X-0329,X,Multiple / Cross-persona,Receivables & Payables,Purchase return reduces payable,In-house Accountant,Supplier,Returning goods to supplier and issuing Debit Note reduces accounts payable liability,Debits Supplier Accounts Payable account; credits Purchase Returns account in GL,P1,Validated (Supported),Supported via PurchaseDebitNote generation upon PurchaseReturn.,Baseline,Cross-persona,P1,Unchanged,Code symbol found,Matched PurchaseDebitNote in product code. This is not a functional test.,ARAP,Receivables and payables,,ledgers,CONTROL,Core,Cross-persona,Critical,High,Medium,Pilot,Cited in code,Not verified,Not verified,Not verified,Not verified,No,Built - unverified,P1,18,,,,,,,,,Not run,Accountant / Finance,Accountant / Finance,UNCHANGED,Authored,,backend/purchases/models.py:PurchaseDebitNote; backend/purchases/models.py:PurchaseReturn,backend/tests/test_a11_a12_stock_cost.py; backend/tests/test_phase6_insights.py; backend/tests/test_supplier_complaints.py,No,No,,,,
X-0330,X,Multiple / Cross-persona,Receivables & Payables,Supplier credit note reduces payable,In-house Accountant,Supplier,Credit note received from supplier for price rebate or discount reduces amount owed,Debits Accounts Payable; credits Purchase Discount / Expense reduction in GL,P1,Validated (Supported),Supported via PurchaseCreditNote recording workflow.,Baseline,Cross-persona,P1,Unchanged,Code symbol found,Matched PurchaseCreditNote in product code. This is not a functional test.,ARAP,Receivables and payables,,ledgers,CONTROL,Core,Cross-persona,Critical,High,Medium,Pilot,Cited in code,Not verified,Not verified,Not verified,Not verified,No,Built - unverified,P1,18,,,,,,,,,Not run,Accountant / Finance,Accountant / Finance,UNCHANGED,Authored,,backend/purchases/models.py:PurchaseCreditNote,backend/tests/test_a15_cr090_plus.py; backend/tests/test_next_batch_smtp_gsp.py; backend/tests/test_phase1_notes_ledger.py,No,No,,,,
X-0331,X,Multiple / Cross-persona,Receivables & Payables,Supplier statement is generated,In-house Accountant,Supplier / Owner,"Comprehensive statement of account showing all purchase bills, debit notes, and payments","Renders chronological supplier ledger statement with debit, credit, and running balance",P1,Validated (Supported),Supported via /purchases/suppliers/{id}/statement/ with PDF export.,Baseline,Cross-persona,P1,Unchanged,Code reviewed - confirmed,"Code review 2026-10-04 (agent-reviewed, spot-checked): Confirmed. supplier_statement returns chronological entries with running balance for a supplier.",ARAP,Receivables and payables,,ledgers,CONTROL,Core,Cross-persona,Critical,High,Medium,Pilot,Cited in code,Not verified,Not verified,Not verified,Not verified,No,Built - unverified,P1,18,,,,,,,,,Not run,Accountant / Finance,Accountant / Finance,UNCHANGED,Authored,,,,No,No,Validated (Supported),Confirmed,backend/ledgers/services.py:LedgerService; backend/ledgers/views.py:SupplierLedgerDetailView,supplier_statement returns chronological entries with running balance for a supplier.
X-0332,X,Multiple / Cross-persona,Receivables & Payables,Supplier ageing is calculated,System / Aging Engine,Purchase Manager / Accountant,"Payables classified into aging buckets (0-30, 31-60, 61-90, 90+ days) to manage working capital",Computes aging days based on bill due dates; displays priority payment schedule,P1,Validated (Supported),Supported via Payables Aging Report (/purchases/reports/payables-aging/).,Baseline,Cross-persona,P1,Unchanged,Code reviewed - confirmed,"Code review 2026-10-04 (agent-reviewed, spot-checked): Confirmed. payables_aging buckets open purchase invoice outstanding by due date into current,1-30,31-60,61-90,90+.",ARAP,Receivables and payables,,ledgers,CONTROL,Core,Cross-persona,Critical,High,Medium,Pilot,Cited in code,Not verified,Not verified,Not verified,Not verified,No,Built - unverified,P1,18,,,,,,,,,Not run,System / Automation,System / Automation,UNCHANGED,Authored,,,,No,No,Validated (Supported),Confirmed,backend/reporting/services.py:ReportService,"payables_aging buckets open purchase invoice outstanding by due date into current,1-30,31-60,61-90,90+."
X-0333,X,Multiple / Cross-persona,Receivables & Payables,Overdue supplier payment is identified,In-house Accountant,Business Owner,Spot overdue supplier bills to prioritize payments and maintain critical vendor relationships,Flags purchase bills past their due date; highlights risk of supplier supply disruption,P1,Partial,Supported via Overdue Payables list on accounting dashboard.,Baseline,Cross-persona,P1,Unchanged,Partial,"Code review 2026-10-04 (agent-reviewed, spot-checked): Partial. Payables ageing buckets and a bills-due-in-7-days alert exist; no list flagging individual overdue purchase bills.",ARAP,Receivables and payables,,ledgers,CONTROL,Core,Cross-persona,Critical,High,Medium,Pilot,Partial,Not verified,Not verified,Not verified,Not verified,No,Built - partial,P1,18,,,,,,,,,Not run,Accountant / Finance,Accountant / Finance,UNCHANGED,Authored,,,,No,No,Validated (Supported),Partial,backend/insights/alerts.py:_ap; backend/reporting/services.py:ReportService,Payables ageing buckets and a bills-due-in-7-days alert exist; no list flagging individual overdue purchase bills.
X-0334,X,Multiple / Cross-persona,Receivables & Payables,Owner reviews supplier liabilities,Reporting & Business Intelligence,Business Owner,Owner reviews total trade payables commitments to plan weekly treasury cash outflows,"Displays summary of total supplier liabilities, upcoming due dates, and major vendor balances",P1,Validated (Supported),Supported via Owner Executive Payables Overview card.,Baseline,Cross-persona,P1,Unchanged,Code reviewed - confirmed,"Code review 2026-10-04 (agent-reviewed, spot-checked): Confirmed. Dashboard shows total payables and payables ageing; alert gives upcoming due amount.",ARAP,Receivables and payables,,ledgers,CONTROL,Core,Cross-persona,Critical,High,Medium,Pilot,Cited in code,Not verified,Not verified,Not verified,Not verified,No,Built - unverified,P1,18,,,,,,,,,Not run,System / Automation,System / Automation,UNCHANGED,Authored,,,,No,No,Validated (Supported),Confirmed,backend/reporting/services.py:ReportService; backend/insights/alerts.py:_ap; web/src/pages/DashboardPage.tsx,Dashboard shows total payables and payables ageing; alert gives upcoming due amount.
X-0335,X,Multiple / Cross-persona,Receivables & Payables,Accountant reconciles supplier ledger,In-house Accountant,Supplier Accounts Desk,Periodic ledger reconciliation with vendor statement to identify missing bills or payments,Compares buyer AP ledger with vendor statement; highlights unrecorded bills or deductions,P1,Mechanism not found,Supported via Supplier Reconciliation worksheet.,Baseline,Cross-persona,P1,Unchanged,Mechanism not found,"Code review 2026-10-04 (agent-reviewed, spot-checked): Contradicted. No tool compares AP ledger with a vendor statement; only bank reconciliation exists.",ARAP,Receivables and payables,,ledgers,CONTROL,Core,Cross-persona,Critical,High,Medium,Pilot,Not in code,Not verified,Not verified,Not verified,Not verified,No,Gap,P1,18,,,,,,,,,Not run,Accountant / Finance,Accountant / Finance,UNCHANGED,Authored,,,,No,No,Validated (Supported),Contradicted,"none found: searched supplier reconciliation, vendor statement compare in backend/ledgers, backend/reporting, backend/payments",No tool compares AP ledger with a vendor statement; only bank reconciliation exists.
X-0336,X,Multiple / Cross-persona,Receivables & Payables,Supplier payment is linked to bank/cash transaction,In-house Accountant,Auditor,Every vendor payment voucher linked to specific bank account debit or cash withdrawal,Maintains bidirectional link between Accounts Payable payment and Bank/Cash journal voucher,P1,Validated (Supported),Core system invariant: all payments create balanced double-entry GL journal vouchers.,Baseline,Cross-persona,P1,Unchanged,Code reviewed - confirmed,"Code review 2026-10-04 (agent-reviewed, spot-checked): Confirmed. Supplier payment posts balanced journal with source_type SUPPLIER_PAYMENT/source_id linking payment to bank/cash GL account.",ARAP,Receivables and payables,,ledgers,CONTROL,Core,Cross-persona,Critical,High,Medium,Pilot,Cited in code,Not verified,Not verified,Not verified,Not verified,No,Built - unverified,P1,18,,,,,,,,,Not run,Accountant / Finance,Accountant / Finance,UNCHANGED,Authored,,,,No,No,Validated (Supported),Confirmed,backend/accounting/services.py:PostingService; backend/payments/services.py:PaymentService,Supplier payment posts balanced journal with source_type SUPPLIER_PAYMENT/source_id linking payment to bank/cash GL account.
X-0337,X,Multiple / Cross-persona,Payments & Reconciliation,Cash sale → cash balance increases,Counter Billing Clerk,Customer,Cash received from retail sale increases physical drawer cash balance,Debits Cash-in-Hand ledger account; credits Sales Revenue account in GL,P1,Validated (Supported),Core system invariant: cash sale completion immediately updates cash ledger balance.,Baseline,Cross-persona,P1,Unchanged,Code reviewed - confirmed,"Code review 2026-10-04 (agent-reviewed, spot-checked): Confirmed. Cash payment at sale creates a receipt posting Dr cash and allocation moves to AR, so the cash ledger rises.",PAYREC,Payments and reconciliation,,payments,RUN,Core,Cross-persona,High,High,Low,Pilot,Cited in code,Not verified,Not verified,Not verified,Not verified,No,Built - unverified,P1,9,,,,,,,,,Not run,Billing / Counter Clerk,Billing / Counter Clerk,UNCHANGED,Authored,,,,No,No,Validated (Supported),Confirmed,backend/sales/views.py:create_receipt; backend/accounting/services.py:post_receipt,"Cash payment at sale creates a receipt posting Dr cash and allocation moves to AR, so the cash ledger rises."
X-0338,X,Multiple / Cross-persona,Payments & Reconciliation,UPI sale → digital payment is recorded,Counter Billing Clerk,Customer,Instant UPI settlement recorded with transaction UTR reference number,Debits Bank/UPI Clearing account; credits Sales Revenue; logs gateway reference,P1,Validated (Supported),Supported via dynamic UPI QR scanner on POS terminal.,Baseline,Cross-persona,P1,Unchanged,Code reviewed - confirmed,"Code review 2026-10-04 (agent-reviewed, spot-checked): Confirmed. UPI receipts record UTR and post Dr bank/UPI, with gateway fee to bank charges.",PAYREC,Payments and reconciliation,,payments,RUN,Core,Cross-persona,High,High,Low,Pilot,Cited in code,Not verified,Not verified,Not verified,Not verified,No,Built - unverified,P1,9,,,,,,,,,Not run,Billing / Counter Clerk,Billing / Counter Clerk,UNCHANGED,Authored,,,,No,No,Validated (Supported),Confirmed,backend/payments/models.py:CustomerReceipt; backend/accounting/services.py:post_receipt,"UPI receipts record UTR and post Dr bank/UPI, with gateway fee to bank charges."
X-0339,X,Multiple / Cross-persona,Payments & Reconciliation,Bank payment → bank ledger updates,Accounts Cashier,In-house Accountant,Bank transfer (NEFT/RTGS/IMPS/Cheque) reflected in company bank account ledger,Debits/credits Bank Account ledger; updates running bank book balance,P1,Validated (Supported),Supported via /accounting/bank-accounts/ ledger entries.,Baseline,Cross-persona,P1,Unchanged,Code reviewed - confirmed,"Code review 2026-10-04 (agent-reviewed, spot-checked): Confirmed. Receipts and payments post to the bank account GL ledger.",PAYREC,Payments and reconciliation,,payments,RUN,Core,Cross-persona,High,High,Low,Pilot,Cited in code,Not verified,Not verified,Not verified,Not verified,No,Built - unverified,P1,9,,,,,,,,,Not run,Accountant / Finance,Accountant / Finance,UNCHANGED,Authored,,,,No,No,Validated (Supported),Confirmed,backend/accounting/services.py:_bank_gl_account; backend/payments/models.py:BankAccount,Receipts and payments post to the bank account GL ledger.
X-0340,X,Multiple / Cross-persona,Payments & Reconciliation,Customer payment → receivable decreases,Accounts Cashier,Customer,Customer payment receipt reduces accounts receivable balance,Credits Customer AR ledger; debits Bank/Cash; updates customer credit availability,P1,Validated (Supported),Core system invariant: payment post immediately reduces customer receivable balance.,Baseline,Cross-persona,P1,Unchanged,Code reviewed - confirmed,"Code review 2026-10-04 (agent-reviewed, spot-checked): Confirmed. Allocation moves Advances to Cr AR and outstanding is reduced.",PAYREC,Payments and reconciliation,,payments,RUN,Core,Cross-persona,High,High,Low,Pilot,Cited in code,Not verified,Not verified,Not verified,Not verified,No,Built - unverified,P1,9,,,,,,,,,Not run,Accountant / Finance,Accountant / Finance,UNCHANGED,Authored,,,,No,No,Validated (Supported),Confirmed,backend/accounting/services.py:post_receipt_allocation; backend/ledgers/services.py:LedgerService,Allocation moves Advances to Cr AR and outstanding is reduced.
X-0341,X,Multiple / Cross-persona,Payments & Reconciliation,Supplier payment → payable decreases,Accounts Cashier,Supplier,Vendor disbursement reduces accounts payable liability,Debits Supplier AP ledger; credits Bank/Cash account; decreases outstanding liability,P1,Validated (Supported),Core system invariant: vendor payment immediately decreases accounts payable liability.,Baseline,Cross-persona,P1,Unchanged,Code reviewed - confirmed,"Code review 2026-10-04 (agent-reviewed, spot-checked): Confirmed. Supplier payment posts and allocation debits AP, lowering the liability.",PAYREC,Payments and reconciliation,,payments,RUN,Core,Cross-persona,High,High,Low,Pilot,Cited in code,Not verified,Not verified,Not verified,Not verified,No,Built - unverified,P1,9,,,,,,,,,Not run,Accountant / Finance,Accountant / Finance,UNCHANGED,Authored,,,,No,No,Validated (Supported),Confirmed,backend/accounting/services.py:post_supplier_payment; backend/payments/services.py:create_supplier_payment,"Supplier payment posts and allocation debits AP, lowering the liability."
X-0342,X,Multiple / Cross-persona,Payments & Reconciliation,Expense payment → expense ledger updates,In-house Accountant,Vendor / Service Provider,"Operating expenses (rent, electricity, transport, tea) recorded with proper expense heads","Debits specific Expense account (e.g. Rent, Freight); credits Bank/Cash account in GL",P1,Partial,Supported via /accounting/expenses/create with cost center allocation.,Baseline,Cross-persona,P1,Unchanged,Partial,"Code review 2026-10-04 (agent-reviewed, spot-checked): Partial. Expense voucher with category and numbering exists; no journal posting to expense/bank accounts found.",PAYREC,Payments and reconciliation,,payments,RUN,Core,Cross-persona,High,High,Low,Pilot,Partial,Not verified,Not verified,Not verified,Not verified,No,Built - partial,P1,9,,,,,,,,,Not run,Accountant / Finance,Accountant / Finance,UNCHANGED,Authored,,,,No,No,Validated (Supported),Partial,backend/accounting/models.py:Expense; backend/accounting/views.py:ExpenseViewSet,Expense voucher with category and numbering exists; no journal posting to expense/bank accounts found.
X-0343,X,Multiple / Cross-persona,Payments & Reconciliation,Payment reversal → original payment remains traceable,In-house Accountant,Auditor,Reversing a bounced cheque or erroneous payment maintains complete audit history,Posts reversal journal voucher; restores original invoice unpaid status; logs reversal reason,P1,Validated (Supported),Core system invariant: payments cannot be hard-deleted; reversals create linked reversal vouchers.,Baseline,Cross-persona,P1,Restored to authored P1. The previous workbook had P0 after a keyword rebalance.,Code reviewed - confirmed,"Restored to authored P1. The previous workbook had P0 after a keyword rebalance. Code review 2026-10-04 (agent-reviewed, spot-checked): Confirmed. Void reverses allocations and posts a reversal journal; receipt is marked VOIDED, not deleted.",PAYREC,Payments and reconciliation,,payments,RUN,Core,Cross-persona,High,High,Low,Pilot,Cited in code,Not verified,Not verified,Not verified,Not verified,No,Built - unverified,P1,9,,,,,,,,,Not run,Accountant / Finance,Accountant / Finance,RESTORED_TO_AUTHORED,Authored,,,,No,No,Validated (Supported),Confirmed,backend/payments/services.py:void_receipt; backend/payments/services.py:_reverse_money_document_journal,"Void reverses allocations and posts a reversal journal; receipt is marked VOIDED, not deleted."
X-0344,X,Multiple / Cross-persona,Payments & Reconciliation,Failed payment → invoice remains appropriately unpaid,System / Payment Gateway,Customer / Cashier,Failed or rejected digital transaction keeps invoice status as UNPAID,Logs failure event; prevents false invoice settlement; alerts cashier to re-prompt tender,P1,Validated (Supported),Automated webhook handler; preserves UNPAID status on gateway failure.,Baseline,Cross-persona,P1,Unchanged,Code reviewed - confirmed,"Code review 2026-10-04 (agent-reviewed, spot-checked): Confirmed. Non-CAPTURED events are ignored and invoice state derives from outstanding, so it stays unpaid; no cashier alert.",PAYREC,Payments and reconciliation,,payments,RUN,Core,Cross-persona,High,High,Low,Pilot,Cited in code,Not verified,Not verified,Not verified,Not verified,No,Built - unverified,P1,9,,,,,,,,,Not run,System / Automation,System / Automation,UNCHANGED,Authored,,,,No,No,Validated (Supported),Confirmed,backend/payments/webhook_views.py:payment_webhook; backend/payments/holding.py:invoice_payment_state,"Non-CAPTURED events are ignored and invoice state derives from outstanding, so it stays unpaid; no cashier alert."
X-0345,X,Multiple / Cross-persona,Payments & Reconciliation,Partial payment → outstanding remains,Cashier / Accountant,Customer,Partial payments settle a portion of bill while maintaining exact remaining balance,Maintains remaining unpaid balance on invoice; updates payment status to PARTIALLY_PAID,P1,Validated (Supported),Supported via PaymentAllocation model tracking exact unpaid balance.,Baseline,Cross-persona,P1,Unchanged,Code symbol found,Matched PaymentAllocation in product code. This is not a functional test.,PAYREC,Payments and reconciliation,,payments,RUN,Core,Cross-persona,High,High,Low,Pilot,Cited in code,Not verified,Not verified,Not verified,Not verified,No,Built - unverified,P1,9,,,,,,,,,Not run,Accountant / Finance,Accountant / Finance,UNCHANGED,Authored,,backend/payments/models.py:PaymentAllocation,backend/tests/test_a07_dunning.py; backend/tests/test_a13_a14_reporting_sales.py; backend/tests/test_a15_cr090_plus.py,No,No,,,,
X-0346,X,Multiple / Cross-persona,Payments & Reconciliation,Multiple payments → invoice settlement is accurate,Cashier / Accountant,Customer,Invoice paid in multiple installments tracks cumulative receipts accurately until full settlement,Sums all linked payment allocations; marks invoice PAID only when sum equals invoice total,P1,Validated (Supported),Core system invariant: invoice marked PAID only when total allocations match grand total.,Baseline,Cross-persona,P1,Unchanged,Code reviewed - confirmed,"Code review 2026-10-04 (agent-reviewed, spot-checked): Confirmed. Paid state derives from outstanding after summing all allocations.",PAYREC,Payments and reconciliation,,payments,RUN,Core,Cross-persona,High,High,Low,Pilot,Cited in code,Not verified,Not verified,Not verified,Not verified,No,Built - unverified,P1,9,,,,,,,,,Not run,Accountant / Finance,Accountant / Finance,UNCHANGED,Authored,,,,No,No,Validated (Supported),Confirmed,backend/payments/holding.py:invoice_payment_state; backend/ledgers/services.py:sales_invoice_outstanding,Paid state derives from outstanding after summing all allocations.
X-0347,X,Multiple / Cross-persona,Payments & Reconciliation,Daily cash closing → expected versus actual cash is compared,Store Cashier / Owner,Store Manager,Daily till reconciliation comparing system expected cash with physical cash in drawer,Computes expected cash = opening_cash + cash_sales - cash_expenses; compares counted cash,P1,Partial,Supported via /pos/shift-close screen with cash breakdown counter. | Drift check 2026-10-05: Daily cash close compares expected and counted cash (accounting/cash_shifts.py),Baseline,Cross-persona,P1,Unchanged,Mechanism not found,"Code review 2026-10-04 (agent-reviewed, spot-checked): Contradicted. No daily cash closing or expected versus counted comparison exists.",PAYREC,Payments and reconciliation,,payments,RUN,Core,Cross-persona,High,High,Low,Pilot,Not in code,Not verified,Not verified,Not verified,Not verified,No,Built - partial,P1,9,,,,,,,,,Not run,Business Owner,Business Owner,UNCHANGED,Authored,,,,No,No,Validated (Supported),Contradicted,"none found: searched shift close, expected_cash, opening_cash, cash closing",No daily cash closing or expected versus counted comparison exists.
X-0348,X,Multiple / Cross-persona,Payments & Reconciliation,Cash discrepancy → variance is recorded,Store Manager / Owner,Cashier,Cash shortage or overage recorded as variance voucher for managerial investigation,Posts variance to Cash Shortage/Overage expense account; flags shift for manager sign-off,P1,Mechanism not found,Supported via Shift Close variance logging with mandatory explanation note.,Baseline,Cross-persona,P1,Unchanged,Mechanism not found,"Code review 2026-10-04 (agent-reviewed, spot-checked): Contradicted. No cash variance recording or shortage/overage posting exists.",PAYREC,Payments and reconciliation,,payments,RUN,Core,Cross-persona,High,High,Low,Pilot,Not in code,Not verified,Not verified,Not verified,Not verified,No,Gap,P1,9,,,,,,,,,Not run,Business Owner,Business Owner,UNCHANGED,Authored,,,,No,No,Validated (Supported),Contradicted,"none found: searched cash variance, cash shortage, overage account",No cash variance recording or shortage/overage posting exists.
X-0349,X,Multiple / Cross-persona,Payments & Reconciliation,Bank reconciliation → unmatched transactions are identified,In-house Accountant,Bank / Auditor,Bank reconciliation statement (BRS) matching system bank ledger against bank statement feed,"Matches debit and credit entries; highlights cheques issued but not presented, or direct debits",P1,Validated (Supported),Supported via /accounting/bank-reconciliation/ with automated date-amount matching.,Baseline,Cross-persona,P1,Unchanged,Code reviewed - confirmed,"Code review 2026-10-04 (agent-reviewed, spot-checked): Confirmed. Bank statement lines import and are scored against receipts by amount, date and reference.",PAYREC,Payments and reconciliation,,payments,RUN,Core,Cross-persona,High,High,Low,Pilot,Cited in code,Not verified,Not verified,Not verified,Not verified,No,Built - unverified,P1,9,,,,,,,,,Not run,Accountant / Finance,Accountant / Finance,UNCHANGED,Authored,,,,No,No,Validated (Supported),Confirmed,backend/payments/recon.py:suggest_matches; backend/accounting/models.py:BankReconSession,"Bank statement lines import and are scored against receipts by amount, date and reference."
X-0350,X,Multiple / Cross-persona,Payments & Reconciliation,Payment reconciliation → business ledger matches payment records,In-house Accountant,Auditor,Verify that payment gateway settlement reports match bank deposits to the rupee,Reconciles gross gateway collections minus processing fees against net bank account credits,P1,Partial,Supported via Gateway Settlement Reconciliation tool.,Baseline,Cross-persona,P1,Unchanged,Partial,"Code review 2026-10-04 (agent-reviewed, spot-checked): Partial. Match scoring nets gateway fee against bank credits; no dedicated gateway settlement report reconciliation.",PAYREC,Payments and reconciliation,,payments,RUN,Core,Cross-persona,High,High,Low,Pilot,Partial,Not verified,Not verified,Not verified,Not verified,No,Built - partial,P1,9,,,,,,,,,Not run,Accountant / Finance,Accountant / Finance,UNCHANGED,Authored,,,,No,No,Validated (Supported),Partial,backend/payments/recon.py:_receipt_fee; backend/payments/models.py:GatewayPayment,Match scoring nets gateway fee against bank credits; no dedicated gateway settlement report reconciliation.
X-0351,X,Multiple / Cross-persona,Payments & Reconciliation,Owner reviews cash position,Reporting & Business Intelligence,Business Owner,Owner checks liquid cash and bank balances across all company accounts on demand,"Displays real-time balances of Cash-in-Hand, Current Accounts, and Digital Wallets",P1,Validated (Supported),Supported via Cash & Bank Summary card on Owner Home Screen.,Baseline,Cross-persona,P1,Unchanged,Code reviewed - confirmed,"Code review 2026-10-04 (agent-reviewed, spot-checked): Confirmed. Dashboard payload includes a cash_position computed from cash and bank accounts.",PAYREC,Payments and reconciliation,,payments,RUN,Core,Cross-persona,High,High,Low,Pilot,Cited in code,Not verified,Not verified,Not verified,Not verified,No,Built - unverified,P1,9,,,,,,,,,Not run,System / Automation,System / Automation,UNCHANGED,Authored,,,,No,No,Validated (Supported),Confirmed,backend/reporting/services.py:cash_position; backend/reporting/services.py:cash_book,Dashboard payload includes a cash_position computed from cash and bank accounts.
X-0352,X,Multiple / Cross-persona,Payments & Reconciliation,Owner drills cash balance into transactions,Reporting & Business Intelligence,Business Owner,Owner clicks cash balance to view all inflows and outflows for the day or week,"Opens Cash Book ledger showing chronological receipts, payments, and running cash balance",P1,Validated (Supported),Supported via Cash Book ledger drill-down (/accounting/cash-book/).,Baseline,Cross-persona,P1,Unchanged,Code reviewed - confirmed,"Code review 2026-10-04 (agent-reviewed, spot-checked): Confirmed. Cash book report with chronological receipts, payments and running balance exists.",PAYREC,Payments and reconciliation,,payments,RUN,Core,Cross-persona,High,High,Low,Pilot,Cited in code,Not verified,Not verified,Not verified,Not verified,No,Built - unverified,P1,9,,,,,,,,,Not run,System / Automation,System / Automation,UNCHANGED,Authored,,,,No,No,Validated (Supported),Confirmed,backend/reporting/views.py:CashBookView; backend/reporting/services.py:cash_book,"Cash book report with chronological receipts, payments and running balance exists."
X-0353,X,Multiple / Cross-persona,Sales / CRM / Customer Lifecycle,Create new customer,Sales Staff / Billing Clerk,Customer,"Register new retail or wholesale customer with name, mobile, GSTIN, and address",Creates Customer master record; validates GSTIN checksum and assigns default price list,P1,Validated (Supported),Supported via /sales/customers/create and POS quick-customer modal.,Baseline,Cross-persona,P1,Unchanged,Code reviewed - confirmed,"Code review 2026-10-04 (agent-reviewed, spot-checked): Confirmed. Customer master has name, phone, GSTIN with checksum validator, address, credit limit and optional price list; default price list not auto-assigned.",CRM,Sales and CRM lifecycle,,crm,GROW,Core,Cross-persona,Medium,Medium,Low,Later,Cited in code,Not verified,Not verified,Not verified,Not verified,No,Built - unverified,P2,6,,,,,,,,,Not run,Billing / Counter Clerk,Billing / Counter Clerk,UNCHANGED,Authored,,,,No,No,Validated (Supported),Confirmed,backend/masters/models.py:Customer; backend/core/validators.py:validate_gstin,"Customer master has name, phone, GSTIN with checksum validator, address, credit limit and optional price list; default price list not auto-assigned."
X-0354,X,Multiple / Cross-persona,Sales / CRM / Customer Lifecycle,Update customer profile,Sales Staff / Admin,Customer,"Update customer contact info, billing/shipping address, or credit limit",Updates Customer master record; preserves historical invoice association,P1,Validated (Supported),Supported via /sales/customers/{id}/edit.,Baseline,Cross-persona,P1,Restored to authored P1. The previous workbook had P0 after a keyword rebalance.,Code reviewed - confirmed,"Restored to authored P1. The previous workbook had P0 after a keyword rebalance. Code review 2026-10-04 (agent-reviewed, spot-checked): Confirmed. Customer record is editable including contact, billing address and credit_limit; invoices reference it by foreign key so history is preserved.",CRM,Sales and CRM lifecycle,,crm,GROW,Core,Cross-persona,Medium,Medium,Low,Later,Cited in code,Not verified,Not verified,Not verified,Not verified,No,Built - unverified,P2,6,,,,,,,,,Not run,Platform Admin,Platform Admin,RESTORED_TO_AUTHORED,Authored,,,,No,No,Validated (Supported),Confirmed,backend/masters/models.py:Customer; backend/masters/serializers.py:phone,"Customer record is editable including contact, billing address and credit_limit; invoices reference it by foreign key so history is preserved."
X-0355,X,Multiple / Cross-persona,Sales / CRM / Customer Lifecycle,Duplicate customer detection,System / Master Guard,Sales Staff,Prevent duplicate customer entries with identical phone number or GSTIN,Scans existing records on mobile number or GSTIN; warns user before saving duplicate,P1,Partial,Built-in phone and GSTIN duplicate detection check during customer creation.,Baseline,Cross-persona,P1,Unchanged,Partial,"Code review 2026-10-04 (agent-reviewed, spot-checked): Partial. GSTIN duplicates are blocked by a unique constraint (not a warning); no phone duplicate check on Customer creation.",CRM,Sales and CRM lifecycle,,crm,GROW,Core,Cross-persona,Medium,Medium,Low,Later,Partial,Not verified,Not verified,Not verified,Not verified,No,Built - partial,P2,6,,,,,,,,,Not run,System / Automation,System / Automation,UNCHANGED,Authored,,,,No,No,Validated (Supported),Partial,backend/masters/models.py:uniq_customer_gstin_per_company; backend/crm/models.py:dedupe_matched_customer,GSTIN duplicates are blocked by a unique constraint (not a warning); no phone duplicate check on Customer creation.
X-0356,X,Multiple / Cross-persona,Sales / CRM / Customer Lifecycle,Customer inquiry → lead created,Sales Representative,Prospective Client,"Capture prospective customer inquiry from phone call, walk-in, or web inquiry","Creates Lead record in CRM pipeline; records required items, estimated budget, and source",P1,Validated (Supported),Supported via /crm/leads/create with pipeline stage tracking.,Baseline,Cross-persona,P1,Unchanged,Code reviewed - confirmed,"Code review 2026-10-04 (agent-reviewed, spot-checked): Confirmed. Lead model captures contact, source, status and message with pipeline Opportunity stages; no explicit budget field.",CRM,Sales and CRM lifecycle,,crm,GROW,Core,Cross-persona,Medium,Medium,Low,Later,Cited in code,Not verified,Not verified,Not verified,Not verified,No,Built - unverified,P2,6,,,,,,,,,Not run,Sales & Growth,Sales & Growth,UNCHANGED,Authored,,,,No,No,Validated (Supported),Confirmed,backend/crm/models.py:Lead; backend/crm/views.py:LeadActivitySerializer,"Lead model captures contact, source, status and message with pipeline Opportunity stages; no explicit budget field."
X-0357,X,Multiple / Cross-persona,Sales / CRM / Customer Lifecycle,Lead → follow-up task created,Sales Representative,Sales Manager,Schedule follow-up reminder or call task to advance prospective deal,Creates follow-up task with due date; pushes reminder to salesperson's daily task feed,P1,Validated (Supported),Supported via CRM Task / Follow-up scheduler.,Baseline,Cross-persona,P1,Unchanged,Code reviewed - confirmed,"Code review 2026-10-04 (agent-reviewed, spot-checked): Confirmed. LeadActivity has due_at and a periodic task sends one in-app reminder per due activity, recorded in reminded_at.",CRM,Sales and CRM lifecycle,,crm,GROW,Core,Cross-persona,Medium,Medium,Low,Later,Cited in code,Not verified,Not verified,Not verified,Not verified,No,Built - unverified,P2,6,,,,,,,,,Not run,Sales & Growth,Sales & Growth,UNCHANGED,Authored,,,,No,No,Validated (Supported),Confirmed,backend/crm/models.py:LeadActivity; backend/crm/tasks.py:LeadActivity,"LeadActivity has due_at and a periodic task sends one in-app reminder per due activity, recorded in reminded_at."
X-0358,X,Multiple / Cross-persona,Sales / CRM / Customer Lifecycle,Lead → quotation created,Sales Representative,Prospective Client,Convert qualified lead into formal price quotation with product options,Creates Quotation linked to Lead; copies customer details and proposed line items,P1,Partial,Supported via Lead 'Generate Quotation' action.,Baseline,Cross-persona,P1,Unchanged,Partial,"Code review 2026-10-04 (agent-reviewed, spot-checked): Partial. Quotation is created from a WON Opportunity (with its lines), not directly from a Lead.",CRM,Sales and CRM lifecycle,,crm,GROW,Core,Cross-persona,Medium,Medium,Low,Later,Partial,Not verified,Not verified,Not verified,Not verified,No,Built - partial,P2,6,,,,,,,,,Not run,Sales & Growth,Sales & Growth,UNCHANGED,Authored,,,,No,No,Validated (Supported),Partial,backend/crm/views.py:quotation; backend/crm/models.py:Opportunity,"Quotation is created from a WON Opportunity (with its lines), not directly from a Lead."
X-0359,X,Multiple / Cross-persona,Sales / CRM / Customer Lifecycle,Quotation → sales order,Salesperson,Customer,Convert accepted quotation into binding sales order upon client approval,"Clones Quotation items into SalesOrder, marks quotation CONVERTED, commits stock",P1,Partial,Supported via Quotation 'Convert to Order' action in Quotation detail view.,Baseline,Cross-persona,P1,Unchanged,Partial,"Code review 2026-10-04 (agent-reviewed, spot-checked): Partial. Lines are cloned and quotation marked CONVERTED, but stock is reserved only when the draft order is later confirmed.",CRM,Sales and CRM lifecycle,,crm,GROW,Core,Cross-persona,Medium,Medium,Low,Later,Partial,Not verified,Not verified,Not verified,Not verified,No,Built - partial,P2,6,,,,,,,,,Not run,Sales & Growth,Sales & Growth,UNCHANGED,Authored,,backend/sales/models.py:SalesOrder,backend/tests/test_a13_a14_reporting_sales.py; backend/tests/test_a15_cr090_plus.py; backend/tests/test_b05_attention.py,No,No,Validated (Supported),Partial,backend/sales/services.py:convert_quotation_to_order; backend/sales/notes_services.py:confirm_sales_order,"Lines are cloned and quotation marked CONVERTED, but stock is reserved only when the draft order is later confirmed."
X-0360,X,Multiple / Cross-persona,Sales / CRM / Customer Lifecycle,Sales order → invoice,Billing Clerk,Customer,Convert delivered sales order into legal tax invoice for billing and collection,Creates SalesInvoice copying SalesOrder lines; updates inventory and customer ledger,P1,Validated (Supported),Supported via SalesOrder 'Create Invoice' action.,Baseline,Cross-persona,P1,Unchanged,Code symbol found,Matched SalesOrder in product code. This is not a functional test.,CRM,Sales and CRM lifecycle,,crm,GROW,Core,Cross-persona,Medium,Medium,Low,Later,Cited in code,Not verified,Not verified,Not verified,Not verified,No,Built - unverified,P2,6,,,,,,,,,Not run,Billing / Counter Clerk,Billing / Counter Clerk,UNCHANGED,Authored,,backend/sales/models.py:SalesInvoice; backend/sales/models.py:SalesOrder,backend/tests/test_a03_preview.py; backend/tests/test_a06_whatsapp.py; backend/tests/test_a07_dunning.py,No,No,,,,
X-0361,X,Multiple / Cross-persona,Sales / CRM / Customer Lifecycle,Customer purchase → customer history updated,System / CRM Engine,Salesperson,Completed purchase appended to customer's permanent lifetime purchase history,"Updates customer lifetime spend, total order count, last purchase date, and favorite SKUs",P1,Partial,Automated customer metric rollup upon invoice completion.,Baseline,Cross-persona,P1,Unchanged,Partial,"Code review 2026-10-04 (agent-reviewed, spot-checked): Partial. Spend, order counts and products are computed on demand from invoices and orders; no stored rollup or last-purchase field updated on completion.",CRM,Sales and CRM lifecycle,,crm,GROW,Core,Cross-persona,Medium,Medium,Low,Later,Partial,Not verified,Not verified,Not verified,Not verified,No,Built - partial,P2,6,,,,,,,,,Not run,System / Automation,System / Automation,UNCHANGED,Authored,,,,No,No,Validated (Supported),Partial,backend/insights/customer_360.py:customer_360; backend/insights/customer_actions.py:build_customer_action_rows,"Spend, order counts and products are computed on demand from invoices and orders; no stored rollup or last-purchase field updated on completion."
X-0362,X,Multiple / Cross-persona,Sales / CRM / Customer Lifecycle,Customer purchase history → salesperson sees context,Salesperson,Customer,Salesperson views customer past orders and preferred brands during sales conversation,"Displays Customer 360 card showing purchase frequency, outstanding balance, and preferences",P1,Validated (Supported),Supported via Customer 360 side-drawer in sales booking interface.,Baseline,Cross-persona,P1,Unchanged,Code reviewed - confirmed,"Code review 2026-10-04 (agent-reviewed, spot-checked): Confirmed. Customer 360 returns invoice count, recent products, outstanding, ageing and complaints for the salesperson; not a booking side-drawer.",CRM,Sales and CRM lifecycle,,crm,GROW,Core,Cross-persona,Medium,Medium,Low,Later,Cited in code,Not verified,Not verified,Not verified,Not verified,No,Built - unverified,P2,6,,,,,,,,,Not run,Sales & Growth,Sales & Growth,UNCHANGED,Authored,,,,No,No,Validated (Supported),Confirmed,backend/insights/customer_360.py:customer_360; web/src/pages/sales/Customer360Page.tsx:Customer360Page,"Customer 360 returns invoice count, recent products, outstanding, ageing and complaints for the salesperson; not a booking side-drawer."
X-0363,X,Multiple / Cross-persona,Sales / CRM / Customer Lifecycle,Customer complaint → support case created,Customer Support Desk,Customer,"Log customer complaint regarding defective product, late delivery, or billing error","Creates SupportTicket / Complaint record; tags severity, category, and related invoice",P1,Validated (Supported),Supported via /complaints/create with SLA priority tracking.,Baseline,Cross-persona,P1,Unchanged,Code reviewed - confirmed,"Code review 2026-10-04 (agent-reviewed, spot-checked): Confirmed. Complaint records category, description and source invoice with OPEN status; no severity or SLA fields.",CRM,Sales and CRM lifecycle,,crm,GROW,Core,Cross-persona,Medium,Medium,Low,Later,Cited in code,Not verified,Not verified,Not verified,Not verified,No,Built - unverified,P2,6,,,,,,,,,Not run,Customer Support,Customer Support,UNCHANGED,Authored,,,,No,No,Validated (Supported),Confirmed,backend/complaints/models.py:Complaint; backend/complaints/services.py:create_complaint,"Complaint records category, description and source invoice with OPEN status; no severity or SLA fields."
X-0364,X,Multiple / Cross-persona,Sales / CRM / Customer Lifecycle,Support case → responsible employee assigned,Customer Support Lead,Assigned Staff Member,"Assign complaint to specific warehouse, sales, or accounting staff member for resolution",Assigns ticket owner; triggers notification to assigned employee with SLA deadline,P1,Partial,Supported via ticket assignment and workflow routing in complaints app.,Baseline,Cross-persona,P1,Unchanged,Partial,"Code review 2026-10-04 (agent-reviewed, spot-checked): Partial. Complaint has assigned_to staff field; no assignment notification or SLA deadline.",CRM,Sales and CRM lifecycle,,crm,GROW,Core,Cross-persona,Medium,Medium,Low,Later,Partial,Not verified,Not verified,Not verified,Not verified,No,Built - partial,P2,6,,,,,,,,,Not run,Sales & Growth,Sales & Growth,UNCHANGED,Authored,,,,No,No,Validated (Supported),Partial,backend/complaints/models.py:Complaint; backend/complaints/views.py:assigned_to,Complaint has assigned_to staff field; no assignment notification or SLA deadline.
X-0365,X,Multiple / Cross-persona,Sales / CRM / Customer Lifecycle,Complaint resolved → customer history updated,Customer Support Staff,Customer,"Document complaint resolution, customer satisfaction, and corrective action taken",Closes SupportTicket; records resolution notes; updates customer satisfaction history,P1,Partial,Supported via Ticket Resolution workflow with customer closure notification.,Baseline,Cross-persona,P1,Unchanged,Partial,"Code review 2026-10-04 (agent-reviewed, spot-checked): Partial. Resolution sets RESOLVED, resolved_at and inspection notes; no customer satisfaction capture or customer closure notification.",CRM,Sales and CRM lifecycle,,crm,GROW,Core,Cross-persona,Medium,Medium,Low,Later,Partial,Not verified,Not verified,Not verified,Not verified,No,Built - partial,P2,6,,,,,,,,,Not run,Customer Support,Customer Support,UNCHANGED,Authored,,,,No,No,Validated (Supported),Partial,backend/complaints/services.py:transition_status; backend/complaints/models.py:resolved_at,"Resolution sets RESOLVED, resolved_at and inspection notes; no customer satisfaction capture or customer closure notification."
X-0366,X,Multiple / Cross-persona,Sales / CRM / Customer Lifecycle,Customer referral → referral recorded,Sales Representative,Existing Customer,Track customer who referred a new client to credit referral commissions or loyalty points,Links new customer to referring customer master; records referral commission liability,P1,Validated (Supported),Supported via CRM Customer Referral tracking.,Baseline,Cross-persona,P1,Unchanged,Code reviewed - confirmed,"Code review 2026-10-04 (agent-reviewed, spot-checked): Confirmed. Referral codes link referrer to new lead or customer and ReferralReward records reward amount payable, with paid marking.",CRM,Sales and CRM lifecycle,,crm,GROW,Core,Cross-persona,Medium,Medium,Low,Later,Cited in code,Not verified,Not verified,Not verified,Not verified,No,Built - unverified,P2,6,,,,,,,,,Not run,Sales & Growth,Sales & Growth,UNCHANGED,Authored,,,,No,No,Validated (Supported),Confirmed,backend/crm/referrals.py:evaluate_referral_reward; backend/crm/models.py:ReferralReward,"Referral codes link referrer to new lead or customer and ReferralReward records reward amount payable, with paid marking."
X-0367,X,Multiple / Cross-persona,Sales / CRM / Customer Lifecycle,Customer becomes inactive → follow-up opportunity identified,Marketing / Sales Manager,Sales Representative,Identify previously regular customers who have not placed an order in 30/60/90 days,Flags churn risk customers; automatically generates re-engagement call task for sales rep,P1,Validated (Supported),Supported via Customer Inactivity & Churn Alert report.,Baseline,Cross-persona,P1,Unchanged,Code reviewed - confirmed,"Code review 2026-10-04 (agent-reviewed, spot-checked): Confirmed. Flags CHURN_RISK Attention rows when a customer's gap since last order exceeds cadence; shown as alerts, no auto-created call task.",CRM,Sales and CRM lifecycle,,crm,GROW,Core,Cross-persona,Medium,Medium,Low,Later,Cited in code,Not verified,Not verified,Not verified,Not verified,No,Built - unverified,P2,6,,,,,,,,,Not run,Sales & Growth,Sales & Growth,UNCHANGED,Authored,,,,No,No,Validated (Supported),Confirmed,backend/insights/customer_actions.py:build_customer_action_rows,"Flags CHURN_RISK Attention rows when a customer's gap since last order exceeds cadence; shown as alerts, no auto-created call task."
X-0368,X,Multiple / Cross-persona,Sales / CRM / Customer Lifecycle,Customer warranty/AMC → service obligation recorded,Service Manager,Customer,"Track warranty period, Annual Maintenance Contract (AMC), or service obligations",Creates WarrantyContract record linked to sold serial number; schedules preventive service,P1,Partial,Supported via Contracts / Warranty module (/contracts/).,Baseline,Cross-persona,P1,Unchanged,Partial,"Code review 2026-10-04 (agent-reviewed, spot-checked): Partial. Contract model covers WARRANTY and AMC types with dates and renewal reminders; no serial-number link or preventive service scheduling.",CRM,Sales and CRM lifecycle,,crm,GROW,Core,Cross-persona,Medium,Medium,Low,Later,Partial,Not verified,Not verified,Not verified,Not verified,No,Built - partial,P2,6,,,,,,,,,Not run,Production / Workshop / Projects,Production / Workshop / Projects,UNCHANGED,Authored,,,,No,No,Validated (Supported),Partial,backend/contracts/models.py:Contract; backend/contracts/models.py:ContractProduct,Contract model covers WARRANTY and AMC types with dates and renewal reminders; no serial-number link or preventive service scheduling.
X-0369,X,Multiple / Cross-persona,Returns / Complaints / After-Sales,Customer requests return,Customer Support / Sales Clerk,Customer,"Receive customer request to return items, logging reason (defective, wrong item, excess)",Creates SalesReturn in DRAFT status referencing original sales invoice,P1,Validated (Supported),Supported via /sales/returns/create with invoice lookup.,Baseline,Cross-persona,P1,Unchanged,Code reviewed - confirmed,"Code review 2026-10-04 (agent-reviewed, spot-checked): Confirmed. SalesReturn is created DRAFT linked to the original invoice with a reason field.",RET,"Returns, complaints, and after-sales",,sales,RUN,Core,Cross-persona,Medium,Medium,Low,Pilot,Cited in code,Not verified,Not verified,Not verified,Not verified,No,Built - unverified,P1,6,,,,,,,,,Not run,Sales & Growth,Sales & Growth,UNCHANGED,Authored,,backend/sales/models.py:SalesReturn,backend/tests/test_cft_checklist.py; backend/tests/test_concurrency_races.py; backend/tests/test_fmea2_wave.py,No,No,Validated (Supported),Confirmed,backend/sales/models.py:SalesReturn; backend/sales/return_service.py:ReturnService,SalesReturn is created DRAFT linked to the original invoice with a reason field.
X-0370,X,Multiple / Cross-persona,Returns / Complaints / After-Sales,Salesperson creates return request,Field Salesperson,Customer / Store Manager,Salesperson initiates return request on mobile app during customer site visit,Submits return request with item photo and reason code for manager approval,P1,Mechanism not found,Supported via Mobile Return Request form.,Baseline,Cross-persona,P1,Unchanged,Mechanism not found,"Code review 2026-10-04 (agent-reviewed, spot-checked): Contradicted. No mobile return request form with photo and reason code exists.",RET,"Returns, complaints, and after-sales",,sales,RUN,Core,Cross-persona,Medium,Medium,Low,Pilot,Not in code,Not verified,Not verified,Not verified,Not verified,No,Gap,P1,6,,,,,,,,,Not run,Sales & Growth,Sales & Growth,UNCHANGED,Authored,,,,No,No,Validated (Supported),Contradicted,"none found: searched mobile return request; mobile/ holds only Capacitor wrapper, no src",No mobile return request form with photo and reason code exists.
X-0371,X,Multiple / Cross-persona,Returns / Complaints / After-Sales,Manager approves return,Store Manager / Operations Head,Billing Clerk,Manager verifies return justification and authorizes warehouse intake and credit issuance,Updates SalesReturn status to APPROVED; authorizes warehouse inspection and credit note,P1,Partial,Supported via Manager Return Approval queue.,Baseline,Cross-persona,P1,Unchanged,Partial,"Code review 2026-10-04 (agent-reviewed, spot-checked): Partial. Manager approval exists only as Complaint APPROVED status; SalesReturn has DRAFT/COMPLETED/CANCELLED with no APPROVED state.",RET,"Returns, complaints, and after-sales",,sales,RUN,Core,Cross-persona,Medium,Medium,Low,Pilot,Partial,Not verified,Not verified,Not verified,Not verified,No,Built - partial,P1,6,,,,,,,,,Not run,Inventory / Warehouse,Inventory / Warehouse,UNCHANGED,Authored,,backend/sales/models.py:SalesReturn,backend/tests/test_cft_checklist.py; backend/tests/test_concurrency_races.py; backend/tests/test_fmea2_wave.py,No,No,Validated (Supported),Partial,backend/complaints/models.py:Complaint; backend/complaints/services.py:transition_status,Manager approval exists only as Complaint APPROVED status; SalesReturn has DRAFT/COMPLETED/CANCELLED with no APPROVED state.
X-0372,X,Multiple / Cross-persona,Returns / Complaints / After-Sales,Warehouse receives returned goods,Godown Custodian,Customer / Delivery Driver,Physical intake of returned items at warehouse receiving dock,Records physical package arrival; initiates quality inspection process,P1,Mechanism not found,Supported via Return Intake step in warehouse receiving.,Baseline,Cross-persona,P1,Unchanged,Mechanism not found,"Code review 2026-10-04 (agent-reviewed, spot-checked): Contradicted. No physical return intake step; stock is restored directly when the return is completed.",RET,"Returns, complaints, and after-sales",,sales,RUN,Core,Cross-persona,Medium,Medium,Low,Pilot,Not in code,Not verified,Not verified,Not verified,Not verified,No,Gap,P1,6,,,,,,,,,Not run,Inventory / Warehouse,Inventory / Warehouse,UNCHANGED,Authored,,,,No,No,Validated (Supported),Contradicted,"none found: searched return intake, receiving in backend/sales/return_service.py",No physical return intake step; stock is restored directly when the return is completed.
X-0373,X,Multiple / Cross-persona,Returns / Complaints / After-Sales,Returned goods inspected,Quality Inspector / Custodian,Warehouse Manager,"Inspect returned goods to determine if items are resaleable, repairable, or total scrap","Tags item condition (RESELLABLE, DAMAGED, EXPIRED); determines restocking path",P1,Partial,Supported via Return Inspection modal with condition grading.,Baseline,Cross-persona,P1,Unchanged,Partial,"Code review 2026-10-04 (agent-reviewed, spot-checked): Partial. SalesReturnItem has condition SELLABLE or DAMAGED set on the return; no separate inspection step and no EXPIRED grade.",RET,"Returns, complaints, and after-sales",,sales,RUN,Core,Cross-persona,Medium,Medium,Low,Pilot,Partial,Not verified,Not verified,Not verified,Not verified,No,Built - partial,P1,6,,,,,,,,,Not run,Inventory / Warehouse,Inventory / Warehouse,UNCHANGED,Authored,,,,No,No,Validated (Supported),Partial,backend/sales/models.py:SalesReturnItem,SalesReturnItem has condition SELLABLE or DAMAGED set on the return; no separate inspection step and no EXPIRED grade.
X-0374,X,Multiple / Cross-persona,Returns / Complaints / After-Sales,Good stock → inventory restored,System / Inventory Ledger,Godown Custodian,Undamaged returned goods restored to active warehouse inventory for resale,Creates StockMovement (RETURN_INWARD); increments warehouse StockBalance,P1,Validated (Supported),Core system invariant: approved return restores inventory balance atomically.,Baseline,Cross-persona,P1,Restored to authored P1. The previous workbook had P0 after a keyword rebalance.,Code reviewed - confirmed,"Restored to authored P1. The previous workbook had P0 after a keyword rebalance. Code review 2026-10-04 (agent-reviewed, spot-checked): Confirmed. Completing a return posts SALES_RETURN stock movements that increase StockBalance for sellable items.",RET,"Returns, complaints, and after-sales",,sales,RUN,Core,Cross-persona,Medium,Medium,Low,Pilot,Cited in code,Not verified,Not verified,Not verified,Not verified,No,Built - unverified,P1,6,,,,,,,,,Not run,System / Automation,System / Automation,RESTORED_TO_AUTHORED,Authored,,backend/inventory/models.py:StockMovement; backend/inventory/models.py:StockBalance,backend/tests/test_a10_period_centralization.py; backend/tests/test_a11_a12_stock_cost.py; backend/tests/test_a6_manual_serial_return.py,No,No,Validated (Supported),Confirmed,backend/sales/cogs_service.py:restore_return_stock_and_cogs; backend/inventory/models.py:StockMovement,Completing a return posts SALES_RETURN stock movements that increase StockBalance for sellable items.
X-0375,X,Multiple / Cross-persona,Returns / Complaints / After-Sales,Damaged return → damaged inventory recorded,Godown Custodian,Supplier / Scrap Dealer,Damaged or broken returns routed to scrap/damaged quarantine location,Transfers item to DAMAGED warehouse bin; prevents accidental customer resale,P1,Partial,Supported via damaged inventory segregation on return receipt.,Baseline,Cross-persona,P1,Unchanged,Partial,"Code review 2026-10-04 (agent-reviewed, spot-checked): Partial. Damaged units are written off via an ADJUSTMENT movement reason DAMAGED; no transfer to a damaged warehouse bin.",RET,"Returns, complaints, and after-sales",,sales,RUN,Core,Cross-persona,Medium,Medium,Low,Pilot,Partial,Not verified,Not verified,Not verified,Not verified,No,Built - partial,P1,6,,,,,,,,,Not run,Inventory / Warehouse,Inventory / Warehouse,UNCHANGED,Authored,,,,No,No,Validated (Supported),Partial,backend/sales/cogs_service.py:restore_return_stock_and_cogs,Damaged units are written off via an ADJUSTMENT movement reason DAMAGED; no transfer to a damaged warehouse bin.
X-0376,X,Multiple / Cross-persona,Returns / Complaints / After-Sales,Return → customer credit created,In-house Accountant,Customer,Issue official GST-compliant Credit Note crediting customer's account for return value,Generates SalesCreditNote; reduces customer Accounts Receivable balance,P1,Validated (Supported),Supported via SalesReturn completion; auto-generates SalesCreditNote.,Baseline,Cross-persona,P1,Unchanged,Code symbol found,Matched SalesCreditNote in product code. This is not a functional test.,RET,"Returns, complaints, and after-sales",,sales,RUN,Core,Cross-persona,Medium,Medium,Low,Pilot,Cited in code,Not verified,Not verified,Not verified,Not verified,No,Built - unverified,P1,6,,,,,,,,,Not run,Accountant / Finance,Accountant / Finance,UNCHANGED,Authored,,backend/sales/models.py:SalesCreditNote; backend/sales/models.py:SalesReturn,backend/tests/test_a13_a14_reporting_sales.py; backend/tests/test_audit_p0_decisions.py; backend/tests/test_b4_b5_notes_serial.py,No,No,,,,
X-0377,X,Multiple / Cross-persona,Returns / Complaints / After-Sales,Return → refund initiated,Cashier / Accountant,Customer,"Disburse monetary refund via Cash, UPI, or Bank Transfer for returned goods",Creates refund payment entry; credits Cash/Bank account in general ledger,P1,Validated (Supported),Supported via Cash/Bank Refund voucher linked to SalesCreditNote.,Baseline,Cross-persona,P1,Unchanged,Code symbol found,Matched SalesCreditNote in product code. This is not a functional test.,RET,"Returns, complaints, and after-sales",,sales,RUN,Core,Cross-persona,Medium,Medium,Low,Pilot,Cited in code,Not verified,Not verified,Not verified,Not verified,No,Built - unverified,P1,6,,,,,,,,,Not run,Accountant / Finance,Accountant / Finance,UNCHANGED,Authored,,backend/sales/models.py:SalesCreditNote,backend/tests/test_a13_a14_reporting_sales.py; backend/tests/test_audit_p0_decisions.py; backend/tests/test_b4_b5_notes_serial.py,No,No,,,,
X-0378,X,Multiple / Cross-persona,Returns / Complaints / After-Sales,Return → GST impact updated,Tax Calculation Engine,In-house Accountant,Output GST tax liability reduced legally following Credit Note issuance,Adjusts output tax liability ledgers; records credit note in GSTR-1 Table 9B,P1,Validated (Supported),Core tax invariant: Credit Note issuance automatically adjusts statutory tax reporting.,Baseline,Cross-persona,P1,Unchanged,Code reviewed - confirmed,"Code review 2026-10-04 (agent-reviewed, spot-checked): Confirmed. Return completion creates a credit note feeding GSTR-1 CDNR and reversing tax in GL.",RET,"Returns, complaints, and after-sales",,sales,RUN,Core,Cross-persona,Medium,Medium,Low,Pilot,Cited in code,Not verified,Not verified,Not verified,Not verified,No,Built - unverified,P1,6,,,,,,,,,Not run,System / Automation,System / Automation,UNCHANGED,Authored,,,,No,No,Validated (Supported),Confirmed,backend/sales/return_service.py:ReturnService; backend/reporting/gst_returns.py:build_gstr1,Return completion creates a credit note feeding GSTR-1 CDNR and reversing tax in GL.
X-0379,X,Multiple / Cross-persona,Returns / Complaints / After-Sales,Customer complaint → support ticket,Customer Support Desk,Customer,Formal support ticket opened for customer issue regarding product quality or billing,Creates SupportTicket with unique ticket ID; logs customer narrative and priority,P1,Validated (Supported),Supported via /complaints/tickets/create.,Baseline,Cross-persona,P1,Unchanged,Code reviewed - confirmed,"Code review 2026-10-04 (agent-reviewed, spot-checked): Confirmed. Complaint and support Ticket creation exist with unique numbers, narrative and priority (models named Ticket/Complaint, not SupportTicket).",RET,"Returns, complaints, and after-sales",,sales,RUN,Core,Cross-persona,Medium,Medium,Low,Pilot,Cited in code,Not verified,Not verified,Not verified,Not verified,No,Built - unverified,P1,6,,,,,,,,,Not run,Customer Support,Customer Support,UNCHANGED,Authored,,,,No,No,Validated (Supported),Confirmed,backend/complaints/services.py:create_complaint; backend/support/tickets.py:create_ticket,"Complaint and support Ticket creation exist with unique numbers, narrative and priority (models named Ticket/Complaint, not SupportTicket)."
X-0380,X,Multiple / Cross-persona,Returns / Complaints / After-Sales,Support ticket → owner/manager escalation,Support Lead,Business Owner / General Manager,High-severity or unresolved complaint escalated to business owner for swift intervention,Escalates ticket priority to CRITICAL; sends notification alert to owner dashboard,P1,Partial,Supported via Ticket Escalation workflow.,Baseline,Cross-persona,P1,Unchanged,Partial,"Code review 2026-10-04 (agent-reviewed, spot-checked): Partial. Tickets have priority and SLA breach counting, but no escalate action setting CRITICAL or notifying the owner.",RET,"Returns, complaints, and after-sales",,sales,RUN,Core,Cross-persona,Medium,Medium,Low,Pilot,Partial,Not verified,Not verified,Not verified,Not verified,No,Built - partial,P1,6,,,,,,,,,Not run,Sales & Growth,Sales & Growth,UNCHANGED,Authored,,,,No,No,Validated (Supported),Partial,backend/support/tickets.py:tickets_past_sla_q; backend/support/models.py:Ticket,"Tickets have priority and SLA breach counting, but no escalate action setting CRITICAL or notifying the owner."
X-0381,X,Multiple / Cross-persona,Returns / Complaints / After-Sales,Complaint resolution → customer notified,Customer Support Desk,Customer,Notify customer of resolution via WhatsApp or email with credit note or replacement details,Sends automated resolution message to customer; marks ticket as RESOLVED,P1,Validated (Supported),Supported via WhatsApp notification integration on ticket closure.,Baseline,Cross-persona,P1,Unchanged,Code symbol found,Matched WhatsApp in product code. This is not a functional test.,RET,"Returns, complaints, and after-sales",,sales,RUN,Core,Cross-persona,Medium,Medium,Low,Pilot,Cited in code,Not verified,Not verified,Not verified,Not verified,No,Built - unverified,P1,6,,,,,,,,,Not run,Customer Support,Customer Support,UNCHANGED,Authored,,,,No,No,,,,
X-0382,X,Multiple / Cross-persona,Returns / Complaints / After-Sales,Warranty claim → product/serial verified,Service Technician,Customer,Verify product serial number against sales invoice to confirm warranty coverage status,Validates serial number sale date and warranty expiry; checks coverage terms,P1,Mechanism not found,Supported via Serial Warranty Lookup tool.,Baseline,Cross-persona,P1,Unchanged,Mechanism not found,"Code review 2026-10-04 (agent-reviewed, spot-checked): Contradicted. No serial-to-invoice warranty expiry lookup exists.",RET,"Returns, complaints, and after-sales",,sales,RUN,Core,Cross-persona,Medium,Medium,Low,Pilot,Not in code,Not verified,Not verified,Not verified,Not verified,No,Gap,P1,6,,,,,,,,,Not run,Production / Workshop / Projects,Production / Workshop / Projects,UNCHANGED,Authored,,,,No,No,Validated (Supported),Contradicted,"none found: searched warranty, serial warranty lookup; warranty only a contract type in backend/contracts/models.py",No serial-to-invoice warranty expiry lookup exists.
X-0383,X,Multiple / Cross-persona,Returns / Complaints / After-Sales,Warranty claim → service action recorded,Service Technician,Customer,"Record repair action, replaced spare parts, and technician labor charges",Creates JobCard / ServiceRecord; decrements replaced spare parts from inventory,P1,Validated (Supported),Supported via Workshop / JobCard module (/workshop/).,Baseline,Cross-persona,P1,Unchanged,Code reviewed - confirmed,"Code review 2026-10-04 (agent-reviewed, spot-checked): Confirmed. JobCard with PART and LABOUR lines; spare parts reduce stock when the job converts to a sales invoice.",RET,"Returns, complaints, and after-sales",,sales,RUN,Core,Cross-persona,Medium,Medium,Low,Pilot,Cited in code,Not verified,Not verified,Not verified,Not verified,No,Built - unverified,P1,6,,,,,,,,,Not run,Production / Workshop / Projects,Production / Workshop / Projects,UNCHANGED,Authored,,backend/workshop/models.py:JobCard,backend/tests/test_concurrency_races.py; backend/tests/test_fmea2_wave.py; backend/tests/test_fmea_mitigations.py,No,No,Validated (Supported),Confirmed,backend/workshop/models.py:JobCard; backend/workshop/services.py:convert_to_invoice,JobCard with PART and LABOUR lines; spare parts reduce stock when the job converts to a sales invoice.
X-0384,X,Multiple / Cross-persona,Returns / Complaints / After-Sales,AMC renewal → customer follow-up generated,Service Sales Coordinator,Customer,Generate automated renewal reminder 30 days prior to contract expiration,Generates AMC renewal quotation; creates sales follow-up task in CRM,P1,Partial,Supported via Contract Expiry Diary in contracts app.,Baseline,Cross-persona,P1,Unchanged,Partial,"Code review 2026-10-04 (agent-reviewed, spot-checked): Partial. Task only updates contract status to expiring based on renewal_reminder_days; no renewal quotation or CRM follow-up is created.",RET,"Returns, complaints, and after-sales",,sales,RUN,Core,Cross-persona,Medium,Medium,Low,Pilot,Partial,Not verified,Not verified,Not verified,Not verified,No,Built - partial,P1,6,,,,,,,,,Not run,Sales & Growth,Sales & Growth,UNCHANGED,Authored,,,,No,No,Validated (Supported),Partial,backend/contracts/tasks.py:refresh_contract_statuses,Task only updates contract status to expiring based on renewal_reminder_days; no renewal quotation or CRM follow-up is created.
X-0385,X,Multiple / Cross-persona,Reporting & Business Intelligence,Transaction → sales dashboard updates,Reporting Engine,Business Owner / Sales Manager,Real-time sales dashboard updates instantly upon invoice completion,"Recalculates today's gross sales, bill count, average order value, and hourly velocity",P1,Validated (Supported),Core system invariant: dashboard metrics update synchronously on invoice completion.,Baseline,Cross-persona,P1,Unchanged,Code reviewed - confirmed,"Code review 2026-10-04 (agent-reviewed, spot-checked): Confirmed. Dashboard computes sales today/month and counts live from invoices; no hourly velocity or AOV.",RPT,Reporting and business intelligence,,reporting,CONTROL,Core,Cross-persona,Medium,Medium,Low,Pilot,Cited in code,Not verified,Not verified,Not verified,Not verified,No,Built - unverified,P1,6,,,,,,,,,Not run,System / Automation,System / Automation,UNCHANGED,Authored,,,,No,No,Validated (Supported),Confirmed,backend/reporting/services.py:dashboard,Dashboard computes sales today/month and counts live from invoices; no hourly velocity or AOV.
X-0386,X,Multiple / Cross-persona,Reporting & Business Intelligence,Transaction → purchase dashboard updates,Reporting Engine,Purchase Manager,Procurement analytics update immediately upon purchase bill posting,"Updates month-to-date procurement spend, top supplier spend, and pending receipts",P1,Partial,Supported via Purchase Analytics dashboard.,Baseline,Cross-persona,P1,Unchanged,Partial,"Code review 2026-10-04 (agent-reviewed, spot-checked): Partial. Dashboard computes live month purchases net of notes and payables aging; no top-supplier spend or pending-receipts figure.",RPT,Reporting and business intelligence,,reporting,CONTROL,Core,Cross-persona,Medium,Medium,Low,Pilot,Partial,Not verified,Not verified,Not verified,Not verified,No,Built - partial,P1,6,,,,,,,,,Not run,System / Automation,System / Automation,UNCHANGED,Authored,,,,No,No,Validated (Supported),Partial,backend/reporting/services.py:ReportService; backend/reporting/views.py:DashboardView,Dashboard computes live month purchases net of notes and payables aging; no top-supplier spend or pending-receipts figure.
X-0387,X,Multiple / Cross-persona,Reporting & Business Intelligence,Transaction → inventory dashboard updates,Reporting Engine,Inventory Manager,"Inventory analytics reflect real-time stock balances, valuation, and low-stock alerts","Recalculates total inventory asset value, out-of-stock SKU count, and reorder warnings",P1,Validated (Supported),Supported via /inventory/ dashboard metric cards.,Baseline,Cross-persona,P1,Unchanged,Code reviewed - confirmed,"Code review 2026-10-04 (agent-reviewed, spot-checked): Confirmed. inventory_summary returns on-hand, reserved, reorder level and total stock value; dashboard carries low_stock_count from live data.",RPT,Reporting and business intelligence,,reporting,CONTROL,Core,Cross-persona,Medium,Medium,Low,Pilot,Cited in code,Not verified,Not verified,Not verified,Not verified,No,Built - unverified,P1,6,,,,,,,,,Not run,System / Automation,System / Automation,UNCHANGED,Authored,,,,No,No,Validated (Supported),Confirmed,backend/reporting/services.py:ReportService; backend/inventory/views.py:low_stock_alert_payload,"inventory_summary returns on-hand, reserved, reorder level and total stock value; dashboard carries low_stock_count from live data."
X-0388,X,Multiple / Cross-persona,Reporting & Business Intelligence,Transaction → GST dashboard updates,Reporting Engine,In-house Accountant,"Tax dashboard reflects cumulative output liability, input credits, and estimated net payout","Updates real-time tax summary cards for CGST, SGST, IGST, and cess",P1,Partial,Supported via GST Health Dashboard in reporting module.,Baseline,Cross-persona,P1,Unchanged,Partial,"Code review 2026-10-04 (agent-reviewed, spot-checked): Partial. GSTR-3B report gives output tax and ITC per period, but no live dashboard cards; GST health only raises compliance alerts.",RPT,Reporting and business intelligence,,reporting,CONTROL,Core,Cross-persona,Medium,Medium,Low,Pilot,Partial,Not verified,Not verified,Not verified,Not verified,No,Built - partial,P1,6,,,,,,,,,Not run,System / Automation,System / Automation,UNCHANGED,Authored,,,,No,No,Validated (Supported),Partial,backend/reporting/views.py:Gstr3bView; backend/reporting/gst_health.py:build_gst_health,"GSTR-3B report gives output tax and ITC per period, but no live dashboard cards; GST health only raises compliance alerts."
X-0389,X,Multiple / Cross-persona,Reporting & Business Intelligence,Transaction → receivables dashboard updates,Reporting Engine,Credit Controller / Owner,"Accounts receivable dashboard updates total outstanding, overdue aging, and collections","Updates AR total, 30+ days overdue percentage, and top debtor ranking",P1,Validated (Supported),Supported via Receivables Overview dashboard.,Baseline,Cross-persona,P1,Unchanged,Code reviewed - confirmed,"Code review 2026-10-04 (agent-reviewed, spot-checked): Confirmed. Dashboard returns receivables total and aging buckets computed live from invoices; top-debtor ranking is not in the dashboard payload.",RPT,Reporting and business intelligence,,reporting,CONTROL,Core,Cross-persona,Medium,Medium,Low,Pilot,Cited in code,Not verified,Not verified,Not verified,Not verified,No,Built - unverified,P1,6,,,,,,,,,Not run,System / Automation,System / Automation,UNCHANGED,Authored,,,,No,No,Validated (Supported),Confirmed,backend/reporting/services.py:ReportService; backend/reporting/views.py:DashboardView,Dashboard returns receivables total and aging buckets computed live from invoices; top-debtor ranking is not in the dashboard payload.
X-0390,X,Multiple / Cross-persona,Reporting & Business Intelligence,Transaction → payables dashboard updates,Reporting Engine,Purchase Manager / Accountant,Accounts payable dashboard reflects updated supplier obligations and scheduled payments,"Updates AP total, upcoming 7-day payment commitments, and supplier balances",P1,Partial,Supported via Payables Overview dashboard.,Baseline,Cross-persona,P1,Unchanged,Partial,"Code review 2026-10-04 (agent-reviewed, spot-checked): Partial. Payables total and aging buckets exist; no upcoming 7-day payment commitment or scheduled-payment view found.",RPT,Reporting and business intelligence,,reporting,CONTROL,Core,Cross-persona,Medium,Medium,Low,Pilot,Partial,Not verified,Not verified,Not verified,Not verified,No,Built - partial,P1,6,,,,,,,,,Not run,System / Automation,System / Automation,UNCHANGED,Authored,,,,No,No,Validated (Supported),Partial,backend/reporting/services.py:ReportService,Payables total and aging buckets exist; no upcoming 7-day payment commitment or scheduled-payment view found.
X-0391,X,Multiple / Cross-persona,Reporting & Business Intelligence,Transaction → profitability dashboard updates,Reporting Engine,Business Owner,Real-time realized gross profit margin metrics update as transactions complete,Computes cumulative gross profit = SUM(Line Revenue - Line FIFO Cost) for the period,P1,Validated (Supported),Supported via Executive Profitability Dashboard.,Baseline,Cross-persona,P1,Unchanged,Code reviewed - confirmed,"Code review 2026-10-04 (agent-reviewed, spot-checked): Confirmed. Per-invoice revenue minus FIFO COGS snapshot is persisted at completion and rolled up by customer, period, product.",RPT,Reporting and business intelligence,,reporting,CONTROL,Core,Cross-persona,Medium,Medium,Low,Pilot,Cited in code,Not verified,Not verified,Not verified,Not verified,No,Built - unverified,P1,6,,,,,,,,,Not run,System / Automation,System / Automation,UNCHANGED,Authored,,,,No,No,Validated (Supported),Confirmed,backend/reporting/models.py:InvoiceProfitSnapshot; backend/reporting/invoice_profit_service.py; backend/reporting/services.py:ReportService,"Per-invoice revenue minus FIFO COGS snapshot is persisted at completion and rolled up by customer, period, product."
X-0392,X,Multiple / Cross-persona,Reporting & Business Intelligence,Owner drills KPI → underlying transaction,Business Owner / Accountant,None,Click on any dashboard metric card to view filtered list of transactions composing the total,Opens filtered transaction ledger displaying the specific invoices or journal lines,P1,Partial,Full bidirectional drill-down supported across all dashboard metric cards.,Baseline,Cross-persona,P1,Unchanged,Partial,"Code review 2026-10-04 (agent-reviewed, spot-checked): Partial. Only some dashboard items link out (recent invoices, low stock); claimed drill-down on every metric card is not implemented.",RPT,Reporting and business intelligence,,reporting,CONTROL,Core,Cross-persona,Medium,Medium,Low,Pilot,Partial,Not verified,Not verified,Not verified,Not verified,No,Built - partial,P1,6,,,,,,,,,Not run,Business Owner,Business Owner,UNCHANGED,Authored,,,,No,No,Validated (Supported),Partial,web/src/pages/DashboardPage.tsx,"Only some dashboard items link out (recent invoices, low stock); claimed drill-down on every metric card is not implemented."
X-0393,X,Multiple / Cross-persona,Reporting & Business Intelligence,Owner drills transaction → source document,In-house Accountant / Owner,None,Click on any transaction row in ledger to inspect original full tax invoice or bill document,"Opens full document view showing customer details, line items, taxes, and payment history",P1,Validated (Supported),Supported via direct document link from all ledger tables.,Baseline,Cross-persona,P1,Unchanged,Code reviewed - confirmed,"Code review 2026-10-04 (agent-reviewed, spot-checked): Confirmed. Ledger and history rows open /sales/history/:id invoice detail view.",RPT,Reporting and business intelligence,,reporting,CONTROL,Core,Cross-persona,Medium,Medium,Low,Pilot,Cited in code,Not verified,Not verified,Not verified,Not verified,No,Built - unverified,P1,6,,,,,,,,,Not run,Business Owner,Business Owner,UNCHANGED,Authored,,,,No,No,Validated (Supported),Confirmed,web/src/pages/sales/InvoiceDetailPage.tsx:InvoiceDetailPage; web/src/App.tsx:Route,Ledger and history rows open /sales/history/:id invoice detail view.
X-0394,X,Multiple / Cross-persona,Reporting & Business Intelligence,Salesperson sees personal sales performance,Field Salesperson,Sales Manager,"Salesperson views personal sales achievement, commission earned, and customer order count",Filters sales performance metrics specifically for logged-in salesperson's user ID,P1,Mechanism not found,Supported via Rep Self-Service Performance Card in mobile PWA.,Baseline,Cross-persona,P1,Unchanged,Mechanism not found,"Code review 2026-10-04 (agent-reviewed, spot-checked): Contradicted. No per-salesperson performance, commission or rep self-service card exists.",RPT,Reporting and business intelligence,,reporting,CONTROL,Core,Cross-persona,Medium,Medium,Low,Pilot,Not in code,Not verified,Not verified,Not verified,Not verified,No,Gap,P1,6,,,,,,,,,Not run,Sales & Growth,Sales & Growth,UNCHANGED,Authored,,,,No,No,Validated (Supported),Contradicted,"none found: searched salesperson, sales_rep, commission in backend and web","No per-salesperson performance, commission or rep self-service card exists."
X-0395,X,Multiple / Cross-persona,Reporting & Business Intelligence,Manager sees team performance,Sales Manager,Sales Team,"Manager monitors sales figures, target completion, and customer visits across all sales reps",Aggregates sales figures grouped by sales representative with comparative rankings,P1,Mechanism not found,Supported via Sales Team Leaderboard report.,Baseline,Cross-persona,P1,Unchanged,Mechanism not found,"Code review 2026-10-04 (agent-reviewed, spot-checked): Contradicted. No sales team leaderboard or per-rep aggregation exists.",RPT,Reporting and business intelligence,,reporting,CONTROL,Core,Cross-persona,Medium,Medium,Low,Pilot,Not in code,Not verified,Not verified,Not verified,Not verified,No,Gap,P1,6,,,,,,,,,Not run,Sales & Growth,Sales & Growth,UNCHANGED,Authored,,,,No,No,Validated (Supported),Contradicted,"none found: searched leaderboard, salesperson, sales_rep",No sales team leaderboard or per-rep aggregation exists.
X-0396,X,Multiple / Cross-persona,Reporting & Business Intelligence,Owner sees consolidated business performance,Business Owner,Senior Management,"Consolidated overview of all company divisions, outlets, and financial operations",Renders high-level executive briefing with multi-outlet and multi-department rollups,P1,Partial,Supported via Executive Dashboard in Insights module.,Baseline,Cross-persona,P1,Unchanged,Partial,"Code review 2026-10-04 (agent-reviewed, spot-checked): Partial. Single-company insights hub with daily summary and health score exists; no multi-outlet or multi-department rollup.",RPT,Reporting and business intelligence,,reporting,CONTROL,Core,Cross-persona,Medium,Medium,Low,Pilot,Partial,Not verified,Not verified,Not verified,Not verified,No,Built - partial,P1,6,,,,,,,,,Not run,Business Owner,Business Owner,UNCHANGED,Authored,,,,No,No,Validated (Supported),Partial,web/src/pages/insights/InsightsHubPage.tsx:InsightsHubPage; backend/insights/views.py:DailySummaryView,Single-company insights hub with daily summary and health score exists; no multi-outlet or multi-department rollup.
X-0397,X,Multiple / Cross-persona,Reporting & Business Intelligence,Multi-shop owner compares locations,Multi-Shop Owner,Branch Managers,"Side-by-side comparison of revenue, profitability, footfall, and stock across retail stores",Generates comparative store performance table with revenue and profit metrics,P1,Mechanism not found,Supported via /reports/multi-store-comparison/.,Baseline,Cross-persona,P1,Unchanged,Mechanism not found,"Code review 2026-10-04 (agent-reviewed, spot-checked): Contradicted. No multi-store comparison report or route exists.",RPT,Reporting and business intelligence,,reporting,CONTROL,Core,Cross-persona,Medium,Medium,Low,Pilot,Not in code,Not verified,Not verified,Not verified,Not verified,No,Gap,P1,6,,,,,,,,,Not run,Multi-Shop Owner,Multi-Shop Owner,UNCHANGED,Authored,,,,No,No,Validated (Supported),Contradicted,"none found: searched multi-store, outlet, branch in backend/reporting and routes",No multi-store comparison report or route exists.
X-0398,X,Multiple / Cross-persona,Reporting & Business Intelligence,Distributor compares customers,Commercial Director,Retailer / Dealer,"Rank wholesale dealers by order frequency, revenue volume, payment promptness, and margin",Computes customer scoring matrix; identifies top tier partners and credit risks,P1,Partial,Supported via Customer Ranking Matrix in reporting module.,Baseline,Cross-persona,P1,Unchanged,Partial,"Code review 2026-10-04 (agent-reviewed, spot-checked): Partial. Customers ranked by revenue and margin rollup per customer exist; no frequency, payment promptness scoring or credit-risk tiers.",RPT,Reporting and business intelligence,,reporting,CONTROL,Core,Cross-persona,Medium,Medium,Low,Pilot,Partial,Not verified,Not verified,Not verified,Not verified,No,Built - partial,P1,6,,,,,,,,,Not run,Business Owner,Business Owner,UNCHANGED,Authored,,,,No,No,Validated (Supported),Partial,backend/reporting/services.py:ReportService; backend/reporting/views.py:CustomerSalesView,"Customers ranked by revenue and margin rollup per customer exist; no frequency, payment promptness scoring or credit-risk tiers."
X-0399,X,Multiple / Cross-persona,Reporting & Business Intelligence,Distributor compares products,Product Manager,None,"Analyze product catalog velocity, profit margin, and return frequency across brands",Generates product matrix evaluating sales velocity vs margin contribution,P1,Partial,Supported via Product Velocity Matrix (/reports/product-velocity/).,Baseline,Cross-persona,P1,Unchanged,Partial,"Code review 2026-10-04 (agent-reviewed, spot-checked): Partial. Product ranking by quantity and amount and product margin rollup exist; no velocity-versus-margin matrix or return frequency.",RPT,Reporting and business intelligence,,reporting,CONTROL,Core,Cross-persona,Medium,Medium,Low,Pilot,Partial,Not verified,Not verified,Not verified,Not verified,No,Built - partial,P1,6,,,,,,,,,Not run,Platform Admin,Platform Admin,UNCHANGED,Authored,,,,No,No,Validated (Supported),Partial,backend/reporting/services.py:ReportService; backend/reporting/views.py:ProductSalesView,Product ranking by quantity and amount and product margin rollup exist; no velocity-versus-margin matrix or return frequency.
X-0400,X,Multiple / Cross-persona,Reporting & Business Intelligence,Owner identifies high-value customers,Business Owner / Sales Lead,VIP Customers,Identify top 20% of customer accounts generating 80% of company revenue (Pareto analysis),Ranks customer base by cumulative revenue contribution; flags VIP loyalty status,P1,Mechanism not found,Supported via Pareto Customer Analysis report.,Baseline,Cross-persona,P1,Unchanged,Mechanism not found,"Code review 2026-10-04 (agent-reviewed, spot-checked): Contradicted. No Pareto or 80/20 customer analysis or VIP flagging exists.",RPT,Reporting and business intelligence,,reporting,CONTROL,Core,Cross-persona,Medium,Medium,Low,Pilot,Not in code,Not verified,Not verified,Not verified,Not verified,No,Gap,P1,6,,,,,,,,,Not run,Business Owner,Business Owner,UNCHANGED,Authored,,,,No,No,Validated (Supported),Contradicted,"none found: searched pareto, cumulative revenue contribution, VIP in backend",No Pareto or 80/20 customer analysis or VIP flagging exists.
X-0401,X,Multiple / Cross-persona,Reporting & Business Intelligence,Owner identifies low-margin products,Business Owner / Commercial Lead,Sales Staff,Spot products yielding inadequate gross margins after discounting to revise price list,Filters catalog for SKUs with gross margin percentage below target threshold (e.g. < 8%),P1,Partial,Supported via Low Margin Exception report.,Baseline,Cross-persona,P1,Unchanged,Partial,"Code review 2026-10-04 (agent-reviewed, spot-checked): Partial. Invoice-profit rollup grouped by product shows margin per SKU; no threshold-based low-margin exception filter.",RPT,Reporting and business intelligence,,reporting,CONTROL,Core,Cross-persona,Medium,Medium,Low,Pilot,Partial,Not verified,Not verified,Not verified,Not verified,No,Built - partial,P1,6,,,,,,,,,Not run,Business Owner,Business Owner,UNCHANGED,Authored,,,,No,No,Validated (Supported),Partial,backend/reporting/services.py:ReportService,Invoice-profit rollup grouped by product shows margin per SKU; no threshold-based low-margin exception filter.
X-0402,X,Multiple / Cross-persona,Reporting & Business Intelligence,Owner identifies dead stock,Business Owner / Warehouse Manager,Suppliers,Identify inventory holding zero sales movements over 60/90/180 days to liquidate capital,Identifies stagnant SKUs; computes total tied-up working capital valuation,P1,Partial,Supported via Aging & Dead Stock Report (/reports/inventory-aging/).,Baseline,Cross-persona,P1,Unchanged,Partial,"Code review 2026-10-04 (agent-reviewed, spot-checked): Partial. Only a 60-day dead-stock alert with tied-up value exists; no 60/90/180 aging report at /reports/inventory-aging.",RPT,Reporting and business intelligence,,reporting,CONTROL,Core,Cross-persona,Medium,Medium,Low,Pilot,Partial,Not verified,Not verified,Not verified,Not verified,No,Built - partial,P1,6,,,,,,,,,Not run,Business Owner,Business Owner,UNCHANGED,Authored,,,,No,No,Validated (Supported),Partial,backend/insights/alerts.py:DEAD_STOCK; backend/reporting/views.py:InventorySummaryView,Only a 60-day dead-stock alert with tied-up value exists; no 60/90/180 aging report at /reports/inventory-aging.
X-0403,X,Multiple / Cross-persona,Reporting & Business Intelligence,Owner identifies fast-moving products,Business Owner / Purchase Manager,Suppliers,Identify top-velocity SKUs to ensure priority supplier replenishment and bulk discounts,Ranks items by daily inventory turnover rate and sales frequency,P1,Partial,Supported via Fast-Moving SKU Leaderboard.,Baseline,Cross-persona,P1,Unchanged,Partial,"Code review 2026-10-04 (agent-reviewed, spot-checked): Partial. Product sales ranks SKUs by quantity and amount; no turnover rate or dedicated fast-moving leaderboard.",RPT,Reporting and business intelligence,,reporting,CONTROL,Core,Cross-persona,Medium,Medium,Low,Pilot,Partial,Not verified,Not verified,Not verified,Not verified,No,Built - partial,P1,6,,,,,,,,,Not run,Business Owner,Business Owner,UNCHANGED,Authored,,,,No,No,Validated (Supported),Partial,backend/reporting/services.py:ReportService,Product sales ranks SKUs by quantity and amount; no turnover rate or dedicated fast-moving leaderboard.
X-0404,X,Multiple / Cross-persona,Reporting & Business Intelligence,Owner identifies overdue receivables,Business Owner / Credit Controller,Debtors,Pinpoint critically overdue accounts requiring legal notice or management debt chasing,Filters customer accounts with invoices unpaid > 45 days past agreed terms,P1,Partial,Supported via Critical Overdue Receivables report.,Baseline,Cross-persona,P1,Unchanged,Partial,"Code review 2026-10-04 (agent-reviewed, spot-checked): Partial. Collections worklist and aging buckets exist behind a flag; no specific 45-day critical-overdue filter report.",RPT,Reporting and business intelligence,,reporting,CONTROL,Core,Cross-persona,Medium,Medium,Low,Pilot,Partial,Not verified,Not verified,Not verified,Not verified,No,Built - partial,P1,6,,,,,,,,,Not run,Business Owner,Business Owner,UNCHANGED,Authored,,,,No,No,Validated (Supported),Partial,backend/insights/views.py:CollectionsWorklistView; backend/payments/predictive_dunning.py:collections_worklist,Collections worklist and aging buckets exist behind a flag; no specific 45-day critical-overdue filter report.
X-0405,X,Multiple / Cross-persona,Reporting & Business Intelligence,Owner identifies supplier concentration,Business Owner / Purchase Manager,Suppliers,Evaluate procurement risk by measuring dependency on top suppliers,Calculates Herfindahl index and percentage of total procurement spend per vendor,P1,Mechanism not found,Supported via Supplier Concentration & Risk report.,Baseline,Cross-persona,P1,Unchanged,Mechanism not found,"Code review 2026-10-04 (agent-reviewed, spot-checked): Contradicted. No supplier concentration or Herfindahl calculation exists.",RPT,Reporting and business intelligence,,reporting,CONTROL,Core,Cross-persona,Medium,Medium,Low,Pilot,Not in code,Not verified,Not verified,Not verified,Not verified,No,Gap,P1,6,,,,,,,,,Not run,Business Owner,Business Owner,UNCHANGED,Authored,,,,No,No,Validated (Supported),Contradicted,"none found: searched herfindahl, supplier concentration, concentration risk",No supplier concentration or Herfindahl calculation exists.
X-0406,X,Multiple / Cross-persona,Reporting & Business Intelligence,Owner reviews business trends,Business Owner,Accountant,"Review multi-month sales, procurement, margin, and expense trends to plan growth",Renders longitudinal trend charts showing monthly revenue trajectory and seasonal patterns,P1,Partial,Supported via Longitudinal Business Trends dashboard (/insights/trends/).,Baseline,Cross-persona,P1,Unchanged,Partial,"Code review 2026-10-04 (agent-reviewed, spot-checked): Partial. Daily revenue series exists in sales summary; no multi-month procurement, margin, expense trend or /insights/trends page.",RPT,Reporting and business intelligence,,reporting,CONTROL,Core,Cross-persona,Medium,Medium,Low,Pilot,Partial,Not verified,Not verified,Not verified,Not verified,No,Built - partial,P1,6,,,,,,,,,Not run,Business Owner,Business Owner,UNCHANGED,Authored,,,,No,No,Validated (Supported),Partial,backend/reporting/views.py:SalesSummaryView,"Daily revenue series exists in sales summary; no multi-month procurement, margin, expense trend or /insights/trends page."
X-0407,X,Multiple / Cross-persona,Master Data & Authorization,Admin creates product → salesperson can sell it,System Administrator / Catalog Lead,Salesperson / Cashier,New product created in catalog immediately becomes available for billing on all POS terminals,Creates Product master; updates search index; displays in active billing catalog,P1,Validated (Supported),Core system invariant: newly created active products are immediately available to sell.,Baseline,Cross-persona,P1,Unchanged,Code reviewed - confirmed,"Code review 2026-10-04 (agent-reviewed, spot-checked): Confirmed. Product is_active defaults True and sale/search queries read Product live, so new products are sellable immediately; no separate search index.",MASTER,Master data and authorization,,masters,KERNEL,Core,Cross-persona,Medium,Medium,Low,Later,Cited in code,Not verified,Not verified,Not verified,Not verified,No,Built - unverified,P2,6,,,,,,,,,Not run,Platform Admin,Platform Admin,UNCHANGED,Authored,,,,No,No,Validated (Supported),Confirmed,backend/masters/models.py:Product; backend/search/views.py:Product,"Product is_active defaults True and sale/search queries read Product live, so new products are sellable immediately; no separate search index."
X-0408,X,Multiple / Cross-persona,Master Data & Authorization,Admin creates product → purchase manager can purchase it,System Administrator,Purchase Manager,New product immediately available for selection on Purchase Orders and supplier bills,Enables SKU selection across procurement workflows with default purchase pricing,P1,Validated (Supported),Supported via product catalog integration across sales and purchases.,Baseline,Cross-persona,P1,Unchanged,Code reviewed - confirmed,"Code review 2026-10-04 (agent-reviewed, spot-checked): Confirmed. Same Product master is used on purchase invoice lines with purchase_price default; no extra publish step.",MASTER,Master data and authorization,,masters,KERNEL,Core,Cross-persona,Medium,Medium,Low,Later,Cited in code,Not verified,Not verified,Not verified,Not verified,No,Built - unverified,P2,6,,,,,,,,,Not run,Platform Admin,Platform Admin,UNCHANGED,Authored,,,,No,No,Validated (Supported),Confirmed,backend/masters/models.py:Product; backend/purchases/services.py:track_batch,Same Product master is used on purchase invoice lines with purchase_price default; no extra publish step.
X-0409,X,Multiple / Cross-persona,Master Data & Authorization,Product HSN → invoice uses correct HSN,Tax Engine,Billing Clerk,Product HSN code automatically populates onto invoice line items for GST compliance,Copies HSN/SAC code from Product master to SalesItem; prints on statutory invoice,P1,Validated (Supported),Core tax invariant: invoice line HSN strictly derived from Product master.,Baseline,Cross-persona,P1,Unchanged,Code reviewed - confirmed,"Code review 2026-10-04 (agent-reviewed, spot-checked): Confirmed. SalesItem.hsn_code is snapshotted from the product at line save and used by GST validation.",MASTER,Master data and authorization,,masters,KERNEL,Core,Cross-persona,Medium,Medium,Low,Later,Cited in code,Not verified,Not verified,Not verified,Not verified,No,Built - unverified,P2,6,,,,,,,,,Not run,System / Automation,System / Automation,UNCHANGED,Authored,,backend/sales/models.py:SalesItem,backend/tests/test_gst_guard_v2.py; backend/tests/test_next_batch_line_company.py; backend/tests/test_pdf_and_share.py,No,No,Validated (Supported),Confirmed,backend/sales/models.py:SalesItem; backend/sales/services.py:hsn_code,SalesItem.hsn_code is snapshotted from the product at line save and used by GST validation.
X-0410,X,Multiple / Cross-persona,Master Data & Authorization,Product tax rate → invoice uses configured tax,Tax Engine,Billing Clerk,Configured product GST rate automatically applied during billing calculation,Applies master tax rate percentage; calculates line CGST/SGST/IGST breakdown,P1,Validated (Supported),Core tax invariant: invoice line tax percentage strictly derived from Product tax rate.,Baseline,Cross-persona,P1,Unchanged,Code reviewed - confirmed,"Code review 2026-10-04 (agent-reviewed, spot-checked): Confirmed. Line gst_rate defaults from product.gst_rate and the India tax engine splits it into CGST/SGST/IGST.",MASTER,Master data and authorization,,masters,KERNEL,Core,Cross-persona,Medium,Medium,Low,Later,Cited in code,Not verified,Not verified,Not verified,Not verified,No,Built - unverified,P2,6,,,,,,,,,Not run,System / Automation,System / Automation,UNCHANGED,Authored,,,,No,No,Validated (Supported),Confirmed,backend/sales/services.py:gst_rate; backend/core/services/tax_engine/india.py:,Line gst_rate defaults from product.gst_rate and the India tax engine splits it into CGST/SGST/IGST.
X-0411,X,Multiple / Cross-persona,Master Data & Authorization,Product unit → inventory quantities use correct unit,Inventory Ledger Engine,Godown Custodian,"Stock transactions enforce standard unit of measure (PCS, KGS, BOX, LTR, MTR)",Stores unit_of_measure on Product; validates all inward and outward movements conform to unit,P1,Partial,Core inventory invariant: all stock movements strictly validate master unit of measure.,Baseline,Cross-persona,P1,Unchanged,Partial,"Code review 2026-10-04 (agent-reviewed, spot-checked): Partial. Product has unit and alternate-unit conversion to base quantity; no validation that all movements conform to a fixed unit list.",MASTER,Master data and authorization,,masters,KERNEL,Core,Cross-persona,Medium,Medium,Low,Later,Partial,Not verified,Not verified,Not verified,Not verified,No,Built - partial,P2,6,,,,,,,,,Not run,System / Automation,System / Automation,UNCHANGED,Authored,,,,No,No,Validated (Supported),Partial,backend/masters/models.py:Unit; backend/inventory/item_stock.py:base_quantity,Product has unit and alternate-unit conversion to base quantity; no validation that all movements conform to a fixed unit list.
X-0412,X,Multiple / Cross-persona,Master Data & Authorization,Product batch configuration → GRN captures batch,Goods Receipt Engine,Godown Custodian,Items flagged with is_batch_tracked require mandatory batch number and expiry entry on receipt,Enforces batch lot entry on GRN/Purchase bill; rejects receipt if batch info is missing,P1,Partial,Core inventory invariant: batch-tracked SKUs strictly enforce batch metadata on inwarding.,Baseline,Cross-persona,P1,Unchanged,Partial,"Code review 2026-10-04 (agent-reviewed, spot-checked): Partial. Batch number is required for track_batch products on purchase completion; expiry is not mandatory and the flag is named track_batch.",MASTER,Master data and authorization,,masters,KERNEL,Core,Cross-persona,Medium,Medium,Low,Later,Partial,Not verified,Not verified,Not verified,Not verified,No,Built - partial,P2,6,,,,,,,,,Not run,System / Automation,System / Automation,UNCHANGED,Authored,,,,No,No,Validated (Supported),Partial,backend/purchases/services.py:track_batch; backend/inventory/item_stock.py:get_or_create_batch,Batch number is required for track_batch products on purchase completion; expiry is not mandatory and the flag is named track_batch.
X-0413,X,Multiple / Cross-persona,Master Data & Authorization,Product serial configuration → sale captures serial,Billing Engine,Counter Clerk,Items flagged with is_serialized require unique serial/IMEI scanning before checkout,Validates scanned serial number against available serial inventory; records on sales line,P1,Validated (Supported),Core inventory invariant: serialized SKUs strictly enforce valid serial selection on sale.,Baseline,Cross-persona,P1,Unchanged,Code reviewed - confirmed,"Code review 2026-10-04 (agent-reviewed, spot-checked): Confirmed. Serialized products transition serials AVAILABLE to SOLD on sale and store serial_numbers on the line; flag is named track_serial.",MASTER,Master data and authorization,,masters,KERNEL,Core,Cross-persona,Medium,Medium,Low,Later,Cited in code,Not verified,Not verified,Not verified,Not verified,No,Built - unverified,P2,6,,,,,,,,,Not run,System / Automation,System / Automation,UNCHANGED,Authored,,,,No,No,Validated (Supported),Confirmed,backend/masters/models.py:track_serial; backend/inventory/services.py:SerialNumberService; backend/sales/services.py:serial_numbers,Serialized products transition serials AVAILABLE to SOLD on sale and store serial_numbers on the line; flag is named track_serial.
X-0414,X,Multiple / Cross-persona,Master Data & Authorization,Customer master → sales invoice uses customer details,Billing Engine,Customer,"Customer name, billing address, shipping address, and GSTIN automatically populate on invoice",Copies customer master details to invoice header snapshot for immutable record-keeping,P1,Partial,Supported via customer auto-complete in invoice creation form.,Baseline,Cross-persona,P1,Unchanged,Partial,"Code review 2026-10-04 (agent-reviewed, spot-checked): Partial. Customer is a live FK; only GSTIN and place of supply are frozen at completion, name and address are not snapshotted.",MASTER,Master data and authorization,,masters,KERNEL,Core,Cross-persona,Medium,Medium,Low,Later,Partial,Not verified,Not verified,Not verified,Not verified,No,Built - partial,P2,6,,,,,,,,,Not run,System / Automation,System / Automation,UNCHANGED,Authored,,,,No,No,Validated (Supported),Partial,backend/sales/models.py:SalesInvoice; backend/sales/services.py:filing_party_gstin,"Customer is a live FK; only GSTIN and place of supply are frozen at completion, name and address are not snapshotted."
X-0415,X,Multiple / Cross-persona,Master Data & Authorization,Supplier master → purchase invoice uses supplier details,Procurement Engine,In-house Accountant,"Supplier legal name, address, GSTIN, and default payment terms populate on purchase bill",Copies supplier master details to purchase invoice header snapshot,P1,Partial,Supported via supplier auto-complete in purchase form.,Baseline,Cross-persona,P1,Unchanged,Partial,"Code review 2026-10-04 (agent-reviewed, spot-checked): Partial. Purchase invoice links supplier by FK; no header snapshot of supplier name/address found.",MASTER,Master data and authorization,,masters,KERNEL,Core,Cross-persona,Medium,Medium,Low,Later,Partial,Not verified,Not verified,Not verified,Not verified,No,Built - partial,P2,6,,,,,,,,,Not run,System / Automation,System / Automation,UNCHANGED,Authored,,,,No,No,Validated (Supported),Partial,backend/purchases/models.py:PurchaseInvoice; backend/masters/models.py:Supplier,Purchase invoice links supplier by FK; no header snapshot of supplier name/address found.
X-0416,X,Multiple / Cross-persona,Master Data & Authorization,Customer GSTIN → tax treatment uses GST status,Tax Calculation Engine,Billing Clerk,"Customer GST status (Registered B2B, Unregistered B2C, Composition) dictates invoice format",Formats document as B2B Tax Invoice with reverse charge check or B2C Retail Bill,P1,Partial,Supported via automated tax regime selection based on customer GSTIN presence.,Baseline,Cross-persona,P1,Unchanged,Partial,"Code review 2026-10-04 (agent-reviewed, spot-checked): Partial. Customer GSTIN and taxpayer type drive place of supply and GST filing classification; no B2B tax invoice versus B2C retail bill format switch.",MASTER,Master data and authorization,,masters,KERNEL,Core,Cross-persona,Medium,Medium,Low,Later,Partial,Not verified,Not verified,Not verified,Not verified,No,Built - partial,P2,6,,,,,,,,,Not run,System / Automation,System / Automation,UNCHANGED,Authored,,,,No,No,Validated (Supported),Partial,backend/masters/models.py:TaxpayerType; backend/core/services/place_of_supply.py:,Customer GSTIN and taxpayer type drive place of supply and GST filing classification; no B2B tax invoice versus B2C retail bill format switch.
X-0417,X,Multiple / Cross-persona,Master Data & Authorization,Supplier GSTIN → purchase tax treatment uses supplier status,Tax Calculation Engine,In-house Accountant,Supplier registration status determines whether purchase is eligible for Input Tax Credit,Determines ITC eligibility; flags unregistered supplier purchases for Reverse Charge (RCM),P1,Validated (Supported),Supported via supplier GSTIN validation during purchase bill intake.,Baseline,Cross-persona,P1,Unchanged,Code reviewed - confirmed,"Code review 2026-10-04 (agent-reviewed, spot-checked): Confirmed. Unregistered or no-GSTIN suppliers trigger an RCM confirm gate and ITC eligibility is controlled on the bill.",MASTER,Master data and authorization,,masters,KERNEL,Core,Cross-persona,Medium,Medium,Low,Later,Cited in code,Not verified,Not verified,Not verified,Not verified,No,Built - unverified,P2,6,,,,,,,,,Not run,System / Automation,System / Automation,UNCHANGED,Authored,,,,No,No,Validated (Supported),Confirmed,backend/purchases/services.py:assert_claimable_itc_allowed; backend/purchases/services.py:confirm_no_rcm,Unregistered or no-GSTIN suppliers trigger an RCM confirm gate and ITC eligibility is controlled on the bill.
X-0418,X,Multiple / Cross-persona,Master Data & Authorization,Price list → salesperson sees appropriate price,Pricing Engine,Salesperson / Counter Clerk,"Assigned price list (Retail, Wholesale, Distributor) dictates unit price on order line",Applies customer's assigned PriceList; automatically sets approved tiered unit rate,P1,Validated (Supported),Supported via PriceList engine (/settings/price-lists/).,Baseline,Cross-persona,P1,Unchanged,Code symbol found,Matched PriceList in product code. This is not a functional test.,MASTER,Master data and authorization,,masters,KERNEL,Core,Cross-persona,Medium,Medium,Low,Later,Cited in code,Not verified,Not verified,Not verified,Not verified,No,Built - unverified,P2,6,,,,,,,,,Not run,System / Automation,System / Automation,UNCHANGED,Authored,,backend/masters/models.py:PriceList,backend/tests/test_business_rules.py; backend/tests/test_c04_price_slabs.py; backend/tests/test_sprint3_multicompany_pricing.py,No,No,,,,
X-0419,X,Multiple / Cross-persona,Master Data & Authorization,Customer-specific pricing → correct price appears,Pricing Engine,Salesperson,Special contracted rates for specific key customer automatically override standard list price,Checks CustomerProductPrice contract table; applies negotiated rate if present,P1,Validated (Supported),Supported via customer-specific contracted price overrides.,Baseline,Cross-persona,P1,Unchanged,Code reviewed - confirmed,"Code review 2026-10-04 (agent-reviewed, spot-checked): Confirmed. Customer-assigned price list with slabs overrides selling price; implemented as PriceList, not a CustomerProductPrice table.",MASTER,Master data and authorization,,masters,KERNEL,Core,Cross-persona,Medium,Medium,Low,Later,Cited in code,Not verified,Not verified,Not verified,Not verified,No,Built - unverified,P2,6,,,,,,,,,Not run,System / Automation,System / Automation,UNCHANGED,Authored,,,,No,No,Validated (Supported),Confirmed,backend/masters/pricing.py:resolve_party_price; backend/masters/models.py:PriceList,"Customer-assigned price list with slabs overrides selling price; implemented as PriceList, not a CustomerProductPrice table."
X-0420,X,Multiple / Cross-persona,Master Data & Authorization,User role → permitted actions are enforced,Security / Access Control,All Users,"User role (Owner, Manager, Billing Clerk, Godown Staff, Accountant) strictly governs system access","Enforces permission checks across UI buttons, navigation links, and REST API endpoints",P1,Validated (Supported),Core security invariant: RBAC enforced at Django view and DRF permission class levels.,Baseline,Cross-persona,P1,Unchanged,Code reviewed - confirmed,"Code review 2026-10-04 (agent-reviewed, spot-checked): Confirmed. Roles (Owner, Manager, Sales Staff, Inventory Staff, Accountant) are enforced through DRF permission classes.",MASTER,Master data and authorization,,masters,KERNEL,Core,Cross-persona,Medium,Medium,Low,Later,Cited in code,Not verified,Not verified,Not verified,Not verified,No,Built - unverified,P2,6,,,,,,,,,Not run,Platform Admin,Platform Admin,UNCHANGED,Authored,,,,No,No,Validated (Supported),Confirmed,backend/accounts/models.py:Role; backend/core/permissions.py:CanCreateSales,"Roles (Owner, Manager, Sales Staff, Inventory Staff, Accountant) are enforced through DRF permission classes."
X-0421,X,Multiple / Cross-persona,Master Data & Authorization,Location assignment → user sees authorized location data,Security / Access Control,Branch Staff,"Store employees restricted to viewing inventory, sales, and registers of assigned store",Applies warehouse filter in database queries based on user's authorized warehouse list,P1,Mechanism not found,Core security invariant: multi-location data isolation enforced via company user scope.,Baseline,Cross-persona,P1,Unchanged,Mechanism not found,"Code review 2026-10-04 (agent-reviewed, spot-checked): Contradicted. No per-user warehouse assignment or query filter exists; users are scoped to company only.",MASTER,Master data and authorization,,masters,KERNEL,Core,Cross-persona,Medium,Medium,Low,Later,Not in code,Not verified,Not verified,Not verified,Not verified,No,Gap,P2,6,,,,,,,,,Not run,Platform Admin,Platform Admin,UNCHANGED,Authored,,,,No,No,Validated (Supported),Contradicted,"none found: searched allowed_warehouses, user warehouse, warehouse scope in accounts/core/inventory",No per-user warehouse assignment or query filter exists; users are scoped to company only.
X-0422,X,Multiple / Cross-persona,Security / Exception / Recovery,Salesperson creates invoice → cannot modify restricted accounting fields,Security / Access Control,Billing Clerk,"Billing clerks prevented from altering ledger accounts, cost centers, or tax overrides",Disables restricted accounting fields on billing UI; rejects tampered API requests,P1,Partial,Core security invariant: field-level permission checks block unauthorized field mutation.,Baseline,Cross-persona,P1,Unchanged,Partial,"Code review 2026-10-04 (agent-reviewed, spot-checked): Partial. Capability flags gate posting and journals by role, but no field-level lock on ledger account, cost centre or tax override for billing clerks was found.",OTHER,Security / Exception / Recovery,,accounts,CONTROL,Core,Cross-persona,High,Medium,Medium,Pilot,Partial,Not verified,Not verified,Not verified,Not verified,No,Built - partial,P1,12,,,,,,,,,Not run,Platform Admin,Platform Admin,UNCHANGED,Inferred,,,,No,No,Validated (Supported),Partial,backend/core/permissions.py:CanCreateSales; backend/accounting/views.py:FinancialYearCloseView,"Capability flags gate posting and journals by role, but no field-level lock on ledger account, cost centre or tax override for billing clerks was found."
X-0423,X,Multiple / Cross-persona,Security / Exception / Recovery,Inventory user adjusts stock → authorization is enforced,Security / Access Control,Inventory Staff,Warehouse staff cannot execute inventory write-offs without manager approval,Requires manager sign-off token before executing manual stock adjustment,P1,Validated (Supported),Supported via dual-authorization requirement for StockAdjustment.,Baseline,Cross-persona,P1,Unchanged,Code symbol found,Matched StockAdjustment in product code. This is not a functional test.,OTHER,Security / Exception / Recovery,,accounts,CONTROL,Core,Cross-persona,High,Medium,Medium,Pilot,Cited in code,Not verified,Not verified,Not verified,Not verified,No,Built - unverified,P1,12,,,,,,,,,Not run,Platform Admin,Platform Admin,UNCHANGED,Inferred,,,,No,No,,,,
X-0424,X,Multiple / Cross-persona,Security / Exception / Recovery,Accountant modifies GST data → audit trail is created,Security / Access Control,In-house Accountant / Auditor,"Any manual override of tax data automatically logs user ID, old value, new value, and reason",Creates immutable audit log row; satisfies statutory MCA audit trail requirements,P1,Partial,Core compliance invariant: all tax data adjustments logged permanently in ActivityLog.,Baseline,Cross-persona,P1,Unchanged,Partial,"Code review 2026-10-04 (agent-reviewed, spot-checked): Partial. User, old and new value are logged append-only for four money fields; no reason captured and the log is AuditEvent/MoneyFieldAudit, not ActivityLog.",OTHER,Security / Exception / Recovery,,accounting,CONTROL,Core,Cross-persona,High,Medium,Medium,Pilot,Partial,Not verified,Not verified,Not verified,Not verified,No,Built - partial,P1,12,,,,,,,,,Not run,Platform Admin,Platform Admin,UNCHANGED,Inferred,,,,No,No,Validated (Supported),Partial,backend/core/models.py:MoneyFieldAudit; backend/core/models.py:log_money_change; backend/core/models.py:AuditEvent,"User, old and new value are logged append-only for four money fields; no reason captured and the log is AuditEvent/MoneyFieldAudit, not ActivityLog."
X-0425,X,Multiple / Cross-persona,Security / Exception / Recovery,Manager approves adjustment → approval identity is recorded,Security / Access Control,Manager / Auditor,Digital identity of approving manager permanently stamped onto approved adjustment voucher,Records approved_by_user_id and approval_timestamp on the adjustment document,P1,Partial,Supported via approval signature stamping on all approved exception documents.,Baseline,Cross-persona,P1,Unchanged,Partial,"Code review 2026-10-04 (agent-reviewed, spot-checked): Partial. Override identity is stamped for credit and GST-guard overrides, but no generic approved_by and timestamp on adjustment vouchers exists.",OTHER,Security / Exception / Recovery,,accounts,CONTROL,Core,Cross-persona,High,Medium,Medium,Pilot,Partial,Not verified,Not verified,Not verified,Not verified,No,Built - partial,P1,12,,,,,,,,,Not run,Platform Admin,Platform Admin,UNCHANGED,Inferred,,,,No,No,Validated (Supported),Partial,backend/sales/order_gates.py:credit_overridden_by; backend/reporting/gst_guard.py:gst_guard_overridden_by,"Override identity is stamped for credit and GST-guard overrides, but no generic approved_by and timestamp on adjustment vouchers exists."
X-0426,X,Multiple / Cross-persona,Security / Exception / Recovery,User attempts unauthorized transaction → action is blocked,Security / Access Control,Unauthorized User,System immediately rejects unauthorized action with HTTP 403 Forbidden error message,Blocks request; logs security violation attempt in system security audit log,P1,Partial,Core security invariant: strict RBAC enforcement across all API endpoints.,Baseline,Cross-persona,P1,Unchanged,Partial,"Code review 2026-10-04 (agent-reviewed, spot-checked): Partial. DRF permission classes return 403 for unauthorized users, but no security-violation log entry for blocked attempts was found.",OTHER,Security / Exception / Recovery,,accounts,CONTROL,Core,Cross-persona,High,Medium,Medium,Pilot,Partial,Not verified,Not verified,Not verified,Not verified,No,Built - partial,P1,12,,,,,,,,,Not run,Platform Admin,Platform Admin,UNCHANGED,Inferred,,,,No,No,Validated (Supported),Partial,backend/core/permissions.py:CanViewFinancialReports; backend/core/permissions.py:IsOwner,"DRF permission classes return 403 for unauthorized users, but no security-violation log entry for blocked attempts was found."
X-0427,X,Multiple / Cross-persona,Security / Exception / Recovery,User changes role → permissions immediately reflect policy,Security / Access Control,System Administrator,Role updates take effect immediately on next request without requiring system restart,Updates CompanyUser.role; invalidates cached session permissions immediately,P1,Validated (Supported),Core security invariant: dynamic role evaluation on every authenticated request.,Baseline,Cross-persona,P1,Unchanged,Code reviewed - confirmed,"Code review 2026-10-04 (agent-reviewed, spot-checked): Confirmed. Role and capabilities are read from CompanyUser on each request (cached per request only), so changes apply on the next call.",OTHER,Security / Exception / Recovery,,accounts,CONTROL,Core,Cross-persona,High,Medium,Medium,Pilot,Cited in code,Not verified,Not verified,Not verified,Not verified,No,Built - unverified,P1,12,,,,,,,,,Not run,Platform Admin,Platform Admin,UNCHANGED,Inferred,,backend/accounts/models.py:CompanyUser,backend/tests/conftest.py; backend/tests/test_a03_preview.py; backend/tests/test_attention_outcomes.py,No,No,Validated (Supported),Confirmed,backend/core/permissions.py:get_company_user; backend/accounts/models.py:CompanyUser,"Role and capabilities are read from CompanyUser on each request (cached per request only), so changes apply on the next call."
X-0428,X,Multiple / Cross-persona,Security / Exception / Recovery,User changes location → access follows assigned location,Security / Access Control,Store Staff,Transferring an employee to another store updates their inventory and sales visibility,Updates assigned_warehouses mapping; shifts user scope to new location immediately,P1,Mechanism not found,Supported via User Location Assignment management.,Baseline,Cross-persona,P1,Unchanged,Mechanism not found,"Code review 2026-10-04 (agent-reviewed, spot-checked): Contradicted. CompanyUser has no warehouse or location assignment, so user access does not follow a location.",OTHER,Security / Exception / Recovery,,accounts,CONTROL,Core,Cross-persona,High,Medium,Medium,Pilot,Not in code,Not verified,Not verified,Not verified,Not verified,No,Gap,P1,12,,,,,,,,,Not run,Platform Admin,Platform Admin,UNCHANGED,Inferred,,,,No,No,Validated (Supported),Contradicted,"none found: searched assigned_warehouses, allowed_warehouses, warehouse scope on CompanyUser","CompanyUser has no warehouse or location assignment, so user access does not follow a location."
X-0429,X,Multiple / Cross-persona,Security / Exception / Recovery,Deactivated user → historical transactions remain intact,Security / Access Control,System Administrator,Deactivating an ex-employee blocks login but preserves all historical vouchers signed by them,Sets is_active=False; preserves foreign key references on all historical transactions,P1,Validated (Supported),Core data invariant: user deactivation preserves referential integrity; hard deletes blocked.,Baseline,Cross-persona,P1,Unchanged,Code reviewed - confirmed,"Code review 2026-10-04 (agent-reviewed, spot-checked): Confirmed. Deactivation sets CompanyUser.is_active false and revokes tokens while historical rows keep their references.",OTHER,Security / Exception / Recovery,,accounts,CONTROL,Core,Cross-persona,High,Medium,Medium,Pilot,Cited in code,Not verified,Not verified,Not verified,Not verified,No,Built - unverified,P1,12,,,,,,,,,Not run,Platform Admin,Platform Admin,UNCHANGED,Inferred,,,,No,No,Validated (Supported),Confirmed,backend/accounts/models.py:CompanyUser; backend/accounts/views.py:_revoke_sessions_if_last_active_membership,Deactivation sets CompanyUser.is_active false and revokes tokens while historical rows keep their references.
X-0430,X,Multiple / Cross-persona,Security / Exception / Recovery,Sensitive financial information → restricted users cannot access it,Security / Access Control,Billing Clerk / Delivery Driver,"Billing clerks and delivery staff cannot view business profits, vendor costs, or bank balances","Masks gross margin, purchase cost, and financial statement menus based on user role",P1,Partial,Supported via role-based field masking in API serializers and UI navigation guards.,Baseline,Cross-persona,P1,Unchanged,Partial,"Code review 2026-10-04 (agent-reviewed, spot-checked): Partial. Financial reports and dashboards are permission-gated, but no field masking of cost or margin in serializers was found.",OTHER,Security / Exception / Recovery,,accounts,CONTROL,Core,Cross-persona,High,Medium,Medium,Pilot,Partial,Not verified,Not verified,Not verified,Not verified,No,Built - partial,P1,12,,,,,,,,,Not run,Platform Admin,Platform Admin,UNCHANGED,Inferred,,,,No,No,Validated (Supported),Partial,backend/core/permissions.py:CanViewFinancialReports; backend/accounts/models.py:can_view_financial_reports,"Financial reports and dashboards are permission-gated, but no field masking of cost or margin in serializers was found."
X-0431,X,Multiple / Cross-persona,Security / Exception / Recovery,Export data → export permissions are enforced,Security / Access Control,All Users,"Bulk export of customer lists, sales registers, or financial books restricted to authorized roles","Blocks export endpoints for unauthorized roles, preventing commercial data exfiltration",P1,Validated (Supported),"Core security invariant: export actions restricted to Owner, Admin, and Accountant roles.",Baseline,Cross-persona,P1,Unchanged,Code reviewed - confirmed,"Code review 2026-10-04 (agent-reviewed, spot-checked): Confirmed. CanExport gates XLSX and CSV exports to owner or users granted can_export, applied on report and backup endpoints.",OTHER,Security / Exception / Recovery,,accounts,CONTROL,Core,Cross-persona,High,Medium,Medium,Pilot,Cited in code,Not verified,Not verified,Not verified,Not verified,No,Built - unverified,P1,12,,,,,,,,,Not run,Platform Admin,Platform Admin,UNCHANGED,Inferred,,,,No,No,Validated (Supported),Confirmed,backend/core/permissions.py:CanExport; backend/accounting/views.py:AccountingReportView,"CanExport gates XLSX and CSV exports to owner or users granted can_export, applied on report and backup endpoints."
X-0432,X,Multiple / Cross-persona,Security / Exception / Recovery,Critical transaction → immutable audit trail exists,Security / Access Control,Statutory Auditor,"Every financial, inventory, and tax voucher backed by append-only immutable audit trail","Guarantees chronological traceability of who created, edited, approved, or cancelled records",P0,Partial,"Core system invariant: MCA-compliant audit trail with Django SimpleHistory. | Decision 2026-10-04 (delegated, quality-first): Build in MVP (0 days). Delivered with P-0115. | Truth 2026-10-05 (WI-002): Built.  Audit events are written for each posting action, asserted per document type, and append-only is enforced by test.",Baseline,Cross-persona,P0,Unchanged,Partial,"django-simple-history is not a dependency. The note names the wrong audit mechanism. 2026-10-04: hash chain and append-only guard exist; coverage of every critical transaction not verified. Code review 2026-10-04 (agent-reviewed, spot-checked): Partial. AuditEvent is hash-chained and guarded against update/delete, but coverage of every critical transaction is not shown and SimpleHistory is not used.",OTHER,Security / Exception / Recovery,,accounting,CONTROL,Core,Cross-persona,Critical,High,Medium,MVP,Partial,Not verified,Not verified,Not verified,Not verified,No,Built - tested,P0,18,,,,,,backend/tests/errors/test_freeze_gate_contracts.py::test_complete_cancel_allocate_amend_write_audit_events; backend/tests/test_register_audit_coverage.py::test_purchase_invoice_complete_writes_audit_event; backend/tests/test_register_audit_coverage.py::test_sales_invoice_complete_writes_audit_event; backend/tests/test_register_audit_coverage.py::test_supplier_payment_post_writes_audit_event; backend/tests/test_register_audit_coverage.py::test_stock_adjustment_writes_audit_event; backend/tests/test_audit_append_only.py::test_saving_an_existing_event_is_refused,2026-10-05,pytest full suite on SQLite (agent run 2026-10-05); human review pending,Pass,Platform Admin,Platform Admin,UNCHANGED,Inferred,,backend/core/services/audit.py:record_document_event; backend/planwave/services.py:AUDIT_COVERAGE,,No,No,Partial,Partial,backend/core/models.py:AuditEvent; backend/core/services/audit_chain.py:seal,"AuditEvent is hash-chained and guarded against update/delete, but coverage of every critical transaction is not shown and SimpleHistory is not used."
X-0433,X,Multiple / Cross-persona,Security / Exception / Recovery,Invalid invoice → actionable validation is shown,System / Validation Engine,Billing Clerk,"Form validation errors highlight exact problematic field (e.g. missing HSN, invalid GSTIN)","Surfaces clear, inline validation message explaining how to fix the error before saving",P1,Partial,Supported via descriptive form validation errors with field highlighting.,Baseline,Cross-persona,P1,Unchanged,Partial,"Code review 2026-10-04 (agent-reviewed, spot-checked): Partial. Server rejects missing HSN and bad GSTIN with messages, but field-level highlighting is not established.",OTHER,Security / Exception / Recovery,,sales,CONTROL,Core,Cross-persona,High,Medium,Medium,Pilot,Partial,Not verified,Not verified,Not verified,Not verified,No,Built - partial,P1,12,,,,,,,,,Not run,System / Automation,System / Automation,UNCHANGED,Inferred,,,,No,No,Validated (Supported),Partial,backend/sales/services.py:missing_hsn; backend/core/validators.py:validate_gstin,"Server rejects missing HSN and bad GSTIN with messages, but field-level highlighting is not established."
X-0434,X,Multiple / Cross-persona,Security / Exception / Recovery,Insufficient stock → sale is blocked/flagged appropriately,System / Inventory Guard,Billing Clerk,Attempting to bill more stock than available triggers clear error or manager override prompt,Blocks negative inventory by default; enforces tenant policy regarding backorders,P1,Validated (Supported),Core inventory invariant: negative stock strictly blocked unless explicitly enabled.,Baseline,Cross-persona,P1,Unchanged,Code reviewed - confirmed,"Code review 2026-10-04 (agent-reviewed, spot-checked): Confirmed. A company negative_stock_policy of BLOCK rejects sales that would drive stock below zero.",OTHER,Security / Exception / Recovery,,accounts,CONTROL,Core,Cross-persona,High,Medium,Medium,Pilot,Cited in code,Not verified,Not verified,Not verified,Not verified,No,Built - unverified,P1,12,,,,,,,,,Not run,System / Automation,System / Automation,UNCHANGED,Inferred,,,,No,No,Validated (Supported),Confirmed,backend/inventory/services.py:check_negative_stock; backend/inventory/services.py:negative_stock_policy,A company negative_stock_policy of BLOCK rejects sales that would drive stock below zero.
X-0435,X,Multiple / Cross-persona,Security / Exception / Recovery,Invalid GSTIN → invoice validation catches it,System / GST Guard,Billing Clerk,Typing an invalid or malformed GSTIN triggers checksum error before saving invoice,"Validates 15-character GSTIN structure, state code, and Luhn checksum algorithm",P1,Validated (Supported),Supported via client-side and server-side GSTIN checksum validator.,Baseline,Cross-persona,P1,Unchanged,Code reviewed - confirmed,"Code review 2026-10-04 (agent-reviewed, spot-checked): Confirmed. validate_gstin checks structure and checksum on the server; web also validates GSTIN.",OTHER,Security / Exception / Recovery,,sales,CONTROL,Core,Cross-persona,High,Medium,Medium,Pilot,Cited in code,Not verified,Not verified,Not verified,Not verified,No,Built - unverified,P1,12,,,,,,,,,Not run,System / Automation,System / Automation,UNCHANGED,Inferred,,,,No,No,Validated (Supported),Confirmed,backend/core/validators.py:validate_gstin; backend/core/validators.py:_gstin_checksum_ok,validate_gstin checks structure and checksum on the server; web also validates GSTIN.
X-0436,X,Multiple / Cross-persona,Security / Exception / Recovery,Duplicate invoice → duplicate detection,System / Validation Engine,In-house Accountant,System prevents saving two invoices with identical invoice number for the same financial year,Raises UniqueConstraint violation; warns user of existing invoice duplicate,P1,Validated (Supported),"Core data invariant: database unique constraint on (company_id, invoice_number, financial_year). | Decision 2026-10-04 (delegated, quality-first): retired as duplicate of X-0299.",Baseline,Cross-persona,P1,Unchanged,Code symbol found,Matched invoice_number in product code. This is not a functional test.,OTHER,Security / Exception / Recovery,,accounts,CONTROL,Core,Cross-persona,High,Medium,Medium,Later,Cited in code,Not verified,Not verified,Not verified,Not verified,No,Built - unverified,P1,12,,,,,,,,,Not run,System / Automation,System / Automation,UNCHANGED,Inferred,Duplicate of X-0299 - retired,,,No,No,,,,
X-0437,X,Multiple / Cross-persona,Security / Exception / Recovery,Network failure during save → no duplicate transaction is created,System / Resilience,POS Operator,Network drop during checkout does not cause duplicate billing or double inventory deduction,Enforces client-generated idempotency key; duplicate submission returns existing result,P1,Validated (Supported),Supported via Idempotency-Key header on all critical creation endpoints.,Baseline,Cross-persona,P1,Unchanged,Code reviewed - confirmed,"Code review 2026-10-04 (agent-reviewed, spot-checked): Confirmed. Sales and payment endpoints honour the Idempotency-Key header with durable records returning the first result.",OTHER,Security / Exception / Recovery,,sales,CONTROL,Core,Cross-persona,High,Medium,Medium,Pilot,Cited in code,Not verified,Not verified,Not verified,Not verified,No,Built - unverified,P1,12,,,,,,,,,Not run,System / Automation,System / Automation,UNCHANGED,Inferred,,,,No,No,Validated (Supported),Confirmed,backend/core/idempotency.py:IdempotencyRecord; backend/sales/views.py:SalesInvoiceViewSet,Sales and payment endpoints honour the Idempotency-Key header with durable records returning the first result.
X-0438,X,Multiple / Cross-persona,Security / Exception / Recovery,Concurrent edits → conflict is handled,System / Concurrency Engine,Two Concurrent Editors,Simultaneous edits to the same document detected safely without silent overwrites,Uses optimistic locking (version / updated_at check); alerts second user to refresh,P1,Mechanism not found,Supported via optimistic concurrency locking on master and document models.,Baseline,Cross-persona,P1,Unchanged,Mechanism not found,"Code review 2026-10-04 (agent-reviewed, spot-checked): Contradicted. No version or updated_at check detects concurrent document edits; only stock-count conflict handling and idempotency keys exist.",OTHER,Security / Exception / Recovery,,accounts,CONTROL,Core,Cross-persona,High,Medium,Medium,Pilot,Not in code,Not verified,Not verified,Not verified,Not verified,No,Gap,P1,12,,,,,,,,,Not run,System / Automation,System / Automation,UNCHANGED,Inferred,,,,No,No,Validated (Supported),Contradicted,"none found: searched optimistic lock, expected_updated_at, row_version, If-Match in backend",No version or updated_at check detects concurrent document edits; only stock-count conflict handling and idempotency keys exist.
X-0439,X,Multiple / Cross-persona,Security / Exception / Recovery,Integration failure → transaction is not silently lost,System / Integration Queue,System Administrator,WhatsApp or payment gateway network failure queued for automatic background retry,Records failed payload in IntegrationOutbox queue; retries with exponential backoff,P1,Partial,Supported via Celery background task retry queue for external integrations.,Baseline,Cross-persona,P1,Unchanged,Partial,"Code review 2026-10-04 (agent-reviewed, spot-checked): Partial. Failed gateway refunds retry from an outbox with backoff; failed WhatsApp sends are marked FAILED with no automatic retry and no IntegrationOutbox.",OTHER,Security / Exception / Recovery,,integrations,CONTROL,Core,Cross-persona,High,Medium,Medium,Pilot,Partial,Not verified,Not verified,Not verified,Not verified,No,Built - partial,P1,12,,,,,,,,,Not run,System / Automation,System / Automation,UNCHANGED,Inferred,,,,No,No,Validated (Supported),Partial,backend/payments/models.py:GatewayRefundOutbox; backend/payments/tasks.py:next_attempt_at,Failed gateway refunds retry from an outbox with backoff; failed WhatsApp sends are marked FAILED with no automatic retry and no IntegrationOutbox.
X-0440,X,Multiple / Cross-persona,Security / Exception / Recovery,GST integration failure → exception is visible,System / GST Engine,In-house Accountant,Errors during government portal sync surfaced with actionable error descriptions,"Logs exact government error code (e.g. Invalid Token, Duplicate IRN) in GST Error Queue",P1,Partial,Supported via GST Integration Exception Dashboard.,Baseline,Cross-persona,P1,Unchanged,Partial,"Code review 2026-10-04 (agent-reviewed, spot-checked): Partial. Portal error text is stored on the invoice and returned, but there is no dedicated GST error queue or dashboard with structured error codes.",OTHER,Security / Exception / Recovery,,accounts,CONTROL,Core,Cross-persona,High,Medium,Medium,Pilot,Partial,Not verified,Not verified,Not verified,Not verified,No,Built - partial,P1,12,,,,,,,,,Not run,System / Automation,System / Automation,UNCHANGED,Inferred,,,,No,No,Validated (Supported),Partial,backend/sales/einvoice_eway_actions.py:einvoice_error; backend/sales/models.py:last_error,"Portal error text is stored on the invoice and returned, but there is no dedicated GST error queue or dashboard with structured error codes."
X-0441,X,Multiple / Cross-persona,Security / Exception / Recovery,Bulk operation failure → successful and failed records are separated,System / Import Engine,In-house Accountant,Bulk CSV import processes valid rows while isolating invalid rows into downloadable error CSV,Commits valid records; generates error spreadsheet showing exact row and column failures,P1,Validated (Supported),Supported via transactional bulk import engine with error CSV download.,Baseline,Cross-persona,P1,Unchanged,Code reviewed - confirmed,"Code review 2026-10-04 (agent-reviewed, spot-checked): Confirmed. Import writes valid rows, stores per-row errors on the job, and serves a downloadable errors CSV with row, messages and row data.",OTHER,Security / Exception / Recovery,,core,CONTROL,Core,Cross-persona,High,Medium,Medium,Pilot,Cited in code,Not verified,Not verified,Not verified,Not verified,No,Built - unverified,P1,12,,,,,,,,,Not run,System / Automation,System / Automation,UNCHANGED,Inferred,,,,No,No,Validated (Supported),Confirmed,backend/imports/services.py:ImportService; backend/imports/views.py:error_report,"Import writes valid rows, stores per-row errors on the job, and serves a downloadable errors CSV with row, messages and row data."
X-0442,X,Multiple / Cross-persona,Security / Exception / Recovery,Incorrect transaction → authorized correction mechanism exists,In-house Accountant,Business Owner,"Legitimate mechanism to void, cancel, or amend wrong bills while preserving audit history",Generates offsetting reversal voucher; prompts user for mandatory cancellation reason,P1,Validated (Supported),Supported via formal Document Cancellation and Credit/Debit Note workflows.,Baseline,Cross-persona,P1,Unchanged,Code reviewed - confirmed,"Code review 2026-10-04 (agent-reviewed, spot-checked): Confirmed. Credit and debit note workflows and journal reversals exist, with cancel reasons accepted on sales cancellation.",OTHER,Security / Exception / Recovery,,accounts,CONTROL,Core,Cross-persona,High,Medium,Medium,Pilot,Cited in code,Not verified,Not verified,Not verified,Not verified,No,Built - unverified,P1,12,,,,,,,,,Not run,Accountant / Finance,Accountant / Finance,UNCHANGED,Inferred,,,,No,No,Validated (Supported),Confirmed,backend/sales/notes_services.py:cancel_credit_note; backend/accounting/services.py:JOURNAL_REVERSAL,"Credit and debit note workflows and journal reversals exist, with cancel reasons accepted on sales cancellation."
X-0443,X,Multiple / Cross-persona,Security / Exception / Recovery,Cancellation → downstream impacts are correctly reversed,System / Ledger Engine,In-house Accountant,"Cancelling an invoice completely reverses stock decrements, AR debits, and tax liabilities",Atomically posts reversal movements and GL vouchers in single database transaction,P1,Validated (Supported),"Core system invariant: cancellation atomically reverses stock, receivables, and taxes.",Baseline,Cross-persona,P1,Restored to authored P1. The previous workbook had P0 after a keyword rebalance.,Code reviewed - confirmed,"Restored to authored P1. The previous workbook had P0 after a keyword rebalance. Code review 2026-10-04 (agent-reviewed, spot-checked): Confirmed. Atomic invoice cancel posts reversal stock movements and reverses GL entries including tax and receivable.",OTHER,Security / Exception / Recovery,,inventory,CONTROL,Core,Cross-persona,High,Medium,Medium,Pilot,Cited in code,Not verified,Not verified,Not verified,Not verified,No,Built - unverified,P1,12,,,,,,,,,Not run,System / Automation,System / Automation,RESTORED_TO_AUTHORED,Inferred,,,,No,No,Validated (Supported),Confirmed,backend/sales/services.py:cancel; backend/sales/services.py:PostingService,Atomic invoice cancel posts reversal stock movements and reverses GL entries including tax and receivable.
X-0444,X,Multiple / Cross-persona,Security / Exception / Recovery,System recovery → financial/inventory integrity is preserved,System Administrator,Statutory Auditor,Unplanned server crash or power cut leaves zero corrupted half-completed transactions,Enforces ACID compliance; uncommitted transactions rolled back completely by PostgreSQL,P1,Partial,Core architectural invariant: all operations wrapped in atomic database transactions.,Baseline,Cross-persona,P1,Restored to authored P1. The previous workbook had P0 after a keyword rebalance.,Partial,"Restored to authored P1. The previous workbook had P0 after a keyword rebalance. Code review 2026-10-04 (agent-reviewed, spot-checked): Partial. Key money and stock operations use transaction.atomic, but ATOMIC_REQUESTS is not set so not all operations are wrapped.",OTHER,Security / Exception / Recovery,,inventory,CONTROL,Core,Cross-persona,High,Medium,Medium,Pilot,Partial,Not verified,Not verified,Not verified,Not verified,No,Built - partial,P1,12,,,,,,,,,Not run,Platform Admin,Platform Admin,RESTORED_TO_AUTHORED,Inferred,,,,No,No,Validated (Supported),Partial,backend/sales/services.py:cancel; backend/inventory/services.py:post_movement,"Key money and stock operations use transaction.atomic, but ATOMIC_REQUESTS is not set so not all operations are wrapped."
X-0445,X,Multiple / Cross-persona,Communication & Integrations,Invoice generated → invoice sent to customer through WhatsApp,Counter Clerk / Salesperson,Customer,Deliver professional invoice PDF and summary directly to customer's WhatsApp,Opens WhatsApp Web / app with pre-filled message and secure invoice download link,P1,Validated (Supported),Supported via WhatsApp click-to-chat API integration and shareable link.,Baseline,Cross-persona,P1,Unchanged,Code symbol found,Matched WhatsApp in product code. This is not a functional test.,INT,Communication and integrations,,integrations,KERNEL,Core,Cross-persona,Medium,Medium,Low,Later,Cited in code,Not verified,Not verified,Not verified,Not verified,No,Built - unverified,P2,6,,,,,,,,,Not run,Billing / Counter Clerk,Billing / Counter Clerk,UNCHANGED,Authored,,,,No,No,,,,
X-0446,X,Multiple / Cross-persona,Communication & Integrations,Payment reminder → customer receives reminder,Credit Controller,Customer,Automated payment reminder delivered to customer WhatsApp/SMS with due amount and payment QR,Dispatches reminder message; tracks delivery and customer acknowledgment status,P1,Validated (Supported),Supported via WhatsApp automated payment reminder dispatch.,Baseline,Cross-persona,P1,Unchanged,Code symbol found,Matched WhatsApp in product code. This is not a functional test.,INT,Communication and integrations,,integrations,KERNEL,Core,Cross-persona,Medium,Medium,Low,Later,Cited in code,Not verified,Not verified,Not verified,Not verified,No,Built - unverified,P2,6,,,,,,,,,Not run,Accountant / Finance,Accountant / Finance,UNCHANGED,Authored,,,,No,No,,,,
X-0447,X,Multiple / Cross-persona,Communication & Integrations,Order confirmation → customer receives confirmation,Sales Desk,Customer,Customer receives instant digital order confirmation receipt upon order booking,Sends order confirmation notification with expected delivery date and items ordered,P1,Mechanism not found,Supported via automated order notification webhook.,Baseline,Cross-persona,P1,Unchanged,Mechanism not found,"Code review 2026-10-04 (agent-reviewed, spot-checked): Contradicted. No notification is sent on sales order confirmation; messaging covers invoices, payment links and reminders only.",INT,Communication and integrations,,integrations,KERNEL,Core,Cross-persona,Medium,Medium,Low,Later,Not in code,Not verified,Not verified,Not verified,Not verified,No,Gap,P2,6,,,,,,,,,Not run,Sales & Growth,Sales & Growth,UNCHANGED,Authored,Related to X-0449,,,No,No,Validated (Supported),Contradicted,"none found: searched order_confirm, NotificationService.send callers in backend/sales","No notification is sent on sales order confirmation; messaging covers invoices, payment links and reminders only."
X-0448,X,Multiple / Cross-persona,Communication & Integrations,Delivery update → customer receives update,Logistics Dispatcher,Customer,Customer receives real-time update when order is dispatched with vehicle tracking info,Dispatches dispatch notification with driver phone number and estimated delivery time,P1,Mechanism not found,Supported via delivery challan dispatch event webhook.,Baseline,Cross-persona,P1,Unchanged,Mechanism not found,"Code review 2026-10-04 (agent-reviewed, spot-checked): Contradicted. Delivery challan completion triggers no customer notification with driver or ETA details.",INT,Communication and integrations,,integrations,KERNEL,Core,Cross-persona,Medium,Medium,Low,Later,Not in code,Not verified,Not verified,Not verified,Not verified,No,Gap,P2,6,,,,,,,,,Not run,Logistics & Delivery,Logistics & Delivery,UNCHANGED,Authored,,,,No,No,Validated (Supported),Contradicted,"none found: searched challan dispatch notification, whatsapp, NotificationService.send in sales/notes_services.py",Delivery challan completion triggers no customer notification with driver or ETA details.
X-0449,X,Multiple / Cross-persona,Communication & Integrations,Return confirmation → customer receives confirmation,Customer Support,Customer,Customer receives confirmation when returned items are accepted and credit note is issued,Sends credit note PDF and balance confirmation directly to customer mobile,P1,Validated (Supported),Supported via SalesReturn approval customer notification.,Baseline,Cross-persona,P1,Unchanged,Code symbol found,Matched SalesReturn in product code. This is not a functional test.,INT,Communication and integrations,,integrations,KERNEL,Core,Cross-persona,Medium,Medium,Low,Later,Cited in code,Not verified,Not verified,Not verified,Not verified,No,Built - unverified,P2,6,,,,,,,,,Not run,Customer Support,Customer Support,UNCHANGED,Authored,Related to X-0447,backend/sales/models.py:SalesReturn,backend/tests/test_cft_checklist.py; backend/tests/test_concurrency_races.py; backend/tests/test_fmea2_wave.py,No,No,,,,
X-0450,X,Multiple / Cross-persona,Communication & Integrations,Payment receipt → customer receives receipt,Cashier,Customer,Customer receives payment receipt acknowledgement immediately upon paying bill,"Sends digital payment receipt showing amount paid, payment mode, and remaining dues",P1,Mechanism not found,Supported via Payment entry instant receipt share.,Baseline,Cross-persona,P1,Unchanged,Mechanism not found,"Code review 2026-10-04 (agent-reviewed, spot-checked): Contradicted. Payment receipt creation sends no receipt acknowledgement; only payment-link and reminder sharing exist.",INT,Communication and integrations,,integrations,KERNEL,Core,Cross-persona,Medium,Medium,Low,Later,Not in code,Not verified,Not verified,Not verified,Not verified,No,Gap,P2,6,,,,,,,,,Not run,Accountant / Finance,Accountant / Finance,UNCHANGED,Authored,,,,No,No,Validated (Supported),Contradicted,"none found: searched receipt share, NotificationService.send in backend/payments",Payment receipt creation sends no receipt acknowledgement; only payment-link and reminder sharing exist.
X-0451,X,Multiple / Cross-persona,Communication & Integrations,Failed message → delivery status is visible,System Administrator,Support Desk,Failed SMS or WhatsApp dispatches flagged clearly on message log screen,Updates message status to FAILED; displays provider error description (e.g. Invalid Number),P1,Validated (Supported),Supported via Outbound Message Log (/settings/messages/).,Baseline,Cross-persona,P1,Unchanged,Code reviewed - confirmed,"Code review 2026-10-04 (agent-reviewed, spot-checked): Confirmed. Notification log sets status FAILED with provider error text, exposed through a list API.",INT,Communication and integrations,,integrations,KERNEL,Core,Cross-persona,Medium,Medium,Low,Later,Cited in code,Not verified,Not verified,Not verified,Not verified,No,Built - unverified,P2,6,,,,,,,,,Not run,Platform Admin,Platform Admin,UNCHANGED,Authored,,,,No,No,Validated (Supported),Confirmed,backend/core/models.py:Notification; backend/core/views.py:NotificationViewSet,"Notification log sets status FAILED with provider error text, exposed through a list API."
X-0452,X,Multiple / Cross-persona,Communication & Integrations,User resends failed message,Billing Clerk,Customer,One-click resend button to re-dispatch invoice or reminder after network failure,Re-queues message payload for immediate re-transmission; updates delivery status,P1,Mechanism not found,Supported via 'Resend Message' action in message log.,Baseline,Cross-persona,P1,Unchanged,Mechanism not found,"Code review 2026-10-04 (agent-reviewed, spot-checked): Contradicted. No resend or re-queue action exists on the notification log; NotificationViewSet is read-only.",INT,Communication and integrations,,integrations,KERNEL,Core,Cross-persona,Medium,Medium,Low,Later,Not in code,Not verified,Not verified,Not verified,Not verified,No,Gap,P2,6,,,,,,,,,Not run,Billing / Counter Clerk,Billing / Counter Clerk,UNCHANGED,Authored,,,,No,No,Validated (Supported),Contradicted,"none found: searched resend, retry in backend core/views.py and web pages",No resend or re-queue action exists on the notification log; NotificationViewSet is read-only.
X-0453,X,Multiple / Cross-persona,Communication & Integrations,Communication history remains associated with transaction/customer,Sales Staff / Support,Auditor,"Full log of messages, reminders, and delivery receipts permanently linked to invoice",Stores message audit trail on invoice detail view showing dispatch timestamps and user,P1,Partial,Supported via Activity Timeline on invoice and customer records.,Baseline,Cross-persona,P1,Unchanged,Partial,"Code review 2026-10-04 (agent-reviewed, spot-checked): Partial. Invoice stores only latest WhatsApp send status and time; Notification rows have no invoice link and no full message trail on the invoice.",INT,Communication and integrations,,integrations,KERNEL,Core,Cross-persona,Medium,Medium,Low,Later,Partial,Not verified,Not verified,Not verified,Not verified,No,Built - partial,P2,6,,,,,,,,,Not run,Billing / Counter Clerk,Billing / Counter Clerk,UNCHANGED,Authored,,,,No,No,Validated (Supported),Partial,backend/sales/whatsapp_send.py:persist_invoice_whatsapp; backend/core/models.py:Notification,Invoice stores only latest WhatsApp send status and time; Notification rows have no invoice link and no full message trail on the invoice.
X-0454,X,Multiple / Cross-persona,Communication & Integrations,Payment gateway → payment status,Payment Gateway Webhook,In-house Accountant,Online payment gateway webhooks automatically update transaction status to SUCCESS or FAILED,Receives webhook; verifies cryptographic signature; updates Payment record status,P1,Validated (Supported),Supported via Payment Gateway Webhook receiver (/api/v1/payments/webhook/).,Baseline,Cross-persona,P1,Unchanged,Code reviewed - confirmed,"Code review 2026-10-04 (agent-reviewed, spot-checked): Confirmed. Webhook verifies signature, dedupes events and updates GatewayPayment to captured or refunded status.",INT,Communication and integrations,,integrations,KERNEL,Core,Cross-persona,Medium,Medium,Low,Later,Cited in code,Not verified,Not verified,Not verified,Not verified,No,Built - unverified,P2,6,,,,,,,,,Not run,System / Automation,System / Automation,UNCHANGED,Authored,,,,No,No,Validated (Supported),Confirmed,backend/payments/webhook_views.py:payment_webhook; backend/payments/services.py:finalize_gateway_payment,"Webhook verifies signature, dedupes events and updates GatewayPayment to captured or refunded status."
X-0455,X,Multiple / Cross-persona,Communication & Integrations,Payment gateway → customer ledger,System / Ledger Engine,In-house Accountant,Confirmed online payment automatically credits customer ledger without manual entry,Creates double-entry ledger voucher crediting Customer AR and debiting Gateway Clearing,P1,Validated (Supported),Core system invariant: verified gateway webhook atomically updates customer ledger.,Baseline,Cross-persona,P1,Restored to authored P1. The previous workbook had P0 after a keyword rebalance.,Code reviewed - confirmed,"Restored to authored P1. The previous workbook had P0 after a keyword rebalance. Code review 2026-10-04 (agent-reviewed, spot-checked): Confirmed. Verified capture creates a posted CustomerReceipt with ledger posting and parks failures; clearing-account naming not verified.",INT,Communication and integrations,,integrations,KERNEL,Core,Cross-persona,Medium,Medium,Low,Later,Cited in code,Not verified,Not verified,Not verified,Not verified,No,Built - unverified,P2,6,,,,,,,,,Not run,System / Automation,System / Automation,RESTORED_TO_AUTHORED,Authored,,,,No,No,Validated (Supported),Confirmed,backend/payments/services.py:finalize_gateway_payment; backend/payments/models.py:CustomerReceipt,Verified capture creates a posted CustomerReceipt with ledger posting and parks failures; clearing-account naming not verified.
X-0456,X,Multiple / Cross-persona,Communication & Integrations,Payment gateway → invoice settlement,System / Payment Engine,Billing Clerk,Confirmed online payment automatically settles corresponding open invoice,Creates PaymentAllocation record; marks invoice as PAID; unlocks customer credit limit,P1,Validated (Supported),Automated invoice settlement upon successful gateway payment notification.,Baseline,Cross-persona,P1,Unchanged,Code reviewed - confirmed,"Code review 2026-10-04 (agent-reviewed, spot-checked): Confirmed. Finalize allocates the receipt to the linked sales invoice via allocate_receipt, creating PaymentAllocation.",INT,Communication and integrations,,integrations,KERNEL,Core,Cross-persona,Medium,Medium,Low,Later,Cited in code,Not verified,Not verified,Not verified,Not verified,No,Built - unverified,P2,6,,,,,,,,,Not run,System / Automation,System / Automation,UNCHANGED,Authored,,backend/payments/models.py:PaymentAllocation,backend/tests/test_a07_dunning.py; backend/tests/test_a13_a14_reporting_sales.py; backend/tests/test_a15_cr090_plus.py,No,No,Validated (Supported),Confirmed,backend/payments/services.py:finalize_gateway_payment; backend/payments/models.py:PaymentAllocation,"Finalize allocates the receipt to the linked sales invoice via allocate_receipt, creating PaymentAllocation."
X-0457,X,Multiple / Cross-persona,Communication & Integrations,Accounting export → downstream accounting,In-house Accountant,External CA,"Export sales, purchases, and payments into standardized format for external accounting software","Generates structured XML/Excel export compatible with Tally, Busy, or Zoho Books",P1,Validated (Supported),Supported via /accounting/export/tally-xml/ and standard CSV exports.,Baseline,Cross-persona,P1,Unchanged,Code reviewed - confirmed,"Code review 2026-10-04 (agent-reviewed, spot-checked): Confirmed. Tally export as CSV and Tally XML push exist; no Busy or Zoho Books format.",INT,Communication and integrations,,integrations,KERNEL,Core,Cross-persona,Medium,Medium,Low,Later,Cited in code,Not verified,Not verified,Not verified,Not verified,No,Built - unverified,P2,6,,,,,,,,,Not run,Accountant / Finance,Accountant / Finance,UNCHANGED,Authored,,,,No,No,Validated (Supported),Confirmed,backend/integrations/views.py:TallyExportView; backend/integrations/views.py:TallyHttpPushView,Tally export as CSV and Tally XML push exist; no Busy or Zoho Books format.
X-0458,X,Multiple / Cross-persona,Communication & Integrations,Accounting data → reconciliation,In-house Accountant,External CA,Verify that exported accounting records match external Tally balance sheet figures,Provides Trial Balance reconciliation checksum comparing internal books with external export,P1,Partial,Supported via Trial Balance export reconciliation report.,Baseline,Cross-persona,P1,Unchanged,Partial,"Code review 2026-10-04 (agent-reviewed, spot-checked): Partial. Compares Tally XML sales totals with books sales totals; it is not a trial balance reconciliation checksum.",INT,Communication and integrations,,integrations,KERNEL,Core,Cross-persona,Medium,Medium,Low,Later,Partial,Not verified,Not verified,Not verified,Not verified,No,Built - partial,P2,6,,,,,,,,,Not run,Accountant / Finance,Accountant / Finance,UNCHANGED,Authored,,,,No,No,Validated (Supported),Partial,backend/integrations/views.py:TallyMigrationDiffView; backend/integrations/tally_diff.py:parse_tally_amounts,Compares Tally XML sales totals with books sales totals; it is not a trial balance reconciliation checksum.
X-0459,X,Multiple / Cross-persona,Communication & Integrations,Integration failure → retry,System / Celery Worker,System Administrator,Transient external API failures automatically retried with exponential backoff,Celery task retries up to 5 times with exponential backoff delay before alerting admin,P1,Partial,Supported via Celery integration retry decorator with exponential backoff.,Baseline,Cross-persona,P1,Unchanged,Partial,"Code review 2026-10-04 (agent-reviewed, spot-checked): Partial. Backoff retries exist for email (max 3) and the refund outbox; no general integration retry decorator with admin alert.",INT,Communication and integrations,,integrations,KERNEL,Core,Cross-persona,Medium,Medium,Low,Later,Partial,Not verified,Not verified,Not verified,Not verified,No,Built - partial,P2,6,,,,,,,,,Not run,System / Automation,System / Automation,UNCHANGED,Authored,,,,No,No,Validated (Supported),Partial,backend/core/tasks.py:send_email_notification; backend/payments/models.py:GatewayRefundOutbox,Backoff retries exist for email (max 3) and the refund outbox; no general integration retry decorator with admin alert.
X-0460,X,Multiple / Cross-persona,Communication & Integrations,Integration retry → idempotent result,System / Integration Engine,External Service,Retried integration requests guarantee zero duplicate records on external services,Passes unique idempotency token to external service to prevent duplicate charges or messages,P1,Partial,Core architectural invariant: all external integration calls enforce idempotency keys.,Baseline,Cross-persona,P1,Restored to authored P1. The previous workbook had P0 after a keyword rebalance.,Partial,"Restored to authored P1. The previous workbook had P0 after a keyword rebalance. Code review 2026-10-04 (agent-reviewed, spot-checked): Partial. Idempotency keys are sent for gateway refunds only; other external calls such as WhatsApp or SMS do not carry idempotency tokens.",INT,Communication and integrations,,integrations,KERNEL,Core,Cross-persona,Medium,Medium,Low,Later,Partial,Not verified,Not verified,Not verified,Not verified,No,Built - partial,P2,6,,,,,,,,,Not run,System / Automation,System / Automation,RESTORED_TO_AUTHORED,Authored,,,,No,No,Validated (Supported),Partial,backend/payments/gateway.py:_stable_refund_key; backend/payments/models.py:GatewayRefundOutbox,Idempotency keys are sent for gateway refunds only; other external calls such as WhatsApp or SMS do not carry idempotency tokens.
X-0461,X,Multiple / Cross-persona,Communication & Integrations,External reference ID → BizBoard transaction traceability,In-house Accountant,Auditor,"Bank UTR, payment gateway payment ID, or e-way bill number permanently linked to voucher",Stores external reference string on Payment/Invoice model; searchable across system,P1,Partial,Supported via external_reference_id field indexed across all transaction models.,Baseline,Cross-persona,P1,Restored to authored P1. The previous workbook had P0 after a keyword rebalance.,Partial,"Restored to authored P1. The previous workbook had P0 after a keyword rebalance. Code review 2026-10-04 (agent-reviewed, spot-checked): Partial. UTR and provider payment id are stored on receipts and gateway payments; no common external_reference_id field across all transaction models.",INT,Communication and integrations,,integrations,KERNEL,Core,Cross-persona,Medium,Medium,Low,Later,Partial,Not verified,Not verified,Not verified,Not verified,No,Built - partial,P2,6,,,,,,,,,Not run,Accountant / Finance,Accountant / Finance,RESTORED_TO_AUTHORED,Authored,,,,No,No,Validated (Supported),Partial,backend/payments/models.py:utr; backend/payments/models.py:provider_payment_id,UTR and provider payment id are stored on receipts and gateway payments; no common external_reference_id field across all transaction models.
X-0462,X,Multiple / Cross-persona,Import / Export / Period Close,Import customer master,System Administrator / Accountant,Sales Team,"Bulk import customer contact list, GSTINs, addresses, and credit limits from Excel/CSV",Validates schema and GSTINs; inserts Customer master records in bulk transaction,P1,Partial,Supported via /imports/customers/ with sample template and dry-run preview.,Baseline,Cross-persona,P1,Restored to authored P1. The previous workbook had P0 after a keyword rebalance.,Partial,"Restored to authored P1. The previous workbook had P0 after a keyword rebalance. Code review 2026-10-04 (agent-reviewed, spot-checked): Partial. Bulk customer import with GSTIN validation, preview and duplicate skip exists; credit limit is not imported.",CLOSE,"Import, export, and period close",,accounting,CONTROL,Core,Cross-persona,Medium,Medium,Low,Pilot,Partial,Not verified,Not verified,Not verified,Not verified,No,Built - partial,P1,6,,,,,,,,,Not run,Platform Admin,Platform Admin,RESTORED_TO_AUTHORED,Authored,,,,No,No,Validated (Supported),Partial,backend/imports/services.py:ImportService; backend/imports/services.py:_commit_customers,"Bulk customer import with GSTIN validation, preview and duplicate skip exists; credit limit is not imported."
X-0463,X,Multiple / Cross-persona,Import / Export / Period Close,Import supplier master,System Administrator / Accountant,Purchase Team,"Bulk import vendor directory, GSTINs, payment terms, and contact details from Excel/CSV",Inserts Supplier master records in bulk transaction; flags duplicate vendor GSTINs,P1,Partial,Supported via /imports/suppliers/ with sample CSV template.,Baseline,Cross-persona,P1,Unchanged,Partial,"Code review 2026-10-04 (agent-reviewed, spot-checked): Partial. Supplier import with GSTIN validation and duplicate skip exists; payment terms are not imported.",CLOSE,"Import, export, and period close",,accounting,CONTROL,Core,Cross-persona,Medium,Medium,Low,Pilot,Partial,Not verified,Not verified,Not verified,Not verified,No,Built - partial,P1,6,,,,,,,,,Not run,Platform Admin,Platform Admin,UNCHANGED,Authored,,,,No,No,Validated (Supported),Partial,backend/imports/services.py:ImportService; backend/imports/services.py:_commit_suppliers,Supplier import with GSTIN validation and duplicate skip exists; payment terms are not imported.
X-0464,X,Multiple / Cross-persona,Import / Export / Period Close,Import product master,Catalog Lead / Admin,Sales & Inventory Teams,"Bulk import full product catalog including barcodes, HSN codes, tax rates, and prices",Inserts Product master records in bulk; validates HSN format and pricing consistency,P1,Validated (Supported),Supported via /imports/products/ with multi-warehouse opening stock option.,Baseline,Cross-persona,P1,Unchanged,Code reviewed - confirmed,"Code review 2026-10-04 (agent-reviewed, spot-checked): Confirmed. Product import validates SKU, barcode and HSN and commits all-or-nothing; opening stock handled in same flow.",CLOSE,"Import, export, and period close",,accounting,CONTROL,Core,Cross-persona,Medium,Medium,Low,Pilot,Cited in code,Not verified,Not verified,Not verified,Not verified,No,Built - unverified,P1,6,,,,,,,,,Not run,Platform Admin,Platform Admin,UNCHANGED,Authored,,,,No,No,Validated (Supported),Confirmed,backend/imports/services.py:_commit_products; backend/imports/services.py:_validate_row,"Product import validates SKU, barcode and HSN and commits all-or-nothing; opening stock handled in same flow."
X-0465,X,Multiple / Cross-persona,Import / Export / Period Close,Import opening stock,Inventory Manager / Admin,Auditor,"Upload initial physical stock quantities, batch numbers, and unit purchase valuations",Initializes StockBalance records; creates StockMovement (OPENING_BALANCE); posts to GL,P1,Validated (Supported),Supported via /imports/opening-stock/ with warehouse location tagging.,Baseline,Cross-persona,P1,Unchanged,Code reviewed - confirmed,"Code review 2026-10-04 (agent-reviewed, spot-checked): Confirmed. Opening stock rows create opening movements and balances via InventoryService and post to GL with PostingService.post_opening_stock.",CLOSE,"Import, export, and period close",,accounting,CONTROL,Core,Cross-persona,Medium,Medium,Low,Pilot,Cited in code,Not verified,Not verified,Not verified,Not verified,No,Built - unverified,P1,6,,,,,,,,,Not run,Platform Admin,Platform Admin,UNCHANGED,Authored,,backend/inventory/models.py:StockBalance; backend/inventory/models.py:StockMovement,backend/tests/test_a11_a12_stock_cost.py; backend/tests/test_a4_a5_reporting.py; backend/tests/test_a6_manual_serial_return.py,No,No,Validated (Supported),Confirmed,backend/imports/services.py:_commit_opening_stock; backend/imports/services.py:_post_opening_items; backend/inventory/services.py:InventoryService,Opening stock rows create opening movements and balances via InventoryService and post to GL with PostingService.post_opening_stock.
X-0466,X,Multiple / Cross-persona,Import / Export / Period Close,Import opening customer balances,In-house Accountant,Credit Controller,Upload existing customer credit (khata) balances and unpaid historical bills into system,Initializes opening Accounts Receivable debit balances; establishes opening aging buckets,P1,Partial,Supported via /imports/customer-balances/ with invoice-level opening bill support.,Baseline,Cross-persona,P1,Unchanged,Partial,"Code review 2026-10-04 (agent-reviewed, spot-checked): Partial. Opening receivables load only through the Tally migration path as opening invoices; no customer-balances import kind in the imports module.",CLOSE,"Import, export, and period close",,accounting,CONTROL,Core,Cross-persona,Medium,Medium,Low,Pilot,Partial,Not verified,Not verified,Not verified,Not verified,No,Built - partial,P1,6,,,,,,,,,Not run,Accountant / Finance,Accountant / Finance,UNCHANGED,Authored,,,,No,No,Validated (Supported),Partial,backend/integrations/tally/adapter.py:_create_opening_sales; backend/integrations/tally/adapter.py:parse_tally_masters_rows,Opening receivables load only through the Tally migration path as opening invoices; no customer-balances import kind in the imports module.
X-0467,X,Multiple / Cross-persona,Import / Export / Period Close,Import opening supplier balances,In-house Accountant,Purchase Manager,Upload outstanding supplier liabilities and unpaid historical purchase bills,Initializes opening Accounts Payable credit balances; establishes opening vendor aging,P1,Partial,Supported via /imports/supplier-balances/.,Baseline,Cross-persona,P1,Unchanged,Partial,"Code review 2026-10-04 (agent-reviewed, spot-checked): Partial. Opening payables load only through the Tally migration path; no supplier-balances import kind in the imports module.",CLOSE,"Import, export, and period close",,accounting,CONTROL,Core,Cross-persona,Medium,Medium,Low,Pilot,Partial,Not verified,Not verified,Not verified,Not verified,No,Built - partial,P1,6,,,,,,,,,Not run,Accountant / Finance,Accountant / Finance,UNCHANGED,Authored,,,,No,No,Validated (Supported),Partial,backend/integrations/tally/adapter.py:_create_opening_purchase; backend/integrations/tally/adapter.py:parse_tally_masters_rows,Opening payables load only through the Tally migration path; no supplier-balances import kind in the imports module.
X-0468,X,Multiple / Cross-persona,Import / Export / Period Close,Import historical invoices,System Administrator / Accountant,Auditor,Import previous months' sales invoices for year-to-date GST return and reporting continuity,Loads historical invoices with CLOSED status; populates annual sales reporting dataset,P1,Partial,Supported via /imports/historical-invoices/ with legacy flag.,Baseline,Cross-persona,P1,Unchanged,Partial,"Code review 2026-10-04 (agent-reviewed, spot-checked): Partial. SALES_BILL import creates sales invoices through the normal path; no legacy flag or forced CLOSED status for historical invoices.",CLOSE,"Import, export, and period close",,accounting,CONTROL,Core,Cross-persona,Medium,Medium,Low,Pilot,Partial,Not verified,Not verified,Not verified,Not verified,No,Built - partial,P1,6,,,,,,,,,Not run,Platform Admin,Platform Admin,UNCHANGED,Authored,,,,No,No,Validated (Supported),Partial,backend/imports/services.py:_commit_sales; backend/imports/models.py:ImportJob,SALES_BILL import creates sales invoices through the normal path; no legacy flag or forced CLOSED status for historical invoices.
X-0469,X,Multiple / Cross-persona,Import / Export / Period Close,Import GST data,In-house Accountant,External CA,Import official GSTR-2B or GSTR-1 JSON files downloaded from government GST portal,Parses government JSON format; populates inward/outward tax reconciliation tables,P1,Partial,Supported via /gst/import-json/ supporting standard GST portal schema.,Baseline,Cross-persona,P1,Unchanged,Partial,"Code review 2026-10-04 (agent-reviewed, spot-checked): Partial. GSTR-2B rows can be ingested via upload and offline import; no GSTR-1 JSON import and the schema is not clearly the portal format.",CLOSE,"Import, export, and period close",,accounting,CONTROL,Core,Cross-persona,Medium,Medium,Low,Pilot,Partial,Not verified,Not verified,Not verified,Not verified,No,Built - partial,P1,6,,,,,,,,,Not run,Accountant / Finance,Accountant / Finance,UNCHANGED,Authored,,,,No,No,Validated (Supported),Partial,backend/reporting/views.py:Gstr2bIngestViewSet; backend/reporting/ims_offline.py:import_offline,GSTR-2B rows can be ingested via upload and offline import; no GSTR-1 JSON import and the schema is not clearly the portal format.
X-0470,X,Multiple / Cross-persona,Import / Export / Period Close,Validate imported records,System / Import Engine,Accountant,"Pre-import dry-run validation checking data types, mandatory fields, and foreign keys",Scans uploaded spreadsheet; highlights formatting errors before committing to database,P1,Validated (Supported),Supported via Dry-Run Validation stage in all CSV import wizards.,Baseline,Cross-persona,P1,Unchanged,Code reviewed - confirmed,"Code review 2026-10-04 (agent-reviewed, spot-checked): Confirmed. Upload runs validate to PREVIEWED with per-row errors before commit is allowed.",CLOSE,"Import, export, and period close",,accounting,CONTROL,Core,Cross-persona,Medium,Medium,Low,Pilot,Cited in code,Not verified,Not verified,Not verified,Not verified,No,Built - unverified,P1,6,,,,,,,,,Not run,System / Automation,System / Automation,UNCHANGED,Authored,,,,No,No,Validated (Supported),Confirmed,backend/imports/services.py:ImportService; backend/imports/services.py:_validate_row,Upload runs validate to PREVIEWED with per-row errors before commit is allowed.
X-0471,X,Multiple / Cross-persona,Import / Export / Period Close,Identify duplicate imported records,System / Import Engine,Accountant,"Detect SKUs, phone numbers, or invoice numbers already existing in database during import","Prompts user to skip duplicates, overwrite existing records, or abort import job",P1,Partial,Built-in duplicate resolution prompt during spreadsheet import.,Baseline,Cross-persona,P1,Unchanged,Partial,"Code review 2026-10-04 (agent-reviewed, spot-checked): Partial. Duplicates are detected and skipped with reporting; no prompt to overwrite or abort.",CLOSE,"Import, export, and period close",,accounting,CONTROL,Core,Cross-persona,Medium,Medium,Low,Pilot,Partial,Not verified,Not verified,Not verified,Not verified,No,Built - partial,P1,6,,,,,,,,,Not run,System / Automation,System / Automation,UNCHANGED,Authored,,,,No,No,Validated (Supported),Partial,backend/imports/services.py:_commit_customers; backend/imports/services.py:_validate_row,Duplicates are detected and skipped with reporting; no prompt to overwrite or abort.
X-0472,X,Multiple / Cross-persona,Import / Export / Period Close,Reject invalid records without corrupting valid records,System / Import Engine,Accountant,Process valid rows while cleanly separating invalid rows into downloadable error CSV,Imports valid rows; outputs error spreadsheet with specific column error annotations,P1,Partial,Core resilience invariant: batch imports isolate bad rows without rolling back entire job.,Baseline,Cross-persona,P1,Unchanged,Partial,"Code review 2026-10-04 (agent-reviewed, spot-checked): Partial. Customers, suppliers and opening stock commit valid rows with an error report; products block the whole job on any error.",CLOSE,"Import, export, and period close",,accounting,CONTROL,Core,Cross-persona,Medium,Medium,Low,Pilot,Partial,Not verified,Not verified,Not verified,Not verified,No,Built - partial,P1,6,,,,,,,,,Not run,System / Automation,System / Automation,UNCHANGED,Authored,,,,No,No,Validated (Supported),Partial,backend/imports/services.py:ImportService; backend/imports/views.py:ImportJobViewSet,"Customers, suppliers and opening stock commit valid rows with an error report; products block the whole job on any error."
X-0473,X,Multiple / Cross-persona,Import / Export / Period Close,Export sales data,In-house Accountant / Owner,External CA,"Export complete itemized sales register with customer names, taxes, and payment status",Generates comprehensive Excel/CSV sales export with date range and store filters,P1,Validated (Supported),Supported via /reports/sales-register/ export button.,Baseline,Cross-persona,P1,Unchanged,Code reviewed - confirmed,"Code review 2026-10-04 (agent-reviewed, spot-checked): Confirmed. sales-register export (CSV/XLSX) uses ReportService.sales_register with date, customer and status filters.",CLOSE,"Import, export, and period close",,accounting,CONTROL,Core,Cross-persona,Medium,Medium,Low,Pilot,Cited in code,Not verified,Not verified,Not verified,Not verified,No,Built - unverified,P1,6,,,,,,,,,Not run,Business Owner,Business Owner,UNCHANGED,Authored,,,,No,No,Validated (Supported),Confirmed,backend/reporting/views.py:ExportView; backend/reporting/views.py:EXPORTS,"sales-register export (CSV/XLSX) uses ReportService.sales_register with date, customer and status filters."
X-0474,X,Multiple / Cross-persona,Import / Export / Period Close,Export purchase data,In-house Accountant / Purchase Manager,External CA,"Export itemized purchase register with supplier GSTINs, HSN breakdown, and input tax",Generates Excel/CSV purchase export formatted for accounting and tax audit review,P1,Validated (Supported),Supported via /reports/purchase-register/ export button.,Baseline,Cross-persona,P1,Unchanged,Code reviewed - confirmed,"Code review 2026-10-04 (agent-reviewed, spot-checked): Confirmed. purchase-register export (CSV/XLSX) uses ReportService.purchase_register with date, supplier and status filters.",CLOSE,"Import, export, and period close",,accounting,CONTROL,Core,Cross-persona,Medium,Medium,Low,Pilot,Cited in code,Not verified,Not verified,Not verified,Not verified,No,Built - unverified,P1,6,,,,,,,,,Not run,Accountant / Finance,Accountant / Finance,UNCHANGED,Authored,,,,No,No,Validated (Supported),Confirmed,backend/reporting/views.py:ExportView; backend/reporting/views.py:EXPORTS,"purchase-register export (CSV/XLSX) uses ReportService.purchase_register with date, supplier and status filters."
X-0475,X,Multiple / Cross-persona,Import / Export / Period Close,Export inventory data,Inventory Manager / Accountant,Auditor,"Export full current inventory valuation, batch lots, expiry dates, and warehouse locations",Generates Excel/CSV inventory asset valuation report compliant with accounting standards,P1,Partial,Supported via /inventory/export/ with warehouse breakdown.,Baseline,Cross-persona,P1,Unchanged,Partial,"Code review 2026-10-04 (agent-reviewed, spot-checked): Partial. inventory-summary export exists; batch lot, expiry and warehouse breakdown are not clearly in the export columns.",CLOSE,"Import, export, and period close",,accounting,CONTROL,Core,Cross-persona,Medium,Medium,Low,Pilot,Partial,Not verified,Not verified,Not verified,Not verified,No,Built - partial,P1,6,,,,,,,,,Not run,Accountant / Finance,Accountant / Finance,UNCHANGED,Authored,,,,No,No,Validated (Supported),Partial,backend/reporting/views.py:EXPORTS; backend/reporting/services.py:ReportService,"inventory-summary export exists; batch lot, expiry and warehouse breakdown are not clearly in the export columns."
X-0476,X,Multiple / Cross-persona,Import / Export / Period Close,Export GST data,In-house Accountant,External CA,"Export monthly GSTR-1, GSTR-3B, or CMP-08 worksheets in government offline format",Generates official offline utility JSON and summary Excel workbooks for tax portal upload,P1,Partial,Supported via /gst/export/ with JSON and Excel export options.,Baseline,Cross-persona,P1,Unchanged,Partial,"Code review 2026-10-04 (agent-reviewed, spot-checked): Partial. GSTR-1/3B/CMP-08 worksheets export as XLSX and a flag-gated GSTN-shaped JSON, described as not a portal upload file.",CLOSE,"Import, export, and period close",,accounting,CONTROL,Core,Cross-persona,Medium,Medium,Low,Pilot,Partial,Not verified,Not verified,Not verified,Not verified,No,Built - partial,P1,6,,,,,,,,,Not run,Accountant / Finance,Accountant / Finance,UNCHANGED,Authored,,,,No,No,Validated (Supported),Partial,backend/reporting/views.py:GstReturnView; backend/reporting/gst_returns.py:to_gstn_json; backend/reporting/gst_returns.py:gstr_return_to_xlsx,"GSTR-1/3B/CMP-08 worksheets export as XLSX and a flag-gated GSTN-shaped JSON, described as not a portal upload file."
X-0477,X,Multiple / Cross-persona,Import / Export / Period Close,Export customer ledger,In-house Accountant,Customer / Credit Controller,"Export customer ledger statement showing debit, credit, and running balance history",Generates customer statement PDF and Excel file ready for sharing with client,P1,Partial,Supported via /sales/customers/{id}/statement/ export.,Baseline,Cross-persona,P1,Unchanged,Partial,"Code review 2026-10-04 (agent-reviewed, spot-checked): Partial. Customer statement with running balance is served as data; no PDF or Excel statement export found.",CLOSE,"Import, export, and period close",,accounting,CONTROL,Core,Cross-persona,Medium,Medium,Low,Pilot,Partial,Not verified,Not verified,Not verified,Not verified,No,Built - partial,P1,6,,,,,,,,,Not run,Accountant / Finance,Accountant / Finance,UNCHANGED,Authored,,,,No,No,Validated (Supported),Partial,backend/ledgers/services.py:LedgerService; backend/ledgers/views.py:CustomerLedgerDetailView,Customer statement with running balance is served as data; no PDF or Excel statement export found.
X-0478,X,Multiple / Cross-persona,Import / Export / Period Close,Export supplier ledger,In-house Accountant,Supplier,"Export supplier ledger statement showing purchase bills, debit notes, and payments",Generates supplier statement PDF and Excel file ready for sharing with vendor,P1,Partial,Supported via /purchases/suppliers/{id}/statement/ export.,Baseline,Cross-persona,P1,Unchanged,Partial,"Code review 2026-10-04 (agent-reviewed, spot-checked): Partial. Supplier statement is served as data; no PDF or Excel statement export found.",CLOSE,"Import, export, and period close",,accounting,CONTROL,Core,Cross-persona,Medium,Medium,Low,Pilot,Partial,Not verified,Not verified,Not verified,Not verified,No,Built - partial,P1,6,,,,,,,,,Not run,Accountant / Finance,Accountant / Finance,UNCHANGED,Authored,,,,No,No,Validated (Supported),Partial,backend/ledgers/services.py:LedgerService; backend/ledgers/views.py:SupplierLedgerDetailView,Supplier statement is served as data; no PDF or Excel statement export found.
X-0479,X,Multiple / Cross-persona,Import / Export / Period Close,Export accounting data,In-house Accountant,External CA (Tally Operator),"Export full double-entry general ledger, Trial Balance, and voucher entries",Generates Tally-compatible XML voucher export and comprehensive Excel Trial Balance,P1,Partial,Supported via /accounting/export/tally-xml/.,Baseline,Cross-persona,P1,Unchanged,Partial,"Code review 2026-10-04 (agent-reviewed, spot-checked): Partial. Trial balance exports to XLSX; Tally XML covers only open sales invoices and masters, not a full ledger voucher export.",CLOSE,"Import, export, and period close",,accounting,CONTROL,Core,Cross-persona,Medium,Medium,Low,Pilot,Partial,Not verified,Not verified,Not verified,Not verified,No,Built - partial,P1,6,,,,,,,,,Not run,Accountant / Finance,Accountant / Finance,UNCHANGED,Authored,Duplicate of P-0111; Same task as P-0111,,,No,No,Validated (Supported),Partial,backend/accounting/views.py:AccountingReportView; backend/integrations/tally/adapter.py:_vouchers_xml,"Trial balance exports to XLSX; Tally XML covers only open sales invoices and masters, not a full ledger voucher export."
X-0480,X,Multiple / Cross-persona,Import / Export / Period Close,Imported data becomes available to downstream modules,System / Data Engine,All Users,"Imported customers, products, and balances immediately accessible across billing and stock",Refreshes search caches; enables newly imported entities across all transactional screens,P1,Validated (Supported),Core system invariant: imported entities immediately queryable across all application views.,Baseline,Cross-persona,P1,Unchanged,Code reviewed - confirmed,"Code review 2026-10-04 (agent-reviewed, spot-checked): Confirmed. Imports write directly to Customer, Product and opening-stock tables, so entities are queryable by all modules; no cache refresh needed.",CLOSE,"Import, export, and period close",,accounting,CONTROL,Core,Cross-persona,Medium,Medium,Low,Pilot,Cited in code,Not verified,Not verified,Not verified,Not verified,No,Built - unverified,P1,6,,,,,,,,,Not run,System / Automation,System / Automation,UNCHANGED,Authored,,,,No,No,Validated (Supported),Confirmed,backend/imports/services.py:_commit_customers; backend/imports/services.py:_commit_products,"Imports write directly to Customer, Product and opening-stock tables, so entities are queryable by all modules; no cache refresh needed."
X-0481,X,Multiple / Cross-persona,Import / Export / Period Close,Exported data reconciles with on-screen business data,In-house Accountant,Auditor,Exported spreadsheets match figures and balances displayed on dashboard screens to the rupee,Guarantees exact numerical alignment between on-screen dashboards and exported files,P1,Validated (Supported),Core reporting invariant: exported datasets generated from identical database queries as UI.,Baseline,Cross-persona,P1,Unchanged,Code reviewed - confirmed,"Code review 2026-10-04 (agent-reviewed, spot-checked): Confirmed. Exports call the same ReportService.sales_register/purchase_register methods that the register screens use.",CLOSE,"Import, export, and period close",,accounting,CONTROL,Core,Cross-persona,Medium,Medium,Low,Pilot,Cited in code,Not verified,Not verified,Not verified,Not verified,No,Built - unverified,P1,6,,,,,,,,,Not run,Accountant / Finance,Accountant / Finance,UNCHANGED,Authored,,,,No,No,Validated (Supported),Confirmed,backend/reporting/views.py:ExportView; backend/reporting/services.py:ReportService,Exports call the same ReportService.sales_register/purchase_register methods that the register screens use.
X-0482,X,Multiple / Cross-persona,Import / Export / Period Close,Cashier closes day's sales,Store Cashier,Store Manager,Formal end-of-shift register closing locking daily sales and printing cashier shift summary,Locks daily till shift; prints shift summary slip detailing total sales and payment splits,P1,Mechanism not found,Supported via /pos/shift-close workflow.,Baseline,Cross-persona,P1,Unchanged,Mechanism not found,"Code review 2026-10-04 (agent-reviewed, spot-checked): Contradicted. No POS shift or day-close model, view or screen exists in code.",CLOSE,"Import, export, and period close",,accounting,CONTROL,Core,Cross-persona,Medium,Medium,Low,Pilot,Not in code,Not verified,Not verified,Not verified,Not verified,No,Gap,P1,6,,,,,,,,,Not run,Accountant / Finance,Accountant / Finance,UNCHANGED,Authored,,,,No,No,Validated (Supported),Contradicted,"none found: searched shift close, ShiftClose, z-report, shift in backend and web/src/pages/pos","No POS shift or day-close model, view or screen exists in code."
X-0483,X,Multiple / Cross-persona,Import / Export / Period Close,Cashier reconciles cash,Store Cashier,Store Manager,Count physical currency denominations in cash drawer and compare against system expected cash,Records denomination breakdown; calculates cash overage or shortage variance,P1,Partial,Supported via Cash Denomination Counter on shift close screen. | Drift check 2026-10-05: Cash shift register with denominations and close exists in accounting/cash_shifts.py,Baseline,Cross-persona,P1,Unchanged,Mechanism not found,"Code review 2026-10-04 (agent-reviewed, spot-checked): Contradicted. No cash denomination counter or shift variance calculation exists.",CLOSE,"Import, export, and period close",,accounting,CONTROL,Core,Cross-persona,Medium,Medium,Low,Pilot,Not in code,Not verified,Not verified,Not verified,Not verified,No,Built - partial,P1,6,,,,,,,,,Not run,Accountant / Finance,Accountant / Finance,UNCHANGED,Authored,,,,No,No,Validated (Supported),Contradicted,"none found: searched denomination, cash drawer, shift in backend and web/src",No cash denomination counter or shift variance calculation exists.
X-0484,X,Multiple / Cross-persona,Import / Export / Period Close,Digital payments are reconciled,Store Cashier / Accountant,Store Manager,Verify UPI and card terminal settlement slips against POS digital payment totals,Cross-checks EDC card swipe machine totals and UPI settlement against system payment records,P1,Mechanism not found,Supported via Digital Settlement Reconciliation step on shift close.,Baseline,Cross-persona,P1,Unchanged,Mechanism not found,"Code review 2026-10-04 (agent-reviewed, spot-checked): Contradicted. No POS card/UPI settlement reconciliation step on a shift close exists.",CLOSE,"Import, export, and period close",,accounting,CONTROL,Core,Cross-persona,Medium,Medium,Low,Pilot,Not in code,Not verified,Not verified,Not verified,Not verified,No,Gap,P1,6,,,,,,,,,Not run,Accountant / Finance,Accountant / Finance,UNCHANGED,Authored,,,,No,No,Validated (Supported),Contradicted,"none found: searched shift, settlement reconciliation, EDC in backend and web/src/pages/pos",No POS card/UPI settlement reconciliation step on a shift close exists.
X-0485,X,Multiple / Cross-persona,Import / Export / Period Close,Owner reviews daily sales,Business Owner,Store Managers,"Review daily store performance, total revenue, bill count, and cash collected at day end",Displays daily closing executive summary card on mobile app; sends daily WhatsApp digest,P1,Validated (Supported),Supported via Daily Closing Summary card and automated owner WhatsApp report.,Baseline,Cross-persona,P1,Unchanged,Code symbol found,Matched WhatsApp in product code. This is not a functional test.,CLOSE,"Import, export, and period close",,accounting,CONTROL,Core,Cross-persona,Medium,Medium,Low,Pilot,Cited in code,Not verified,Not verified,Not verified,Not verified,No,Built - unverified,P1,6,,,,,,,,,Not run,Business Owner,Business Owner,UNCHANGED,Authored,,,,No,No,,,,
X-0486,X,Multiple / Cross-persona,Import / Export / Period Close,Owner reviews daily gross margin,Business Owner,Accountant,Inspect realized gross margin earned on today's business to verify profitability,Computes today's realized gross profit = SUM(Line Price - Line FIFO Cost) across all sales,P1,Partial,Supported via Daily Margin Snapshot on Owner Executive Dashboard.,Baseline,Cross-persona,P1,Unchanged,Partial,"Code review 2026-10-04 (agent-reviewed, spot-checked): Partial. Realised margin (revenue minus COGS) is stored per invoice and rolled up by date range; the dashboard has no daily margin snapshot.",CLOSE,"Import, export, and period close",,accounting,CONTROL,Core,Cross-persona,Medium,Medium,Low,Pilot,Partial,Not verified,Not verified,Not verified,Not verified,No,Built - partial,P1,6,,,,,,,,,Not run,Business Owner,Business Owner,UNCHANGED,Authored,,,,No,No,Validated (Supported),Partial,backend/reporting/invoice_profit_service.py; backend/reporting/views.py:InvoiceProfitRollupView; backend/reporting/services.py:ReportService,Realised margin (revenue minus COGS) is stored per invoice and rolled up by date range; the dashboard has no daily margin snapshot.
X-0487,X,Multiple / Cross-persona,Import / Export / Period Close,Owner reviews outstanding collections,Business Owner,Credit Controller,Review debt collections deposited today against overall accounts receivable target,Summarizes total customer payments collected today; updates month-to-date collection target,P1,Partial,Supported via Daily Collections Summary widget.,Baseline,Cross-persona,P1,Unchanged,Partial,"Code review 2026-10-04 (agent-reviewed, spot-checked): Partial. Day book shows PAYMENT_IN inflow for a date; no collections summary widget or month-to-date collection target.",CLOSE,"Import, export, and period close",,accounting,CONTROL,Core,Cross-persona,Medium,Medium,Low,Pilot,Partial,Not verified,Not verified,Not verified,Not verified,No,Built - partial,P1,6,,,,,,,,,Not run,Business Owner,Business Owner,UNCHANGED,Authored,,,,No,No,Validated (Supported),Partial,backend/reporting/transactions.py:day_book; backend/reporting/services.py:ReportService,Day book shows PAYMENT_IN inflow for a date; no collections summary widget or month-to-date collection target.
X-0488,X,Multiple / Cross-persona,Import / Export / Period Close,Owner reviews inventory movements,Business Owner,Warehouse Custodian,"Inspect daily stock summary: inward supplier receipts, outward sales, and transfer movements","Renders summary of total units received, units sold, and transfer movements executed today",P1,Mechanism not found,Supported via Daily Inventory Movement Summary report.,Baseline,Cross-persona,P1,Unchanged,Mechanism not found,"Code review 2026-10-04 (agent-reviewed, spot-checked): Contradicted. Only a raw stock-movement list exists; no daily received/sold/transferred summary report found.",CLOSE,"Import, export, and period close",,accounting,CONTROL,Core,Cross-persona,Medium,Medium,Low,Pilot,Not in code,Not verified,Not verified,Not verified,Not verified,No,Gap,P1,6,,,,,,,,,Not run,Business Owner,Business Owner,UNCHANGED,Authored,,,,No,No,Validated (Supported),Contradicted,backend/inventory/views.py:StockMovementViewSet,Only a raw stock-movement list exists; no daily received/sold/transferred summary report found.
X-0489,X,Multiple / Cross-persona,Import / Export / Period Close,Owner reviews exceptions,Business Owner,Store Managers,"Review operational anomalies logged during the day: bill cancellations, discounts, shortages",Displays AttentionRowState exception feed requiring owner review or acknowledgement,P1,Partial,Supported via Attention / Exception Feed on Owner Dashboard.,Baseline,Cross-persona,P1,Unchanged,Partial,"Code review 2026-10-04 (agent-reviewed, spot-checked): Partial. Attention feed with dismiss/snooze exists, but rows cover GST, overdue, expiry and similar items, not cancellations, discounts or shortages.",CLOSE,"Import, export, and period close",,accounting,CONTROL,Core,Cross-persona,Medium,Medium,Low,Pilot,Partial,Not verified,Not verified,Not verified,Not verified,No,Built - partial,P1,6,,,,,,,,,Not run,Business Owner,Business Owner,UNCHANGED,Authored,,backend/insights/models.py:AttentionRowState,backend/tests/test_attention_outcomes.py; backend/tests/test_b05_attention.py,No,No,Validated (Supported),Partial,backend/insights/models.py:AttentionRowState; backend/insights/attention.py:build_attention_rows,"Attention feed with dismiss/snooze exists, but rows cover GST, overdue, expiry and similar items, not cancellations, discounts or shortages."
X-0490,X,Multiple / Cross-persona,Import / Export / Period Close,Accountant reconciles sales,In-house Accountant,Billing Team,Verify that all completed sales invoices match sales register and general ledger postings,"Cross-checks invoice subtotal, taxes, and round-offs against Sales Revenue GL account",P1,Partial,Supported via Sales Reconciliation Report (/accounting/reconcile-sales/).,Baseline,Cross-persona,P1,Unchanged,Partial,"Code review 2026-10-04 (agent-reviewed, spot-checked): Partial. DOCS_GL_AR_MISMATCH compares invoice outstanding to GL AR; no sales revenue, tax and round-off reconciliation report.",CLOSE,"Import, export, and period close",,accounting,CONTROL,Core,Cross-persona,Medium,Medium,Low,Pilot,Partial,Not verified,Not verified,Not verified,Not verified,No,Built - partial,P1,6,,,,,,,,,Not run,Accountant / Finance,Accountant / Finance,UNCHANGED,Authored,,,,No,No,Validated (Supported),Partial,backend/accounting/services.py:BooksHealthService; backend/accounting/services.py:control_balances,"DOCS_GL_AR_MISMATCH compares invoice outstanding to GL AR; no sales revenue, tax and round-off reconciliation report."
X-0491,X,Multiple / Cross-persona,Import / Export / Period Close,Accountant reconciles purchases,In-house Accountant,Purchase Manager,Verify that all supplier bills match inventory receipts and Accounts Payable ledger postings,Cross-checks purchase bill totals against Inventory Asset / Expense accounts in GL,P1,Partial,Supported via Purchase Reconciliation Report (/accounting/reconcile-purchases/).,Baseline,Cross-persona,P1,Unchanged,Partial,"Code review 2026-10-04 (agent-reviewed, spot-checked): Partial. DOCS_GL_AP_MISMATCH compares bills to GL AP; no check against inventory asset or expense accounts.",CLOSE,"Import, export, and period close",,accounting,CONTROL,Core,Cross-persona,Medium,Medium,Low,Pilot,Partial,Not verified,Not verified,Not verified,Not verified,No,Built - partial,P1,6,,,,,,,,,Not run,Accountant / Finance,Accountant / Finance,UNCHANGED,Authored,,,,No,No,Validated (Supported),Partial,backend/accounting/services.py:BooksHealthService; backend/accounting/services.py:control_balances,DOCS_GL_AP_MISMATCH compares bills to GL AP; no check against inventory asset or expense accounts.
X-0492,X,Multiple / Cross-persona,Import / Export / Period Close,Accountant reconciles payments,In-house Accountant,Cashier,"Ensure all cash, UPI, and bank collections reconcile with bank statements and till balances",Performs daily payment reconciliation; verifies clearing accounts balance to zero,P1,Partial,Supported via Payment Clearing Reconciliation dashboard.,Baseline,Cross-persona,P1,Unchanged,Partial,"Code review 2026-10-04 (agent-reviewed, spot-checked): Partial. Bank reconciliation sessions and advance-vs-GL checks exist; no daily payment clearing-account-to-zero reconciliation.",CLOSE,"Import, export, and period close",,accounting,CONTROL,Core,Cross-persona,Medium,Medium,Low,Pilot,Partial,Not verified,Not verified,Not verified,Not verified,No,Built - partial,P1,6,,,,,,,,,Not run,Accountant / Finance,Accountant / Finance,UNCHANGED,Authored,,,,No,No,Validated (Supported),Partial,backend/accounting/views.py:BankReconSessionViewSet; backend/accounting/services.py:BooksHealthService,Bank reconciliation sessions and advance-vs-GL checks exist; no daily payment clearing-account-to-zero reconciliation.
X-0493,X,Multiple / Cross-persona,Import / Export / Period Close,Period closing prevents unauthorized historical modification,In-house Accountant / Admin,Auditor,"Locking financial accounting period prevents back-dated edits, deletions, or new vouchers",Sets AccountingPeriod.is_closed=True; API blocks any transaction creation with date in closed period,P1,Validated (Supported),Core compliance invariant: closed accounting periods strictly reject new or amended vouchers.,Baseline,Cross-persona,P1,Unchanged,Code reviewed - confirmed,"Code review 2026-10-04 (agent-reviewed, spot-checked): Confirmed. Period status CLOSED/SOFT_CLOSED (not an is_closed field) blocks posting and money amends via the shared guard.",CLOSE,"Import, export, and period close",,accounting,CONTROL,Core,Cross-persona,Medium,Medium,Low,Pilot,Cited in code,Not verified,Not verified,Not verified,Not verified,No,Built - unverified,P1,6,,,,,,,,,Not run,Platform Admin,Platform Admin,UNCHANGED,Authored,,backend/accounting/models.py:AccountingPeriod,backend/tests/test_a10_period_centralization.py; backend/tests/test_audit_p0_decisions.py; backend/tests/test_cft_checklist.py,No,No,Validated (Supported),Confirmed,backend/accounting/models.py:AccountingPeriod; backend/reporting/gst_periods.py:assert_period_allows_money_amend; backend/accounting/views.py:PeriodViewSet,Period status CLOSED/SOFT_CLOSED (not an is_closed field) blocks posting and money amends via the shared guard.
X-0494,X,Multiple / Cross-persona,Import / Export / Period Close,Period reports remain reproducible,In-house Accountant,Statutory Auditor,Financial statements for closed periods produce identical numbers upon future re-generation,"Guarantees that historical P&L, Balance Sheet, and GST returns remain 100% reproducible",P1,Partial,Core accounting invariant: locked historical periods guarantee reproducible financial statements.,Baseline,Cross-persona,P1,Unchanged,Partial,"Code review 2026-10-04 (agent-reviewed, spot-checked): Partial. Period locks stop back-dated postings and GST returns get hashed snapshots; no stored snapshot of P&L or balance sheet.",CLOSE,"Import, export, and period close",,accounting,CONTROL,Core,Cross-persona,Medium,Medium,Low,Pilot,Partial,Not verified,Not verified,Not verified,Not verified,No,Built - partial,P1,6,,,,,,,,,Not run,Accountant / Finance,Accountant / Finance,UNCHANGED,Authored,,,,No,No,Validated (Supported),Partial,backend/reporting/gst_returns.py:persist_snapshot; backend/reporting/gst_periods.py:assert_period_allows_money_amend,Period locks stop back-dated postings and GST returns get hashed snapshots; no stored snapshot of P&L or balance sheet.
P-0495,P,Delivery Driver / Route Logistics,"Operations, Fleet & Delivery",Receive daily dispatch manifest and loaded vehicle stock,Delivery Driver,Logistics Dispatcher,Driver accepts assigned delivery route manifest and verifies physical vehicle parcel count,Updates DispatchRun status to OUT_FOR_DELIVERY; transfers custody of goods to driver,P1,Partial,Supported via Driver Mobile PWA (/operations/driver/); displays sequential stop manifest.,Baseline,Operational role,P1,Unchanged,Partial,"Code review 2026-10-04 (agent-reviewed, spot-checked): Partial. Route can be started to IN_TRANSIT with ordered stops; no DispatchRun, OUT_FOR_DELIVERY status or driver PWA.",FLEET,Fleet and delivery,,sales,RUN,Core,Driver,Medium,Medium,Low,Pilot,Partial,Not verified,Not verified,Not verified,Not verified,No,Built - partial,P1,6,,,,,,,,,Not run,Logistics & Delivery,Logistics & Delivery,UNCHANGED,Authored,,,,No,No,Validated (Supported),Partial,backend/sales/models.py:DeliveryRoute; backend/sales/route_service.py,"Route can be started to IN_TRANSIT with ordered stops; no DispatchRun, OUT_FOR_DELIVERY status or driver PWA."
P-0496,P,Delivery Driver / Route Logistics,"Operations, Fleet & Delivery",Navigate multi-drop route using mobile PWA,Delivery Driver,None,Driver navigates sequential retail drops using turn-by-turn map integration,Tracks live vehicle delivery progress and timestamps arrival at each customer premise,P2,Partial,Supported in Driver PWA with Google Maps / OSM routing link per stop.,Baseline,Operational role,P2,Unchanged,Partial,"Code review 2026-10-04 (agent-reviewed, spot-checked): Partial. Stops have sequence and delivered_at timestamp; no per-stop map or turn-by-turn navigation link.",FLEET,Fleet and delivery,,sales,RUN,Core,Driver,Medium,Medium,Low,Later,Partial,Not verified,Not verified,Not verified,Not verified,No,Built - partial,P2,6,,,,,,,,,Not run,Logistics & Delivery,Logistics & Delivery,UNCHANGED,Authored,,,,No,No,Validated (Supported),Partial,backend/sales/models.py:DeliveryRouteStop; web/src/pages/sales/DeliveryRoutesPage.tsx,Stops have sequence and delivered_at timestamp; no per-stop map or turn-by-turn navigation link.
P-0497,P,Delivery Driver / Route Logistics,"Operations, Fleet & Delivery",Hand over goods and verify carton/box count with retailer,Delivery Driver,Retail Merchant,Physical verification of delivered parcels against Delivery Challan at customer shop,Verifies parcel count and package integrity before obtaining receipt signature,P1,Mechanism not found,Supported via stop-level parcel verification checklist on mobile screen.,Baseline,Operational role,P1,Unchanged,Mechanism not found,"Code review 2026-10-04 (agent-reviewed, spot-checked): Contradicted. No parcel or carton count verification checklist at stop level.",FLEET,Fleet and delivery,,sales,RUN,Core,Driver,Medium,Medium,Low,Pilot,Not in code,Not verified,Not verified,Not verified,Not verified,No,Gap,P1,6,,,,,,,,,Not run,Logistics & Delivery,Logistics & Delivery,UNCHANGED,Authored,,,,No,No,Validated (Supported),Contradicted,"none found: searched parcel count, carton verification in backend/sales and DeliveryRoutesPage",No parcel or carton count verification checklist at stop level.
P-0498,P,Delivery Driver / Route Logistics,"Operations, Fleet & Delivery",Capture Proof of Delivery (POD) via customer digital signature or OTP,Delivery Driver,Retail Merchant,Legally indisputable proof of physical delivery captured on mobile screen,Uploads digital signature image or validates 4-digit customer SMS OTP; marks stop DELIVERED,P1,Partial,Supported via HTML5 signature canvas or customer delivery OTP verification.,Baseline,Operational role,P1,Unchanged,Partial,"Code review 2026-10-04 (agent-reviewed, spot-checked): Partial. POD stores received-by name, photo and entered OTP and marks stop DELIVERED; OTP is not validated against SMS and no signature canvas.",FLEET,Fleet and delivery,,sales,RUN,Core,Driver,Medium,Medium,Low,Pilot,Partial,Not verified,Not verified,Not verified,Not verified,No,Built - partial,P1,6,,,,,,,,,Not run,Logistics & Delivery,Logistics & Delivery,UNCHANGED,Authored,,,,No,No,Validated (Supported),Partial,backend/sales/models.py:DeliveryRouteStop; backend/sales/route_service.py,"POD stores received-by name, photo and entered OTP and marks stop DELIVERED; OTP is not validated against SMS and no signature canvas."
P-0499,P,Delivery Driver / Route Logistics,"Operations, Fleet & Delivery",Record partial delivery rejection on-the-spot (damaged/refused boxes),Delivery Driver,Retail Merchant,Accurate logging of items rejected by customer at doorstep with mandatory photo capture,Creates partial delivery note; generates return transit movement back to godown,P1,Partial,Supported via Delivery Exception workflow with camera photo attachment.,Baseline,Operational role,P1,Unchanged,Partial,"Code review 2026-10-04 (agent-reviewed, spot-checked): Partial. Stop can be FAILED or RETURNED and challan returns exist; no partial-rejection note with mandatory photo or auto transit movement.",FLEET,Fleet and delivery,,sales,RUN,Core,Driver,Medium,Medium,Low,Pilot,Partial,Not verified,Not verified,Not verified,Not verified,No,Built - partial,P1,6,,,,,,,,,Not run,Logistics & Delivery,Logistics & Delivery,UNCHANGED,Authored,,,,No,No,Validated (Supported),Partial,backend/sales/route_service.py; backend/sales/models.py:DeliveryChallanReturn,Stop can be FAILED or RETURNED and challan returns exist; no partial-rejection note with mandatory photo or auto transit movement.
P-0500,P,Delivery Driver / Route Logistics,"Operations, Fleet & Delivery",Collect Cash-on-Delivery (COD) or UPI payment from customer,Delivery Driver,Customer,Driver collects cash or displays dynamic UPI QR on driver phone to settle invoice,Creates DriverPaymentReceipt; records driver cash liability; updates invoice payment status,P1,Partial,Supported via mobile UPI QR generator and driver cash collection ledger.,Baseline,Operational role,P1,Unchanged,Partial,"Code review 2026-10-04 (agent-reviewed, spot-checked): Partial. Stop can link a customer receipt and a UPI URI builder exists; no DriverPaymentReceipt or driver cash liability ledger.",FLEET,Fleet and delivery,,sales,RUN,Core,Driver,Medium,Medium,Low,Pilot,Partial,Not verified,Not verified,Not verified,Not verified,No,Built - partial,P1,6,,,,,,,,,Not run,Logistics & Delivery,Logistics & Delivery,UNCHANGED,Authored,,,,No,No,Validated (Supported),Partial,backend/sales/models.py:DeliveryRouteStop; web/src/utils/upi.ts:buildUpiUri,Stop can link a customer receipt and a UPI URI builder exists; no DriverPaymentReceipt or driver cash liability ledger.
P-0501,P,Delivery Driver / Route Logistics,"Operations, Fleet & Delivery",Reconcile daily route collections and return unsold/rejected stock to godown,Delivery Driver,Cashier / Godown Keeper,Driver hands over collected cash to cashier and returns rejected boxes to warehouse,Reconciles driver cash envelope against system collections; restores returned stock to bins,P1,Mechanism not found,Supported via Route Close & Driver Reconciliation screen (/operations/driver-settlement/).,Baseline,Operational role,P1,Unchanged,Mechanism not found,"Code review 2026-10-04 (agent-reviewed, spot-checked): Contradicted. No driver cash reconciliation or route-close settlement screen exists.",FLEET,Fleet and delivery,,sales,RUN,Core,Driver,Medium,Medium,Low,Pilot,Not in code,Not verified,Not verified,Not verified,Not verified,No,Gap,P1,6,,,,,,,,,Not run,Logistics & Delivery,Logistics & Delivery,UNCHANGED,Authored,,,,No,No,Validated (Supported),Contradicted,"none found: searched driver settlement, DriverPaymentReceipt, DispatchRun",No driver cash reconciliation or route-close settlement screen exists.
P-0502,P,External CA / Statutory Auditor,Reporting & Business Intelligence,"Review Trial Balance, P&L, and Balance Sheet in Schedule III format",External CA / Auditor,Managing Proprietor,Statutory review of company financial statements aligned to Indian Accounting Standards,"Generates multi-period comparative Trial Balance, Profit & Loss, and Balance Sheet",P1,Partial,"Supported via /accounting/reports/ (Trial Balance, P&L, Balance Sheet) with Schedule III grouping.",Baseline,Operational role,P1,Unchanged,Partial,"Code review 2026-10-04 (agent-reviewed, spot-checked): Partial. TB, P&L, balance sheet exist; Schedule III grouping is only referenced for cash flow, no multi-period comparatives.",RPT,Reporting and business intelligence,,reporting,CONTROL,Core,Accountant,Medium,Medium,Low,Pilot,Partial,Not verified,Not verified,Not verified,Not verified,No,Built - partial,P1,6,,,,,,,,,Not run,External CA / Auditor,External CA / Auditor,UNCHANGED,Authored,,,,No,No,Validated (Supported),Partial,backend/accounting/reports.py:trial_balance; backend/accounting/reports.py:profit_and_loss; backend/accounting/reports.py:balance_sheet,"TB, P&L, balance sheet exist; Schedule III grouping is only referenced for cash flow, no multi-period comparatives."
P-0503,P,External CA / Statutory Auditor,GST / Tax / Compliance,Audit 2A/2B vs Books reconciliation and verify eligible vs blocked ITC,External CA / Auditor,In-house Accountant,Independent verification of Input Tax Credit claims; segregates Section 17(5) blocked credits,Validates tax return audit trail; prevents tax demand notices and penalty interest under Sec 50,P0,Partial,"Supported via GSTR-2B Automated Matcher with Section 17(5) blocked credit classification. | Decision 2026-10-04 (delegated, quality-first): Build in MVP (3 days). Section 17(5) blocked-credit classification in the 2A/2B reconciliation. | Truth 2026-10-05 (WI-019): Partial. Blocked-credit classification is not added to the existing reporting/gstr2b.py reconciliation of uploaded 2B files; it only scores caller-supplied rows via /plan/gstr2b/score/ with a caller-supplied blocked_credit flag. The blocked-credit rule table and a standalone scorer exist but are not wired into the uploaded-2B reconciliation.",Baseline,Operational role,P0,Unchanged,Partial,"Code review 2026-10-04 (agent-reviewed, spot-checked): Partial. 2B matching and eligible/ineligible flags exist, but no Section 17(5) blocked-credit classification.",GST,GST and tax compliance,,accounting,CONTROL,Core,Accountant,Critical,High,High,MVP,Partial,Not verified,Not verified,Not verified,Not verified,No,Built - partial,P0,27,,,3,,,backend/tests/snapshots/test_gstr2b_and_pdf.py::test_gstr2b_reconciliation_snapshot; backend/tests/test_b03_ims.py::test_reject_splits_ineligible_tax_to_cogs_when_goods_already_sold; backend/tests/test_planwave_finish.py::test_2b_blocked_invoice_is_not_eligible,2026-10-05,pytest full suite on SQLite (agent run 2026-10-05); human review pending,Partial,External CA / Auditor,External CA / Auditor,UNCHANGED,Authored,,backend/planwave/finish.py:score_2b_rows; backend/planwave/services.py:blocked_credit_match; backend/planwave/models.py:BlockedCreditRule,,No,No,Validated (Supported),Partial,backend/reporting/gstr2b.py:match_gstr2b_to_purchases; backend/purchases/models.py:ItcEligibility,"2B matching and eligible/ineligible flags exist, but no Section 17(5) blocked-credit classification."
P-0504,P,External CA / Statutory Auditor,GST / Tax / Compliance,Verify TDS Section 194Q and TCS Section 206C(1H) statutory deduction compliance,External CA / Auditor,In-house Accountant,Confirm that cumulative threshold (> ₹50 Lakhs) TDS/TCS withholdings match statutory rates,Generates TDS/TCS Audit Ledger verifying vendor PAN active status and quarterly challans,P1,Partial,Supported via TDS/TCS Withholding Summary Report (/accounting/reports/tds-tcs/).,Baseline,Operational role,P1,Unchanged,Partial,"Code review 2026-10-04 (agent-reviewed, spot-checked): Partial. TDS/TCS worksheets list deductions; no 194Q 50-lakh threshold test, PAN status verification or challan checks.",GST,GST and tax compliance,,accounting,CONTROL,Core,Accountant,Critical,High,High,Pilot,Partial,Not verified,Not verified,Not verified,Not verified,No,Built - partial,P1,27,,,,,,,,,Not run,External CA / Auditor,External CA / Auditor,UNCHANGED,Authored,,,,No,No,Validated (Supported),Partial,backend/reporting/tds_worksheets.py:tds_worksheet_rows; backend/reporting/tds_worksheets.py:tcs_worksheet_rows,"TDS/TCS worksheets list deductions; no 194Q 50-lakh threshold test, PAN status verification or challan checks."
P-0505,P,External CA / Statutory Auditor,Finance & Fixed Assets,Inspect Depreciation Schedule and Fixed Assets Register under Income Tax / Companies Act,External CA / Auditor,In-house Accountant,"Verify fixed asset capitalization, additions, disposals, and dual-rate depreciation schedules",Validates WDV and SLM depreciation calculations; matches net block with balance sheet assets,P1,Validated (Supported),Supported via Fixed Assets Register and Depreciation Engine (/accounting/fixed-assets/).,Baseline,Operational role,P1,Unchanged,Code reviewed - confirmed,"Code review 2026-10-04 (agent-reviewed, spot-checked): Confirmed. FixedAsset supports SLM and WDV methods, disposal, accumulated depreciation and scheduled monthly posting.",FA,Finance and fixed assets,,accounting,CONTROL,Core,Accountant,Critical,High,High,Pilot,Cited in code,Not verified,Not verified,Not verified,Not verified,No,Built - unverified,P1,27,,,,,,,,,Not run,External CA / Auditor,External CA / Auditor,UNCHANGED,Authored,,,,No,No,Validated (Supported),Confirmed,backend/accounting/models.py:FixedAsset; backend/accounting/tasks.py:FixedAsset,"FixedAsset supports SLM and WDV methods, disposal, accumulated depreciation and scheduled monthly posting."
P-0506,P,External CA / Statutory Auditor,GST / Tax / Compliance,Validate GSTR-9 annual return computation and reconciliation with audited financials,External CA / Auditor,In-house Accountant,Compile GSTR-9 Annual Return and GSTR-9C reconciliation statement from source vouchers,Compares audited P&L turnover with GSTR-1 outward taxable supplies; explains variances,P1,Partial,Supported via GSTR-9 Annual Worksheet compiler in gst module.,Baseline,Operational role,P1,Unchanged,Partial,"Code review 2026-10-04 (agent-reviewed, spot-checked): Partial. GSTR-9 builder exists; no GSTR-9C or reconciliation against audited P&L turnover.",GST,GST and tax compliance,,accounting,CONTROL,Core,Accountant,Critical,High,High,Pilot,Partial,Not verified,Not verified,Not verified,Not verified,No,Built - partial,P1,27,,,,,,,,,Not run,External CA / Auditor,External CA / Auditor,UNCHANGED,Authored,,,,No,No,Validated (Supported),Partial,backend/reporting/gst_returns.py:build_gstr9,GSTR-9 builder exists; no GSTR-9C or reconciliation against audited P&L turnover.
P-0507,P,External CA / Statutory Auditor,Security / Exception / Recovery,Audit MCA mandated immutable audit trail (Rule 11(g) Companies Audit Rules),Statutory Auditor,Managing Proprietor,"Verify that accounting software maintains unbroken, tamper-proof edit logs without disabled periods",Generates Audit Trail Certification Report proving edit logging was active throughout FY,P0,Partial,"Core compliance invariant: Django SimpleHistory audit trail strictly conforms to MCA Rule 11(g). | Decision 2026-10-04 (delegated, quality-first): Build in MVP (2 days). Rule 11(g) coverage map signed off by the CA, edit log on every accounting record, certification export. | Truth 2026-10-05 (WI-003): Partial. Coverage map and certification export exist, but the export does not list the periods logging was on (it returns logging_on=True or refuses). Nothing writes LoggingWindow rows automatically. No edit log (before/after) on every accounting record, only per-action audit events. No test asserts every AUDIT_COVERAGE event is actually emitted. Read certification_export, coverage map and audit tests; the map and a refuse-on-dark-window export exist but the edit log and period listing do not.",Baseline,Operational role,P0,Unchanged,Partial,"django-simple-history is not a dependency. The note names the wrong audit mechanism. 2026-10-04: hash chain exists. A mapping to MCA Rule 11(g) (edit log on every accounting record) was not verified. Code review 2026-10-04 (agent-reviewed, spot-checked): Partial. Hash-chained audit events with verify exist; not django-simple-history, and no certification report or Rule 11(g) coverage of all records.",OTHER,Security / Exception / Recovery,,accounting,CONTROL,Core,Accountant,Critical,High,Medium,MVP,Partial,Not verified,Not verified,Not verified,Not verified,No,Built - partial,P0,18,,,2,,,backend/tests/test_audit_append_only.py::test_deleting_is_refused_on_instance_and_queryset; backend/tests/test_audit_append_only.py::test_editing_a_sealed_event_is_detected; backend/tests/test_audit_append_only.py::test_saving_an_existing_event_is_refused; backend/tests/test_planwave_remaining.py::test_certification_refuses_a_dark_window; backend/tests/test_register_audit_coverage.py::test_sales_invoice_complete_writes_audit_event; backend/tests/test_plan_above_items.py::test_period_lock_and_reopen_name_the_actor,2026-10-05,pytest full suite on SQLite (agent run 2026-10-05); human review pending,Partial,External CA / Auditor,External CA / Auditor,UNCHANGED,Inferred,,backend/planwave/services.py:certification_export; backend/planwave/services.py:AUDIT_COVERAGE; backend/planwave/models.py:LoggingWindow; backend/planwave/views.py:CertificationView,,No,No,Partial,Partial,backend/core/services/audit_chain.py:seal; backend/core/services/audit_chain.py:verify,"Hash-chained audit events with verify exist; not django-simple-history, and no certification report or Rule 11(g) coverage of all records."
P-0508,P,External CA / Statutory Auditor,Import / Export / Period Close,Export audited financial vouchers to external CA software (Tally / Computax / Winman),External CA / Auditor,None,Seamless export of full year's vouchers into Tally XML format for final tax computation,Generates clean Tally-compliant XML voucher dataset with ledger masters and inventory items,P1,Partial,Supported via /accounting/export/tally-xml/.,Baseline,Operational role,P1,Unchanged,Partial,"Code review 2026-10-04 (agent-reviewed, spot-checked): Partial. Voucher XML is built only for HTTP push to Tally; no downloadable full-year Tally XML file with inventory items.",CLOSE,"Import, export, and period close",,accounting,CONTROL,Core,Accountant,Medium,Medium,Low,Pilot,Partial,Not verified,Not verified,Not verified,Not verified,No,Built - partial,P1,6,,,,,,,,,Not run,External CA / Auditor,External CA / Auditor,UNCHANGED,Authored,,,,No,No,Validated (Supported),Partial,backend/integrations/tally/adapter.py:_vouchers_xml; backend/integrations/tally/adapter.py:push_vouchers_http,Voucher XML is built only for HTTP push to Tally; no downloadable full-year Tally XML file with inventory items.
P-0509,P,Assembly / Production Supervisor,Inventory Lifecycle,Define Bill of Materials (BOM) for kit assembly or bulk repackaging,Production Supervisor,Inventory Manager,"Specify exact raw materials, packaging pouches, and quantities required to produce finished SKU","Creates BillOfMaterials master; links component SKUs, scrap factors, and yield ratios",P1,Partial,Supported via /manufacturing/boms/create with multi-level component definition.,Baseline,Operational role,P1,Unchanged,Partial,"Code review 2026-10-04 (agent-reviewed, spot-checked): Partial. Bom and BomLine with component quantities exist; no multi-level BOM, scrap factor or yield ratio fields.",MFG,Manufacture and assemble,1,manufacturing,RUN,Core,Production,High,High,Low,Pilot,Partial,Not verified,Not verified,Not verified,Not verified,No,Built - partial,P1,9,,,,,,,,,Not run,Production / Workshop / Projects,Production / Workshop / Projects,UNCHANGED,Authored,,,,No,No,Validated (Supported),Partial,backend/manufacturing/models.py:Bom; backend/manufacturing/models.py:BomLine,"Bom and BomLine with component quantities exist; no multi-level BOM, scrap factor or yield ratio fields."
P-0510,P,Assembly / Production Supervisor,Inventory Lifecycle,Issue raw materials to production work order,Production Supervisor,Godown Custodian,"Deduct bulk grains, chemicals, or packaging material from warehouse for assembly line",Creates StockMovement (CONSUMPTION_OUTWARD); reduces raw material stock balance,P1,Validated (Supported),Supported via WorkOrder execution step; decrements component stock atomically.,Baseline,Operational role,P1,Restored to authored P1. The previous workbook had P0 after a keyword rebalance.,Code symbol found,Matched WorkOrder in product code. This is not a functional test. Restored to authored P1. The previous workbook had P0 after a keyword rebalance.,MFG,Manufacture and assemble,4,manufacturing,RUN,Core,Production,High,High,Low,Pilot,Cited in code,Not verified,Not verified,Not verified,Not verified,No,Built - unverified,P1,9,,,,F-0754,,,,,Not run,Production / Workshop / Projects,Production / Workshop / Projects,RESTORED_TO_AUTHORED,Authored,,backend/inventory/models.py:StockMovement; backend/manufacturing/models.py:WorkOrder,backend/tests/test_a10_period_centralization.py; backend/tests/test_a11_a12_stock_cost.py; backend/tests/test_a6_manual_serial_return.py,No,No,,,,
P-0511,P,Assembly / Production Supervisor,Inventory Lifecycle,Record finished goods receipt and waste / scrap shrinkage,Production Supervisor,Godown Custodian,Inward packaged retail pouches or assembled kits into finished goods inventory warehouse,Creates StockMovement (PRODUCTION_INWARD); records manufacturing batch number and scrap %,P1,Validated (Supported),Supported via WorkOrder completion screen; generates finished product batch lot.,Baseline,Operational role,P1,Unchanged,Code symbol found,Matched WorkOrder in product code. This is not a functional test.,INV,Inventory lifecycle,,inventory,RUN,Core,Production,High,High,Low,Pilot,Cited in code,Not verified,Not verified,Not verified,Not verified,No,Built - unverified,P1,9,,,,,,,,,Not run,Production / Workshop / Projects,Production / Workshop / Projects,UNCHANGED,Authored,,backend/inventory/models.py:StockMovement; backend/manufacturing/models.py:WorkOrder,backend/tests/test_a10_period_centralization.py; backend/tests/test_a11_a12_stock_cost.py; backend/tests/test_a6_manual_serial_return.py,No,No,,,,
P-0512,P,Assembly / Production Supervisor,Inventory Lifecycle,Calculate finished goods unit cost including labor and packaging overhead,Cost Accountant / Supervisor,In-house Accountant,Determine true capitalized landed cost of manufactured SKU for accurate gross margin tracking,Aggregates raw material FIFO costs + packaging cost + labor overhead = Finished SKU Cost,P1,Partial,Automated BOM unit cost rollup engine based on perpetual FIFO component costs.,Baseline,Operational role,P1,Unchanged,Partial,"Code review 2026-10-04 (agent-reviewed, spot-checked): Partial. Finished goods unit cost is rolled up from issued component FIFO costs; no labor or packaging overhead cost inputs.",MFG,Manufacture and assemble,6,manufacturing,RUN,Core,Production,High,High,Low,Pilot,Partial,Not verified,Not verified,Not verified,Not verified,No,Built - partial,P1,9,,,,F-0755,,,,,Not run,Production / Workshop / Projects,Accountant / Finance,UNCHANGED,Authored,,,,No,No,Validated (Supported),Partial,backend/manufacturing/services.py:complete_work_order; backend/manufacturing/services.py:_issue_cost_total,Finished goods unit cost is rolled up from issued component FIFO costs; no labor or packaging overhead cost inputs.
X-0513,X,Multiple / Cross-persona,GST / Tax / Compliance,"Generate E-Way Bill Part A & Part B for transport consignments > ₹50,000",Billing Clerk / Logistics Dispatcher,Delivery Driver,"Statutory compliance for moving goods across state or intra-state above ₹50,000 threshold",Generates 12-digit E-Way Bill Number (EWB); attaches vehicle number and transport distance,P0,Validated (Supported),Supported via NIC E-Way Bill offline JSON generator and direct GSP API integration.,Baseline,Cross-persona,P0,Unchanged,Code reviewed - confirmed,"Code review 2026-10-04 (agent-reviewed, spot-checked): Confirmed. prepare-eway and submit-eway build the payload and call a GSP adapter; 50,000 threshold warns at invoice completion.",GST,GST and tax compliance,,accounting,CONTROL,Core,Cross-persona,Critical,High,High,MVP,Cited in code,Not verified,Not verified,Not verified,Not verified,No,Built - unverified,P0,27,,,,,,backend/tests/personas/test_pj_einvoice_eway.py::test_pj_einvoice_and_eway_statutory_lifecycle; backend/tests/test_einvoice_eway.py::test_prepare_eway_from_invoice,2026-10-04,"pytest on Postgres 17, manual run",Partial,Billing / Counter Clerk,Billing / Counter Clerk,UNCHANGED,Authored,,,,No,No,Validated (Supported),Confirmed,backend/sales/einvoice_eway_actions.py:InvoiceEinvoiceEwayActionsMixin; backend/sales/eway_payload.py:build_eway_payload_from_invoice; backend/core/services/gsp_adapters.py:LiveEwayAdapter,"prepare-eway and submit-eway build the payload and call a GSP adapter; 50,000 threshold warns at invoice completion."
X-0514,X,Multiple / Cross-persona,GST / Tax / Compliance,Update transport vehicle number / Transporter ID on active E-Way Bill during breakdown,Logistics Dispatcher,Delivery Driver / RTO Officer,Maintain valid E-Way Bill Part B when delivery truck breaks down or transshipment occurs,Updates vehicle registration number on active EWB; prints updated transport endorsement,P0,Mechanism not found,"Supported via E-Way Bill Vehicle Update action (/sales/e-way-bills/{id}/update-vehicle/). | Decision 2026-10-04 (delegated, quality-first): Build in MVP (2 days). Part B vehicle update action for e-way bills. | Truth 2026-10-05 (WI-029): Built.  Part B update goes through the adapter (sandbox fake), history is stored, and the live flag defaults off.",Baseline,Cross-persona,P0,Unchanged,Mechanism not found,"Code review 2026-10-04 (agent-reviewed, spot-checked): Contradicted. No Part B vehicle update action exists; only prepare, submit and cancel for e-way bills.",GST,GST and tax compliance,,accounting,CONTROL,Core,Cross-persona,Critical,High,High,MVP,Not in code,Not verified,Not verified,Not verified,Not verified,No,Built - tested,P0,27,,,2,,,backend/tests/test_bug_open_gst.py::test_bug_gst_001_part_b_and_validity; backend/tests/test_planwave_remaining.py::test_eway_stub_and_distance; backend/tests/test_code_review_2026_10_05.py::test_a_live_eway_provider_refuses_a_part_b_update_it_cannot_send,2026-10-05,pytest full suite on SQLite (agent run 2026-10-05); human review pending,Pass,Logistics & Delivery,Logistics & Delivery,UNCHANGED,Authored,,backend/sales/einvoice_eway_actions.py:update_eway_vehicle; backend/core/services/gsp_adapters.py:update_vehicle; backend/planwave/services.py:record_eway_stub; backend/config/settings.py:GSP_LIVE_ENABLED,,No,No,Validated (Supported),Contradicted,"none found: searched update vehicle, UpdVeh, Part B, transporter update in backend/sales and backend/core","No Part B vehicle update action exists; only prepare, submit and cancel for e-way bills."
X-0515,X,Multiple / Cross-persona,GST / Tax / Compliance,Extend E-Way Bill validity before expiry due to transit delay or traffic accident,Logistics Dispatcher,Delivery Driver,Prevent vehicle impoundment and 200% tax penalty by extending validity within 8-hour window,Extends EWB validity based on remaining distance; records reason code (Accident/Traffic),P0,Partial,"Supported via E-Way Bill Extension workflow compliant with Rule 138(10) of CGST Rules. | Decision 2026-10-04 (delegated, quality-first): Build in MVP (2 days). E-way bill validity extension action. | Truth 2026-10-05 (WI-030): Built.  Extension action goes through the e-way adapter with a live-provider refusal and stores valid_upto and distance; the test asserts validity moves out and distance is stored. | Drift check 2026-10-05: Validity extension exists as an action; live provider extension is refused, stub only",Baseline,Cross-persona,P0,Unchanged,Mechanism not found,"Code review 2026-10-04 (agent-reviewed, spot-checked): Contradicted. No e-way bill validity extension action exists.",GST,GST and tax compliance,,accounting,CONTROL,Core,Cross-persona,Critical,High,High,MVP,Not in code,Not verified,Not verified,Not verified,Not verified,No,Built - tested,P0,27,,,2,,,backend/tests/test_bug_open_gst.py::test_bug_gst_001_part_b_and_validity,2026-10-05,pytest full suite on SQLite (agent run 2026-10-05); human review pending,Pass,Logistics & Delivery,Logistics & Delivery,UNCHANGED,Authored,,backend/sales/einvoice_eway_actions.py:extend_eway_validity; backend/planwave/services.py:record_eway_stub; backend/planwave/models.py:EwayStubAction,,No,No,Validated (Supported),Contradicted,"none found: searched extend validity, extend_eway, EXTEND in backend/sales and backend/core",No e-way bill validity extension action exists.
X-0516,X,Multiple / Cross-persona,GST / Tax / Compliance,Generate live B2B E-Invoice with IRN and Signed QR via NIC/IRP portal,Billing Clerk,Registered B2B Customer,Mandatory statutory compliance for businesses exceeding legal turnover threshold,"Uploads invoice payload to IRP; receives 64-char Hash IRN, Ack No, and Signed QR code",P0,Validated (Supported),Supported via E-Invoice JSON payload generator and direct IRP integration.,Baseline,Cross-persona,P0,Unchanged,Code reviewed - confirmed,"Code review 2026-10-04 (agent-reviewed, spot-checked): Confirmed. submit-einvoice builds the IRN payload, calls the IRP adapter and stores IRN, ack and signed QR.",GST,GST and tax compliance,,accounting,CONTROL,Core,Cross-persona,Critical,High,High,MVP,Cited in code,Not verified,Not verified,Not verified,Not verified,No,Built - tested,P0,27,,,,,,backend/tests/test_sprint_e_gsp_protocol.py::test_certified_live_dev_submit_marks_generated_with_ack_qr; backend/tests/test_sprint_e_gsp_protocol.py::test_missing_signed_qr_marks_failed,2026-10-04,"pytest on Postgres 17, manual run",Pass,Billing / Counter Clerk,Billing / Counter Clerk,UNCHANGED,Authored,,,,No,No,Validated (Supported),Confirmed,backend/sales/einvoice_eway_actions.py:InvoiceEinvoiceEwayActionsMixin; backend/sales/einvoice_payload.py; backend/core/services/gsp_adapters.py:LiveIrpAdapter,"submit-einvoice builds the IRN payload, calls the IRP adapter and stores IRN, ack and signed QR."
X-0517,X,Multiple / Cross-persona,GST / Tax / Compliance,"Print IRN, Ack No, and cryptographic QR code on customer tax invoice PDF",Billing Clerk,Customer / GST Inspector,Render legal B2B tax invoice PDF containing verifiable cryptographic B2B signed QR code,Embeds 500x500 signed QR bitmap and IRN string on top-right of standard invoice layout,P0,Validated (Supported),Core rendering invariant: Rule 48(4) compliant PDF invoice template with IRN & Signed QR.,Baseline,Cross-persona,P0,Unchanged,Code reviewed - confirmed,"Code review 2026-10-04 (agent-reviewed, spot-checked): Confirmed. Invoice PDF renders the stored signed e-invoice QR and IRN text when status is GENERATED.",GST,GST and tax compliance,,accounting,CONTROL,Core,Cross-persona,Critical,High,High,MVP,Cited in code,Not verified,Not verified,Not verified,Not verified,No,Built - unverified,P0,27,,,,,,,,,Not run,Billing / Counter Clerk,Billing / Counter Clerk,UNCHANGED,Authored,,,,No,No,Validated (Supported),Confirmed,backend/sales/pdf/gst_tax_invoice.py,Invoice PDF renders the stored signed e-invoice QR and IRN text when status is GENERATED.
X-0518,X,Multiple / Cross-persona,GST / Tax / Compliance,Cancel E-Invoice within 24 hours on IRP portal with cancellation reason code,In-house Accountant,Tax Authority (IRP),Legally cancel incorrectly issued e-invoice within statutory 24-hour window,Submits cancellation to IRP; voids IRN; updates document status to E_INVOICE_CANCELLED,P0,Validated (Supported),"Supported via E-Invoice Cancel modal with mandatory reason code (1: Duplicate, 2: Data Error).",Baseline,Cross-persona,P0,Unchanged,Code reviewed - confirmed,"Code review 2026-10-04 (agent-reviewed, spot-checked): Confirmed. cancel-einvoice requires a reason, enforces the 24-hour window and sets einvoice_status CANCELLED.",GST,GST and tax compliance,,accounting,CONTROL,Core,Cross-persona,Critical,High,High,MVP,Cited in code,Not verified,Not verified,Not verified,Not verified,No,Built - tested,P0,27,,,,,,backend/tests/test_remaining_fixes.py::test_irn_cancel_requires_reason; backend/tests/test_sprint2_cn_einvoice.py::test_cr_013_einvoice_cancel_retains_statutory_irn,2026-10-04,"pytest on Postgres 17, manual run",Pass,Accountant / Finance,Accountant / Finance,UNCHANGED,Authored,,,,No,No,Validated (Supported),Confirmed,backend/sales/einvoice_eway_actions.py:_cancel_irn_via_gsp; backend/sales/einvoice_eway_actions.py:InvoiceEinvoiceEwayActionsMixin,"cancel-einvoice requires a reason, enforces the 24-hour window and sets einvoice_status CANCELLED."
X-0519,X,Multiple / Cross-persona,GST / Tax / Compliance,Calculate Section 194Q TDS deduction (0.1%) on supplier purchases exceeding ₹50 Lakhs in FY,In-house Accountant,Supplier,Deduct 0.1% TDS on purchase value exceeding ₹50 Lakhs aggregate turnover threshold,Credits TDS Payable (Sec 194Q) liability account; reduces net cash payable to vendor,P1,Mechanism not found,Supported via Section 194Q Withholding Rule Engine tracking cumulative vendor purchases.,Baseline,Cross-persona,P1,Unchanged,Mechanism not found,"Code review 2026-10-04 (agent-reviewed, spot-checked): Contradicted. TDS on purchases is a manually entered rate/amount; no 194Q threshold engine tracking cumulative vendor purchases.",GST,GST and tax compliance,,accounting,CONTROL,Core,Cross-persona,Critical,High,High,Pilot,Not in code,Not verified,Not verified,Not verified,Not verified,No,Gap,P1,27,,,,,,,,,Not run,Accountant / Finance,Accountant / Finance,UNCHANGED,Authored,,,,No,No,Validated (Supported),Contradicted,"none found: searched 194Q, cumulative purchases, tds_section in purchases, accounting, masters",TDS on purchases is a manually entered rate/amount; no 194Q threshold engine tracking cumulative vendor purchases.
X-0520,X,Multiple / Cross-persona,GST / Tax / Compliance,Generate Form 26Q quarterly TDS return summary and supplier Form 16A certificates,In-house Accountant,External CA / Tax Dept,Compile quarterly Form 26Q statement of tax deducted at source with BSR code and challan numbers,Produces clean Form 26Q text file for NSDL e-TDS return upload; prepares Form 16A certificates,P1,Partial,Supported via /accounting/reports/tds-26q/ quarterly return generator.,Baseline,Cross-persona,P1,Unchanged,Partial,"Code review 2026-10-04 (agent-reviewed, spot-checked): Partial. 26Q is only a CSV worksheet aid by period; no NSDL text file, BSR/challan handling or Form 16A certificates.",GST,GST and tax compliance,,accounting,CONTROL,Core,Cross-persona,Critical,High,High,Pilot,Partial,Not verified,Not verified,Not verified,Not verified,No,Built - partial,P1,27,,,,,,,,,Not run,Accountant / Finance,Accountant / Finance,UNCHANGED,Authored,,,,No,No,Validated (Supported),Partial,backend/reporting/tds_worksheets.py:tds_worksheet_rows; backend/reporting/views.py,"26Q is only a CSV worksheet aid by period; no NSDL text file, BSR/challan handling or Form 16A certificates."
X-0521,X,Multiple / Cross-persona,GST / Tax / Compliance,Calculate Section 206C(1H) TCS collection (0.1%) on receipts exceeding ₹50 Lakhs from customer,In-house Accountant,Customer,Collect 0.1% TCS on customer receipts crossing ₹50 Lakhs in current financial year,Debits Customer AR ledger; credits TCS Payable (Sec 206C) statutory liability account,P1,Partial,Supported via Section 206C(1H) Receipt Tax Engine with cumulative customer receipt tracking.,Baseline,Cross-persona,P1,Unchanged,Partial,"Code review 2026-10-04 (agent-reviewed, spot-checked): Partial. TCS is posted to TCS Payable from a per-invoice rate, but no 50 lakh cumulative receipt threshold tracking or automatic 0.1% rate was found.",GST,GST and tax compliance,,accounting,CONTROL,Core,Cross-persona,Critical,High,High,Pilot,Partial,Not verified,Not verified,Not verified,Not verified,No,Built - partial,P1,27,,,,,,,,,Not run,Accountant / Finance,Accountant / Finance,UNCHANGED,Authored,,,,No,No,Validated (Supported),Partial,backend/sales/services.py:apply_tcs_fold; backend/accounting/services.py:TCS Payable,"TCS is posted to TCS Payable from a per-invoice rate, but no 50 lakh cumulative receipt threshold tracking or automatic 0.1% rate was found."
X-0522,X,Multiple / Cross-persona,GST / Tax / Compliance,Apply higher TDS/TCS penalty rates (5%) for non-filers under Section 206AB / Section 206CCA,In-house Accountant,Non-compliant Party,Enforce 5% higher statutory tax withholding if vendor/customer failed to file ITR in previous year,Applies 5% penalty rate on invoice; flags party as Specified Person under Section 206AB,P1,Partial,"Supported via 206AB non-filer compliance flag on Customer/Supplier master. | Plan 2026-10-04 (Q60): dropped from the implementation plan; On request, pending CA confirmation. | Drift check 2026-10-05: higher_withholding_rate exists in accounting/services.py; no PAN specified-person check (dropped from the plan pending the CA)",Baseline,Cross-persona,P1,Unchanged,Mechanism not found,"No Section 206AB PAN check was found. Code review 2026-10-04 (agent-reviewed, spot-checked): Contradicted. No Section 206AB/206CCA check, non-filer flag or automatic 5% higher rate exists on the Customer/Supplier master.",GST,GST and tax compliance,,accounting,CONTROL,Core,Cross-persona,Critical,High,High,Pilot,Not in code,Not verified,Not verified,Not verified,Not verified,No,Built - partial,P1,27,,,,,,,,,Not run,Accountant / Finance,Accountant / Finance,UNCHANGED,Authored,,,,No,No,Mechanism not found,Contradicted,"none found: searched 206AB, 206CCA, specified person, non-filer in backend","No Section 206AB/206CCA check, non-filer flag or automatic 5% higher rate exists on the Customer/Supplier master."
X-0523,X,Multiple / Cross-persona,Receivables & Payables,Automated escalating collection cadence (T+3 reminder → T+7 statement → T+15 notice),Collections Autopilot Engine,Debtor / Credit Controller,Systematic automated payment chasing minimizing bad debt and debtor days,Dispatches automated WhatsApp/SMS notifications with increasing urgency and payment links,P1,Partial,Supported via Collections Autopilot Cadence Engine (/sales/collections/autopilot/).,Baseline,Cross-persona,P1,Unchanged,Partial,"Code review 2026-10-04 (agent-reviewed, spot-checked): Partial. Configurable day-bucket reminders (default 3/7/14) via WhatsApp/SMS/email exist; no distinct statement or notice step per stage.",ARAP,Receivables and payables,,ledgers,CONTROL,Core,Cross-persona,Critical,High,Medium,Pilot,Partial,Not verified,Not verified,Not verified,Not verified,No,Built - partial,P1,18,,,,,,,,,Not run,System / Automation,System / Automation,UNCHANGED,Authored,,,,No,No,Validated (Supported),Partial,backend/payments/dunning.py:run_dunning_for_company; backend/payments/dunning.py:remind_invoice,Configurable day-bucket reminders (default 3/7/14) via WhatsApp/SMS/email exist; no distinct statement or notice step per stage.
X-0524,X,Multiple / Cross-persona,Receivables & Payables,Record Promise-to-Pay (PTP) commitment date and follow-up alerts,Credit Controller / Salesperson,Customer,Capture customer verbal promise to pay specific amount by date X to pause automated chasing,Creates PromiseToPay record; suppresses automated reminders until committed date; alerts if broken,P1,Partial,Supported via PTP logging drawer on Customer profile and receivables ledger.,Baseline,Cross-persona,P1,Unchanged,Partial,"Code review 2026-10-04 (agent-reviewed, spot-checked): Partial. Promise-to-pay records with due and broken alerts exist; dunning does not suppress reminders while a promise is open.",ARAP,Receivables and payables,,ledgers,CONTROL,Core,Cross-persona,Critical,High,Medium,Pilot,Partial,Not verified,Not verified,Not verified,Not verified,No,Built - partial,P1,18,,,,,,,,,Not run,Accountant / Finance,Accountant / Finance,UNCHANGED,Authored,,,,No,No,Validated (Supported),Partial,backend/payments/models.py:PaymentPromise; backend/payments/promise_to_pay.py:create_promise; backend/payments/promise_to_pay.py:promise_is_broken,Promise-to-pay records with due and broken alerts exist; dunning does not suppress reminders while a promise is open.
X-0525,X,Multiple / Cross-persona,Receivables & Payables,Isolate disputed invoice lines while collecting undisputed remaining balance,Credit Controller,Customer / Salesperson,"Separate contested charge (e.g. ₹500 damaged box) so customer immediately settles ₹49,500 balance",Marks specific line as DISPUTED; adjusts collection target; routes dispute to manager resolution,P1,Mechanism not found,Supported via Invoice Line-Item Dispute mechanism in receivables module.,Baseline,Cross-persona,P1,Unchanged,Mechanism not found,"Code review 2026-10-04 (agent-reviewed, spot-checked): Contradicted. No invoice line dispute flag or split of disputed amount from collection target.",ARAP,Receivables and payables,,ledgers,CONTROL,Core,Cross-persona,Critical,High,Medium,Pilot,Not in code,Not verified,Not verified,Not verified,Not verified,No,Gap,P1,18,,,,,,,,,Not run,Accountant / Finance,Accountant / Finance,UNCHANGED,Authored,,,,No,No,Validated (Supported),Contradicted,"none found: searched dispute, disputed line in backend models.py, sales and payments",No invoice line dispute flag or split of disputed amount from collection target.
X-0526,X,Multiple / Cross-persona,Receivables & Payables,Calculate overdue interest penalty charges on delayed customer payments,In-house Accountant,Customer,Apply agreed commercial interest (e.g. 18% p.a.) on invoices unpaid beyond credit terms,Calculates penal interest; generates commercial Debit Note for interest; posts to Interest Income,P2,Partial,"Supported via Overdue Interest Calculator with one-click Debit Note generation. | Drift check 2026-10-05: interest_exposure and the overdue report exist; report only, no posting",Baseline,Cross-persona,P2,Restored to authored P2. The previous workbook had P3 after a keyword rebalance.,Mechanism not found,"Restored to authored P2. The previous workbook had P3 after a keyword rebalance. Code review 2026-10-04 (agent-reviewed, spot-checked): Contradicted. No overdue interest calculator or interest debit note generation exists.",ARAP,Receivables and payables,,ledgers,CONTROL,Core,Cross-persona,Critical,High,Medium,Later,Not in code,Not verified,Not verified,Not verified,Not verified,No,Built - partial,P2,18,,,,,,,,,Not run,Accountant / Finance,Accountant / Finance,RESTORED_TO_AUTHORED,Authored,,,,No,No,Validated (Supported),Contradicted,"none found: searched overdue interest, penal interest, interest_rate, late fee in backend",No overdue interest calculator or interest debit note generation exists.
X-0527,X,Multiple / Cross-persona,Receivables & Payables,Automatic debtor account freeze and delivery block on chronic overdue accounts,Credit Guard Engine,Billing Clerk / Salesperson,Hard system block preventing sales or dispatches to customers with invoices overdue > 60 days,Locks customer account; disables billing button; requires Business Owner unlock PIN,P0,Partial,"Core credit invariant: chronic overdue lock strictly blocks invoice and dispatch completion. | Decision 2026-10-04 (delegated, quality-first): Build in MVP (3 days). 60-day rule, dispatch block and unlock PIN on top of the opt-in credit hold. | Truth 2026-10-05 (WI-021): Partial. No API or role check for issuing the unlock code (issue_unlock accepts any user, no Owner/credit-override check, no endpoint). No per-company toggle for the chronic rule. Delivery challan block is wired but only the sales-order path is tested. Chronic rule is wired into invoice complete, order confirm and challan and tested; unlock issuance is service-only without role enforcement.",Baseline,Cross-persona,P0,Unchanged,Partial,"Code review 2026-10-04 (agent-reviewed, spot-checked): Partial. Opt-in auto credit hold blocks invoice completion for stop_credit/overdue_severe, but not a 60-day rule, no dispatch block and no unlock PIN.",ARAP,Receivables and payables,,ledgers,CONTROL,Core,Cross-persona,Critical,High,Medium,MVP,Partial,Not verified,Not verified,Not verified,Not verified,No,Built - partial,P0,18,,,3,,,backend/tests/test_a07_dunning.py::test_auto_credit_hold_blocks_severe_overdue_customer_with_no_credit_limit; backend/tests/test_planwave_remaining.py::test_chronic_credit_blocks_and_unlock_is_single_use; backend/tests/test_planwave_remaining.py::test_chronic_order_and_challan_are_blocked; backend/tests/test_code_review_2026_10_05.py::test_a_paid_old_invoice_does_not_hold_credit,2026-10-05,pytest full suite on SQLite (agent run 2026-10-05); human review pending,Partial,System / Automation,System / Automation,UNCHANGED,Authored,,backend/planwave/services.py:chronic_overdue; backend/planwave/services.py:assert_chronic_credit_allowed; backend/planwave/services.py:issue_unlock; backend/sales/services.py:complete_invoice credit hold,,No,No,Validated (Supported),Partial,backend/sales/services.py:CREDIT_LIMIT_EXCEEDED; backend/payments/dunning.py:customer_risk_snapshot,"Opt-in auto credit hold blocks invoice completion for stop_credit/overdue_severe, but not a 60-day rule, no dispatch block and no unlock PIN."
X-0528,X,Multiple / Cross-persona,Payments & Reconciliation,Record PDC (Post-Dated Cheque) received from customer and track presentation due date,Accounts Cashier,Customer,Safely register future-dated physical cheques received from B2B clients,Creates ChequeRecord in PDC_HOLDING status; surfaces cheque on daily bank deposit schedule,P1,Partial,Supported via /payments/cheques/ with maturity calendar and bank presentation alerts.,Baseline,Cross-persona,P1,Unchanged,Partial,"Code review 2026-10-04 (agent-reviewed, spot-checked): Partial. Cheque receipts store cheque_date and PENDING_CLEARANCE status; no PDC_HOLDING, ChequeRecord, maturity calendar or deposit schedule.",PAYREC,Payments and reconciliation,,payments,RUN,Core,Cross-persona,High,High,Low,Pilot,Partial,Not verified,Not verified,Not verified,Not verified,No,Built - partial,P1,9,,,,,,,,,Not run,Accountant / Finance,Accountant / Finance,UNCHANGED,Authored,,,,No,No,Validated (Supported),Partial,backend/payments/models.py:ChequeStatus; backend/payments/models.py:CustomerReceipt,"Cheque receipts store cheque_date and PENDING_CLEARANCE status; no PDC_HOLDING, ChequeRecord, maturity calendar or deposit schedule."
X-0529,X,Multiple / Cross-persona,Payments & Reconciliation,Deposit cheque into bank clearing account and monitor realization,Accounts Cashier,Bank,Record physical deposit of customer cheques into bank clearing account,Debits Bank Cheques-in-Clearing account; marks cheque as DEPOSITED,P1,Mechanism not found,Supported via Bank Deposit Slip generator and cheque clearing tracker.,Baseline,Cross-persona,P1,Unchanged,Mechanism not found,"Code review 2026-10-04 (agent-reviewed, spot-checked): Contradicted. Statuses are only PENDING_CLEARANCE, CLEARED, BOUNCED; no deposit step or clearing account posting.",PAYREC,Payments and reconciliation,,payments,RUN,Core,Cross-persona,High,High,Low,Pilot,Not in code,Not verified,Not verified,Not verified,Not verified,No,Gap,P1,9,,,,,,,,,Not run,Accountant / Finance,Accountant / Finance,UNCHANGED,Authored,,,,No,No,Validated (Supported),Contradicted,"none found: searched cheques-in-clearing, DEPOSITED, deposit slip, clearing account","Statuses are only PENDING_CLEARANCE, CLEARED, BOUNCED; no deposit step or clearing account posting."
X-0530,X,Multiple / Cross-persona,Payments & Reconciliation,"Handle bounced / dishonoured cheque: reverse invoice settlement, add bank fee, alert owner",In-house Accountant,Customer / Bank,Immediate accounting reversal when bank rejects cheque due to insufficient customer funds,Restores original invoice UNPAID status; debits bank dishonour charges to customer account; alerts owner,P0,Partial,"Supported via Cheque Dishonour action with automated ledger reversal and notice letter. | Decision 2026-10-04 (delegated, quality-first): Build in MVP (3 days). Bank dishonour fee charged to the customer, notice letter, owner alert. | Truth 2026-10-05 (WI-022): Partial. No configurable GST-on-recovery flag (code explicitly adds no GST); no Rs 500 suggestion (fee defaults to 0 unless a bank charge or cheque_dishonour_charge flag is set); owner alert is sent but no test asserts it. Void, allocation reversal, customer-debited fee and owner notification are implemented and mostly tested; the GST flag and suggested default are missing.",Baseline,Cross-persona,P0,Unchanged,Partial,"Code review 2026-10-04 (agent-reviewed, spot-checked): Partial. Bounce voids receipt, reverses allocations (invoice unpaid); no bank dishonour fee charge, notice letter or owner alert.",PAYREC,Payments and reconciliation,,payments,RUN,Core,Cross-persona,High,High,Low,MVP,Partial,Not verified,Not verified,Not verified,Not verified,No,Built - partial,P0,9,,,3,,,backend/tests/test_cheque_payment.py::test_bounced_cheque_cannot_be_re_cleared; backend/tests/test_cheque_payment.py::test_set_cheque_status_http_bounce_voids; backend/tests/test_bug_open_pay.py::test_bug_pay_001_fee_post_is_atomic; backend/tests/test_cheque_payment.py::test_cheque_receipt_starts_pending_and_bounce_voids,2026-10-05,pytest full suite on SQLite (agent run 2026-10-05); human review pending,Partial,Accountant / Finance,Accountant / Finance,UNCHANGED,Authored,,backend/payments/services.py:PaymentService.set_cheque_status; backend/payments/services.py:PaymentService._post_dishonour_fee,,No,No,Validated (Supported),Partial,backend/payments/services.py:set_cheque_status; backend/payments/services.py:void_receipt,"Bounce voids receipt, reverses allocations (invoice unpaid); no bank dishonour fee charge, notice letter or owner alert."
X-0531,X,Multiple / Cross-persona,Payments & Reconciliation,Apply early settlement cash discount (e.g. 2% in 7 days) and book discount expense,Accounts Cashier,Customer,Incentivize prompt customer payment by offering dynamic early settlement discounts,Calculates discount amount; debits Cash Discount Allowed expense account in GL; settles full bill,P1,Partial,Supported via Settlement Discount selector on payment receipt screen.,Baseline,Cross-persona,P1,Unchanged,Partial,"Code review 2026-10-04 (agent-reviewed, spot-checked): Partial. settlement_discount is stored and reduces invoice outstanding, but no Cash Discount Allowed GL journal is posted.",PAYREC,Payments and reconciliation,,payments,RUN,Core,Cross-persona,High,High,Low,Pilot,Partial,Not verified,Not verified,Not verified,Not verified,No,Built - partial,P1,9,,,,,,,,,Not run,Accountant / Finance,Accountant / Finance,UNCHANGED,Authored,,,,No,No,Validated (Supported),Partial,backend/payments/models.py:CustomerReceipt; backend/ledgers/services.py:_settlement_discount_by_invoice,"settlement_discount is stored and reduces invoice outstanding, but no Cash Discount Allowed GL journal is posted."
X-0532,X,Multiple / Cross-persona,Payments & Reconciliation,Connected banking live feed integration (Account Aggregator / Bank API),In-house Accountant,Bank (ICICI/HDFC/Axis),Automated live synchronization of bank account statements and RTGS/NEFT inflows,Fetches live bank statement lines via secure API; matches UTRs against open customer receivables,P1,Validated (Supported),Supported via Connected Banking module with Account Aggregator / Bank Open API hooks.,Baseline,Cross-persona,P1,Unchanged,Code reviewed - confirmed,"Code review 2026-10-04 (agent-reviewed, spot-checked): Confirmed. Account Aggregator transactions are fetched and matched by UTR/amount to receipts.",PAYREC,Payments and reconciliation,,payments,RUN,Core,Cross-persona,High,High,Low,Pilot,Cited in code,Not verified,Not verified,Not verified,Not verified,No,Built - unverified,P1,9,,,,,,,,,Not run,Accountant / Finance,Accountant / Finance,UNCHANGED,Authored,,,,No,No,Validated (Supported),Confirmed,backend/banking/fiu_adapter.py:fetch_live_transactions_for_consent; backend/banking/models.py:AaTransaction; backend/banking/services.py:match_aa_to_receipts,Account Aggregator transactions are fetched and matched by UTR/amount to receipts.
X-0533,X,Multiple / Cross-persona,Procure-to-Pay,"Upload photo/PDF of supplier bill → AI/LLM extracts vendor GSTIN, invoice no, lines, taxes into draft bill",Purchase Staff / Accountant,Supplier,Zero-manual-typing inward bill entry from scanned physical supplier tax bills,"Extracts header, items, HSN, rates, and tax split via OCR+LLM; pre-fills Purchase Invoice draft",P1,Validated (Supported),Supported via Deterministic LLM Bill Extractor (/purchases/upload-bill/).,Baseline,Cross-persona,P1,Unchanged,Code reviewed - confirmed,"Code review 2026-10-04 (agent-reviewed, spot-checked): Confirmed. LLM extraction of bill images into a draft import job exists.",P2P,Procure to pay,,purchases,RUN,Core,Cross-persona,Medium,Medium,Low,Pilot,Cited in code,Not verified,Not verified,Not verified,Not verified,No,Built - unverified,P1,6,,,,,,,,,Not run,Accountant / Finance,Accountant / Finance,UNCHANGED,Authored,,,,No,No,Validated (Supported),Confirmed,backend/core/services/llm.py:extract_purchase_bill; backend/imports/tasks.py:extract_purchase_bill_task,LLM extraction of bill images into a draft import job exists.
X-0534,X,Multiple / Cross-persona,Inventory Lifecycle,Inventory Run-Rate Autopilot: predict stockout dates based on 30-day velocity and auto-generate PO draft,Inventory Autopilot Engine,Purchase Manager,Prevent stockouts of high-velocity goods by analyzing historical daily sales burn rate,Calculates Days of Stock Cover = On-Hand Stock / Daily Burn Rate; drafts supplier PO before stockout,P1,Validated (Supported),Supported via Inventory Autopilot run-rate forecasting engine.,Baseline,Cross-persona,P1,Unchanged,Code reviewed - confirmed,"Code review 2026-10-04 (agent-reviewed, spot-checked): Confirmed. Days to stockout from available over daily velocity is computed and draft POs can be created from the plan on user action.",INV,Inventory lifecycle,,inventory,RUN,Core,Cross-persona,High,High,Low,Pilot,Cited in code,Not verified,Not verified,Not verified,Not verified,No,Built - unverified,P1,9,,,,,,,,,Not run,System / Automation,System / Automation,UNCHANGED,Authored,,,,No,No,Validated (Supported),Confirmed,backend/inventory/planning.py:purchase_plan; backend/inventory/forecast.py:demand_forecast; backend/inventory/planning.py:materialize_supplier_drafts,Days to stockout from available over daily velocity is computed and draft POs can be created from the plan on user action.
X-0535,X,Multiple / Cross-persona,Reporting & Business Intelligence,Predictive Cash-Flow Forecaster: simulate 30/60/90-day cash balance factoring debtor payment delays,Cashflow Forecast Engine,Business Owner,Realistic cashflow runway simulation modeling actual historical debtor payment delay behavior,"Projects daily liquid bank balance combining projected collections, payroll, rent, and vendor dues",P1,Validated (Supported),Supported via CashflowForecastRun in insights app (/insights/cashflow/).,Baseline,Cross-persona,P1,Unchanged,Code symbol found,Matched CashflowForecastRun in product code. This is not a functional test.,RPT,Reporting and business intelligence,,reporting,CONTROL,Core,Cross-persona,Medium,Medium,Low,Pilot,Cited in code,Not verified,Not verified,Not verified,Not verified,No,Built - unverified,P1,6,,,,,,,,,Not run,System / Automation,System / Automation,UNCHANGED,Authored,,backend/insights/models.py:CashflowForecastRun,backend/tests/test_phase6_insights.py,No,No,,,,
X-0536,X,Multiple / Cross-persona,Reporting & Business Intelligence,Natural Language Business Query Assistant: answer owner queries via conversational interface,Conversational AI Assistant,Business Owner,Owner asks natural language questions ('Who owes me more than 50k?') and receives instant figures,Translates natural language into deterministic read-only database queries; returns charts and tables,P2,Partial,Supported via /insights/assistant/ conversational query agent.,Baseline,Cross-persona,P2,Unchanged,Partial,"Code review 2026-10-04 (agent-reviewed, spot-checked): Partial. LLM assistant calls fixed read-only tools for aging and outstanding; not general query translation, and no customer-over-threshold list or charts.",RPT,Reporting and business intelligence,,reporting,CONTROL,Core,Cross-persona,Medium,Medium,Low,Later,Partial,Not verified,Not verified,Not verified,Not verified,No,Built - partial,P2,6,,,,,,,,,Not run,System / Automation,System / Automation,UNCHANGED,Authored,,,,No,No,Validated (Supported),Partial,backend/insights/assistant.py:ToolExecutor; backend/insights/assistant.py:run_assistant_turn; web/src/pages/insights/InsightsAssistantPage.tsx,"LLM assistant calls fixed read-only tools for aging and outstanding; not general query translation, and no customer-over-threshold list or charts."
X-0537,X,Multiple / Cross-persona,Procure-to-Pay,"Automated Supplier Risk Scorecard based on delivery delays, price spikes, and GST filing failures",Vendor Intelligence Engine,Purchase Manager,"Continuously evaluate vendor reliability across delivery punctuality, price inflation, and tax compliance",Computes multi-factor supplier health index (0-100); flags high-risk vendors before issuing repeat POs,P2,Mechanism not found,Supported via Supplier Scorecard in purchases module.,Baseline,Cross-persona,P2,Unchanged,Mechanism not found,"Code review 2026-10-04 (agent-reviewed, spot-checked): Contradicted. Only lead time and fill rate; docstring states no score; no health index, price-spike or GST filing factor.",P2P,Procure to pay,,purchases,RUN,Core,Cross-persona,Medium,Medium,Low,Later,Not in code,Not verified,Not verified,Not verified,Not verified,No,Gap,P2,6,,,,,,,,,Not run,System / Automation,System / Automation,UNCHANGED,Authored,,,,No,No,Validated (Supported),Contradicted,backend/purchases/reliability.py:supply_metrics,"Only lead time and fill rate; docstring states no score; no health index, price-spike or GST filing factor."
X-0538,X,Multiple / Cross-persona,"Operations, Fleet & Delivery",Staged fulfillment: group pending customer delivery orders by geographic transport route,Logistics Dispatcher,Warehouse Custodian,Consolidate individual sales orders destined for the same market or delivery sector into single run,Creates DispatchRun; groups orders by geographic pin code and route sector,P1,Partial,Supported via /operations/dispatch-staging/ with route clustering.,Baseline,Cross-persona,P1,Unchanged,Partial,"Code review 2026-10-04 (agent-reviewed, spot-checked): Partial. DeliveryRoute plus a pincode-based combine suggestion exist; no DispatchRun model or automatic grouping into runs.",FLEET,Fleet and delivery,,sales,RUN,Core,Cross-persona,Medium,Medium,Low,Pilot,Partial,Not verified,Not verified,Not verified,Not verified,No,Built - partial,P1,6,,,,,,,,,Not run,Logistics & Delivery,Logistics & Delivery,UNCHANGED,Authored,,,,No,No,Validated (Supported),Partial,backend/sales/route_combine.py:combine_suggestions; backend/sales/models.py:DeliveryRoute,DeliveryRoute plus a pincode-based combine suggestion exist; no DispatchRun model or automatic grouping into runs.
X-0539,X,Multiple / Cross-persona,"Operations, Fleet & Delivery",Vehicle load optimization: verify total consignment weight/volume against vehicle payload capacity,Logistics Dispatcher,Delivery Driver,Prevent dangerous vehicle overloading and optimize delivery tempo payload capacity,Sums order gross weights and cubic volumes; validates against vehicle.max_payload_kg,P1,Mechanism not found,Supported via Vehicle Capacity & Load Planner in operations module.,Baseline,Cross-persona,P1,Unchanged,Mechanism not found,"Code review 2026-10-04 (agent-reviewed, spot-checked): Contradicted. No vehicle payload or weight/volume validation of a route load.",FLEET,Fleet and delivery,,sales,RUN,Core,Cross-persona,Medium,Medium,Low,Pilot,Not in code,Not verified,Not verified,Not verified,Not verified,No,Gap,P1,6,,,,,,,,,Not run,Logistics & Delivery,Logistics & Delivery,UNCHANGED,Authored,,,,No,No,Validated (Supported),Contradicted,"none found: searched max_payload, capacity, gross_weight, payload in backend/sales, masters",No vehicle payload or weight/volume validation of a route load.
X-0540,X,Multiple / Cross-persona,"Operations, Fleet & Delivery",Multi-drop sequential route planning for delivery driver,Logistics Dispatcher,Delivery Driver,Sequence retail customer delivery stops in optimal geographic order to minimize fuel and transit time,Generates sequenced stop sequence (Drop 1 -> Drop 2 -> Drop N) with estimated arrival windows,P1,Validated (Supported),Supported via Route Sequencer in operations fleet management.,Baseline,Cross-persona,P1,Unchanged,Code reviewed - confirmed,"Code review 2026-10-04 (agent-reviewed, spot-checked): Confirmed. suggest_stop_sequence and apply_stop_sequence order stops on a DeliveryRoute; arrival windows not verified.",FLEET,Fleet and delivery,,sales,RUN,Core,Cross-persona,Medium,Medium,Low,Pilot,Cited in code,Not verified,Not verified,Not verified,Not verified,No,Built - unverified,P1,6,,,,,,,,,Not run,Logistics & Delivery,Logistics & Delivery,UNCHANGED,Authored,,,,No,No,Validated (Supported),Confirmed,backend/sales/route_service.py:RouteService; backend/sales/route_service.py:suggest_stop_sequence,suggest_stop_sequence and apply_stop_sequence order stops on a DeliveryRoute; arrival windows not verified.
X-0541,X,Multiple / Cross-persona,"Operations, Fleet & Delivery","Digital Proof of Delivery (POD) capture with customer signature, timestamp, and geo-location",Delivery Driver,Retail Merchant,Capture tamper-evident digital proof of delivery at retail counter on mobile device,"Attaches signed bitmap, GPS latitude/longitude, and server timestamp to DeliveryChallan",P1,Partial,Supported via Driver Mobile PWA POD module.,Baseline,Cross-persona,P1,Unchanged,Partial,"Code review 2026-10-04 (agent-reviewed, spot-checked): Partial. POD captures received-by name, OTP, photo and timestamp on the route stop; no signature bitmap or GPS and not stored on DeliveryChallan.",FLEET,Fleet and delivery,,sales,RUN,Core,Cross-persona,Medium,Medium,Low,Pilot,Partial,Not verified,Not verified,Not verified,Not verified,No,Built - partial,P1,6,,,,,,,,,Not run,Logistics & Delivery,Logistics & Delivery,UNCHANGED,Authored,,backend/sales/models.py:DeliveryChallan,backend/tests/test_a10_period_centralization.py; backend/tests/test_phase1_documents.py; backend/tests/test_sales_purchase_ux_plan.py,No,No,Validated (Supported),Partial,backend/sales/models.py:DeliveryRouteStop; backend/sales/route_service.py:set_stop_status,"POD captures received-by name, OTP, photo and timestamp on the route stop; no signature bitmap or GPS and not stored on DeliveryChallan."
X-0542,X,Multiple / Cross-persona,"Operations, Fleet & Delivery",Mobile Cash-on-Delivery (COD) capture by driver with instant payment receipt,Delivery Driver,Customer,Collect cash or UPI payment at customer doorstep upon delivery and issue instant digital receipt,Creates Payment record linked to driver custody; triggers WhatsApp payment confirmation to customer,P1,Partial,Supported via Mobile Driver Checkout with dynamic QR.,Baseline,Cross-persona,P1,Unchanged,Partial,"Code review 2026-10-04 (agent-reviewed, spot-checked): Partial. A stop can link a CustomerReceipt collected at delivery; no driver-custody tracking, dynamic QR or WhatsApp confirmation tied to it found.",FLEET,Fleet and delivery,,sales,RUN,Core,Cross-persona,Medium,Medium,Low,Pilot,Partial,Not verified,Not verified,Not verified,Not verified,No,Built - partial,P1,6,,,,,,,,,Not run,Logistics & Delivery,Logistics & Delivery,UNCHANGED,Authored,,,,No,No,Validated (Supported),Partial,backend/sales/route_service.py:set_stop_status; backend/sales/models.py:DeliveryRouteStop,"A stop can link a CustomerReceipt collected at delivery; no driver-custody tracking, dynamic QR or WhatsApp confirmation tied to it found."
X-0543,X,Multiple / Cross-persona,"Operations, Fleet & Delivery","Driver route reconciliation: cashier matches delivered consignments, collected cash, and returns",Accounts Cashier / Dispatcher,Delivery Driver,"Evening driver debrief verifying all delivered orders, cash handed over, and rejected packages",Closes DispatchRun; settles driver cash till; returns rejected items to godown inventory,P1,Partial,Supported via /operations/driver-settlement/ reconciliation interface.,Baseline,Cross-persona,P1,Unchanged,Partial,"Code review 2026-10-04 (agent-reviewed, spot-checked): Partial. Routes complete and challan returns restore stock, but no driver cash settlement or till reconciliation exists.",FLEET,Fleet and delivery,,sales,RUN,Core,Cross-persona,Medium,Medium,Low,Pilot,Partial,Not verified,Not verified,Not verified,Not verified,No,Built - partial,P1,6,,,,,,,,,Not run,Accountant / Finance,Accountant / Finance,UNCHANGED,Authored,,,,No,No,Validated (Supported),Partial,backend/sales/route_service.py:complete_route; backend/sales/route_views.py:DeliveryChallanReturnViewSet,"Routes complete and challan returns restore stock, but no driver cash settlement or till reconciliation exists."
X-0544,X,Multiple / Cross-persona,"Operations, Fleet & Delivery",Route economics analysis: evaluate delivery freight cost per order vs order gross margin,Logistics Manager / Owner,None,"Evaluate route profitability factoring vehicle fuel, driver wages, and consignment gross margins",Computes Net Route Contribution = Route Sales Margin - (Fuel Cost + Vehicle Depreciation),P2,Validated (Supported),Supported via Route Economics & Delivery Profitability Report (/reports/route-profitability/).,Baseline,Cross-persona,P2,Restored to authored P2. The previous workbook had P3 after a keyword rebalance.,Code reviewed - confirmed,"Restored to authored P2. The previous workbook had P3 after a keyword rebalance. Code review 2026-10-04 (agent-reviewed, spot-checked): Confirmed. Route profit equals realized revenue minus COGS minus actual logistics cost; fuel and depreciation are not separate inputs.",FLEET,Fleet and delivery,,sales,RUN,Core,Cross-persona,Medium,Medium,Low,Later,Cited in code,Not verified,Not verified,Not verified,Not verified,No,Built - unverified,P2,6,,,,,,,,,Not run,Business Owner,Business Owner,RESTORED_TO_AUTHORED,Authored,,,,No,No,Validated (Supported),Confirmed,backend/sales/route_profit_service.py:compute_route_financials; backend/sales/route_service.py:complete_route,Route profit equals realized revenue minus COGS minus actual logistics cost; fuel and depreciation are not separate inputs.
X-0545,X,Multiple / Cross-persona,Security / Exception / Recovery,Configure fiscal year document numbering series with custom prefix (e.g. INV/26-27/0001),System Administrator,In-house Accountant,Maintain statutory consecutive invoice numbering unique across each financial year per GST Rule 46,Creates DocumentSequence record; enforces sequential numbers without gaps across FY,P0,Validated (Supported),"Supported via /settings/document-series/ with financial year variable tokens ({FY}, {BRANCH}).",Baseline,Cross-persona,P0,Unchanged,Code reviewed - confirmed,"Code review 2026-10-04 (agent-reviewed, spot-checked): Confirmed. DocumentSeries keyed by GSTIN and April-March FY gives configurable prefix and sequential numbering; the model is DocumentSeries, not DocumentSequence.",OTHER,Security / Exception / Recovery,,accounts,CONTROL,Core,Cross-persona,Critical,High,Medium,MVP,Cited in code,Not verified,Not verified,Not verified,Not verified,No,Built - unverified,P0,18,,,,,,backend/tests/test_document_numbers.py::test_sequences_are_sequential; backend/tests/test_sprint3_series_gstin.py::test_bb_000646_series_unique_per_gstin_and_fy,2026-10-04,"pytest on Postgres 17, manual run",Partial,Platform Admin,Platform Admin,UNCHANGED,Inferred,,,,No,No,Validated (Supported),Confirmed,backend/core/services/document_numbers.py:DocumentNumberService; backend/core/services/document_numbers.py:fy_label_for,"DocumentSeries keyed by GSTIN and April-March FY gives configurable prefix and sequential numbering; the model is DocumentSeries, not DocumentSequence."
X-0546,X,Multiple / Cross-persona,Security / Exception / Recovery,Multi-branch document numbering isolation (Branch A 'DEL/INV/001' vs Branch B 'MUM/INV/001'),System Administrator,Branch Managers,Distinct consecutive numbering series per retail store or warehouse to comply with state GST rules,Enforces branch-prefixed sequences; prevents document numbering collisions across locations,P1,Partial,Supported via branch-scoped document sequence configuration.,Baseline,Cross-persona,P1,Unchanged,Partial,"Code review 2026-10-04 (agent-reviewed, spot-checked): Partial. Series are unique per company, doc type, GSTIN and financial year, giving per-GSTIN prefixes; no series is scoped to a branch or warehouse.",OTHER,Security / Exception / Recovery,,core,CONTROL,Core,Cross-persona,High,Medium,Medium,Pilot,Partial,Not verified,Not verified,Not verified,Not verified,No,Built - partial,P1,12,,,,,,,,,Not run,Platform Admin,Platform Admin,UNCHANGED,Inferred,,,,No,No,Validated (Supported),Partial,backend/core/models.py:DocumentSeries; backend/core/services/document_numbers.py:DocumentNumberService,"Series are unique per company, doc type, GSTIN and financial year, giving per-GSTIN prefixes; no series is scoped to a branch or warehouse."
X-0547,X,Multiple / Cross-persona,Master Data & Authorization,"Customer & Vendor Self-Onboarding Portal: send magic link for party to input GSTIN, bank, and KYC",Sales / Procurement Staff,New Customer / Supplier,Eliminate data entry errors by allowing new B2B clients and suppliers to submit their own masters,Generates secure tokenized portal link; auto-validates GSTIN and populates master upon approval,P1,Mechanism not found,Supported via Self-Onboarding Magic Link generator (/onboarding/invite/).,Baseline,Cross-persona,P1,Unchanged,Mechanism not found,"Code review 2026-10-04 (agent-reviewed, spot-checked): Contradicted. Only customer-portal view tokens and staff user invites exist; no party self-onboarding link or approval flow.",MASTER,Master data and authorization,,masters,KERNEL,Core,Cross-persona,Medium,Medium,Low,Later,Not in code,Not verified,Not verified,Not verified,Not verified,No,Gap,P2,6,,,,,,,,,Not run,Sales & Growth,Sales & Growth,UNCHANGED,Authored,,,,No,No,Validated (Supported),Contradicted,"none found: searched onboarding invite, magic link, party invite, KYC in masters/crm/accounts/payments",Only customer-portal view tokens and staff user invites exist; no party self-onboarding link or approval flow.
X-0548,X,Multiple / Cross-persona,Master Data & Authorization,"Vernacular language switching (Hindi, Gujarati, Tamil, Marathi, etc.) on POS and mobile app",Counter Clerk / Driver,None,Enable non-English speaking billing clerks and godown staff to operate software in regional language,"Toggles UI language string translation across product catalog, buttons, and receipts",P2,Partial,Supported via i18n localization engine supporting major Indian regional languages.,Baseline,Cross-persona,P2,Unchanged,Partial,"Code review 2026-10-04 (agent-reviewed, spot-checked): Partial. Only English and Hindi string catalogs exist; no Gujarati, Tamil or Marathi.",MASTER,Master data and authorization,,masters,KERNEL,Core,Cross-persona,Medium,Medium,Low,Later,Partial,Not verified,Not verified,Not verified,Not verified,No,Built - partial,P2,6,,,,,,,,,Not run,Billing / Counter Clerk,Billing / Counter Clerk,UNCHANGED,Authored,,,,No,No,Validated (Supported),Partial,web/src/i18n/hi.ts:; web/src/i18n/en.ts:,"Only English and Hindi string catalogs exist; no Gujarati, Tamil or Marathi."
X-0549,X,Multiple / Cross-persona,Security / Exception / Recovery,Automated Right-to-Erasure & Data Anonymization under Digital Personal Data Protection (DPDP) Act,Data Protection Officer / Admin,Customer,Fulfill customer personal data deletion requests while preserving statutory accounting records,"Anonymizes personal identifying data (name, mobile, address) while retaining financial invoice amounts",P1,Partial,Supported via DPDP Right-to-Erasure Engine (/settings/privacy/erasure/).,Baseline,Cross-persona,P1,Unchanged,Partial,"Code review 2026-10-04 (agent-reviewed, spot-checked): Partial. Tenant-level erasure with tombstone retention exists, but no per-customer anonymization of name, mobile or address while keeping invoices was found.",OTHER,Security / Exception / Recovery,,accounts,CONTROL,Core,Cross-persona,High,Medium,Medium,Pilot,Partial,Not verified,Not verified,Not verified,Not verified,No,Built - partial,P1,12,,,,,,,,,Not run,Platform Admin,Platform Admin,UNCHANGED,Inferred,,,,No,No,Validated (Supported),Partial,backend/accounts/erasure.py:erase_company,"Tenant-level erasure with tombstone retention exists, but no per-customer anonymization of name, mobile or address while keeping invoices was found."
X-0550,X,Multiple / Cross-persona,Import / Export / Period Close,Year-end financial closing: carry forward ledger balances and initialize new financial year,In-house Accountant,External CA / Owner,Formal financial year-end closing transferring P&L net profit to Reserves and initializing opening TB,Closes 31st March financial books; rolls forward asset and liability balances into 1st April opening,P0,Validated (Supported),Supported via Year-End Financial Close Wizard (/accounting/year-end-close/).,Baseline,Cross-persona,P0,Unchanged,Code reviewed - confirmed,"Code review 2026-10-04 (agent-reviewed, spot-checked): Confirmed. Owner-only FY close posts a journal moving income and expense balances to Retained Earnings 3100 and closes accounting periods.",CLOSE,"Import, export, and period close",,accounting,CONTROL,Core,Cross-persona,High,High,Low,MVP,Cited in code,Not verified,Not verified,Not verified,Not verified,No,Built - tested,P0,9,,,,,,backend/tests/test_sprint_c_fy_close.py::test_fy_close_other_income_and_expense_mix; backend/tests/test_sprint_c_fy_close.py::test_fy_close_profit_year_zeros_sales_to_retained_earnings,2026-10-04,"pytest on Postgres 17, manual run",Pass,Accountant / Finance,Accountant / Finance,UNCHANGED,Authored,,,,No,No,Validated (Supported),Confirmed,backend/accounting/reports.py:close_financial_year; backend/accounting/views.py:FinancialYearCloseView,Owner-only FY close posts a journal moving income and expense balances to Retained Earnings 3100 and closes accounting periods.
X-0551,X,Multiple / Cross-persona,Finance & Fixed Assets,"Register company fixed assets (delivery vans, cold storage, billing machines, computers)",In-house Accountant,Business Owner,"Maintain fixed asset register recording asset tag, purchase invoice, serial, and location",Creates FixedAsset record; capitalizes purchase cost to Fixed Asset balance sheet ledger,P1,Validated (Supported),Supported via /accounting/fixed-assets/create with asset tagging.,Baseline,Cross-persona,P1,Unchanged,Code reviewed - confirmed,"Code review 2026-10-04 (agent-reviewed, spot-checked): Confirmed. FixedAsset model and viewset exist with cost, asset and depreciation accounts, though no serial, tag or location fields were seen.",FA,Finance and fixed assets,,accounting,CONTROL,Core,Cross-persona,Critical,High,High,Pilot,Cited in code,Not verified,Not verified,Not verified,Not verified,No,Built - unverified,P1,27,,,,,,,,,Not run,Accountant / Finance,Accountant / Finance,UNCHANGED,Authored,,backend/accounting/models.py:FixedAsset,backend/tests/test_fmea2_wave.py; backend/tests/test_phase5_accounting.py; backend/tests/test_wave15d_books.py,No,No,Validated (Supported),Confirmed,backend/accounting/models.py:FixedAsset; backend/accounting/views.py:FixedAssetViewSet,"FixedAsset model and viewset exist with cost, asset and depreciation accounts, though no serial, tag or location fields were seen."
X-0552,X,Multiple / Cross-persona,Finance & Fixed Assets,Calculate monthly/annual depreciation under WDV and SLM methods per Companies Act & IT Act,In-house Accountant,External CA,Accurate depreciation computation for statutory tax filing and book profit reporting,Calculates depreciation expense based on useful life and method; updates asset net book value,P1,Validated (Supported),Supported via Automated Depreciation Engine with dual-book (IT Act & Companies Act) rates.,Baseline,Cross-persona,P1,Unchanged,Code reviewed - confirmed,"Code review 2026-10-04 (agent-reviewed, spot-checked): Confirmed. FixedAsset supports SLM and WDV methods with salvage and annual rate; only one rate set, no separate dual-book Companies Act rates.",FA,Finance and fixed assets,,accounting,CONTROL,Core,Cross-persona,Critical,High,High,Pilot,Cited in code,Not verified,Not verified,Not verified,Not verified,No,Built - unverified,P1,27,,,,,,,,,Not run,Accountant / Finance,Accountant / Finance,UNCHANGED,Authored,,,,No,No,Validated (Supported),Confirmed,backend/accounting/models.py:FixedAsset; backend/accounting/models.py:monthly_depreciation,"FixedAsset supports SLM and WDV methods with salvage and annual rate; only one rate set, no separate dual-book Companies Act rates."
X-0553,X,Multiple / Cross-persona,Finance & Fixed Assets,Post automated depreciation journal voucher to general ledger,In-house Accountant,Auditor,Automatic posting of periodic depreciation expense without manual journal entry errors,Debits Depreciation Expense account in P&L; credits Accumulated Depreciation on Balance Sheet,P1,Validated (Supported),Supported via one-click 'Post Depreciation' batch action.,Baseline,Cross-persona,P1,Unchanged,Code reviewed - confirmed,"Code review 2026-10-04 (agent-reviewed, spot-checked): Confirmed. A monthly Celery task posts depreciation journals per company from asset expense to accumulated depreciation accounts; it is scheduled, not a one-click button.",FA,Finance and fixed assets,,accounting,CONTROL,Core,Cross-persona,Critical,High,High,Pilot,Cited in code,Not verified,Not verified,Not verified,Not verified,No,Built - unverified,P1,27,,,,,,,,,Not run,Accountant / Finance,Accountant / Finance,UNCHANGED,Authored,,,,No,No,Validated (Supported),Confirmed,backend/accounting/tasks.py:post_monthly_depreciation; backend/accounting/tasks.py:_depreciate_company_assets,"A monthly Celery task posts depreciation journals per company from asset expense to accumulated depreciation accounts; it is scheduled, not a one-click button."
X-0554,X,Multiple / Cross-persona,Finance & Fixed Assets,Record fixed asset disposal or scrap write-off and calculate capital gain/loss,In-house Accountant,External CA,Accurate accounting entry when old vehicle or computer is sold or scrapped,Removes asset cost and accumulated depreciation; computes and posts Net Gain/Loss on Sale of Assets,P1,Validated (Supported),Supported via Asset Disposal modal with gain/loss computation.,Baseline,Cross-persona,P1,Unchanged,Code reviewed - confirmed,"Code review 2026-10-04 (agent-reviewed, spot-checked): Confirmed. dispose action posts a journal removing cost and accumulated depreciation, recording proceeds and gain or loss to accounts 5600 and 5700.",FA,Finance and fixed assets,,accounting,CONTROL,Core,Cross-persona,Critical,High,High,Pilot,Cited in code,Not verified,Not verified,Not verified,Not verified,No,Built - unverified,P1,27,,,,,,,,,Not run,Accountant / Finance,Accountant / Finance,UNCHANGED,Authored,,,,No,No,Validated (Supported),Confirmed,backend/accounting/views.py:FixedAssetViewSet; backend/accounting/views.py:dispose,"dispose action posts a journal removing cost and accumulated depreciation, recording proceeds and gain or loss to accounts 5600 and 5700."
X-0555,X,Multiple / Cross-persona,GST / Tax / Compliance,Record inward supply subject to Reverse Charge Mechanism (RCM) from Goods Transport Agency (GTA),In-house Accountant,Goods Transport Agency (GTA),Identify and flag transport freight charges and legal fees where recipient is liable to pay GST,Flags purchase invoice line as RCM; computes applicable CGST/SGST or IGST reverse tax liability,P1,Validated (Supported),Supported via Reverse Charge (RCM) toggle on purchase invoice line items.,Baseline,Cross-persona,P1,Unchanged,Code reviewed - confirmed,"Code review 2026-10-04 (agent-reviewed, spot-checked): Confirmed. Purchase invoices carry an is_reverse_charge flag at invoice header level and RCM tax liability flows into GSTR-3B 3.1(d).",GST,GST and tax compliance,,accounting,CONTROL,Core,Cross-persona,Critical,High,High,Pilot,Cited in code,Not verified,Not verified,Not verified,Not verified,No,Built - unverified,P1,27,,,,,,,,,Not run,Accountant / Finance,Accountant / Finance,UNCHANGED,Authored,,,,No,No,Validated (Supported),Confirmed,backend/purchases/models.py:is_reverse_charge; backend/reporting/gst_returns.py:3.1(d),Purchase invoices carry an is_reverse_charge flag at invoice header level and RCM tax liability flows into GSTR-3B 3.1(d).
X-0556,X,Multiple / Cross-persona,GST / Tax / Compliance,Generate self-invoice for RCM inward supplies and calculate reverse tax liability,In-house Accountant,Tax Authority,Statutory compliance under Section 31(3)(f) of CGST Act requiring self-invoice on RCM purchases,Generates official Self-Invoice document; records reverse tax liability in GSTR-3B Table 3.1(d),P1,Partial,Supported via Self-Invoice generator for unregistered RCM purchases.,Baseline,Cross-persona,P1,Unchanged,Partial,"Code review 2026-10-04 (agent-reviewed, spot-checked): Partial. RCM liability reaches GSTR-3B 3.1(d), but no self-invoice or payment voucher generator exists; the PDF only prints a Reverse Charge YES/NO line.",GST,GST and tax compliance,,accounting,CONTROL,Core,Cross-persona,Critical,High,High,Pilot,Partial,Not verified,Not verified,Not verified,Not verified,No,Built - partial,P1,27,,,,,,,,,Not run,Accountant / Finance,Accountant / Finance,UNCHANGED,Authored,,,,No,No,Validated (Supported),Partial,backend/reporting/gst_returns.py:3.1(d); backend/purchases/pdf.py:is_reverse_charge,"RCM liability reaches GSTR-3B 3.1(d), but no self-invoice or payment voucher generator exists; the PDF only prints a Reverse Charge YES/NO line."
X-0557,X,Multiple / Cross-persona,GST / Tax / Compliance,Claim Input Tax Credit on RCM tax paid in cash in subsequent GSTR-3B return,In-house Accountant,External CA,Avail eligible Input Tax Credit for RCM tax paid to government in cash ledger,Credits eligible ITC in GSTR-3B Table 4(A)(3) after confirming cash payment in Table 6.1,P1,Partial,Supported via RCM ITC Reconciliation worksheet.,Baseline,Cross-persona,P1,Unchanged,Partial,"Code review 2026-10-04 (agent-reviewed, spot-checked): Partial. RCM books post Input ITC shown as provisional in the 3B builder, but no cash-payment confirmation against Table 6.1 or reconciliation worksheet was found.",GST,GST and tax compliance,,accounting,CONTROL,Core,Cross-persona,Critical,High,High,Pilot,Partial,Not verified,Not verified,Not verified,Not verified,No,Built - partial,P1,27,,,,,,,,,Not run,Accountant / Finance,Accountant / Finance,UNCHANGED,Authored,,,,No,No,Validated (Supported),Partial,backend/reporting/gst_returns.py:rcm_itc_provisional; backend/reporting/gst_returns.py:4(A)(3),"RCM books post Input ITC shown as provisional in the 3B builder, but no cash-payment confirmation against Table 6.1 or reconciliation worksheet was found."
X-0558,X,Multiple / Cross-persona,GST / Tax / Compliance,Composition Scheme merchant calculates quarterly flat turnover tax via CMP-08 without ITC,Kirana Shop Owner / Accountant,Tax Authority,Simplified quarterly flat tax payment (1% for traders/manufacturers) under GST Composition Scheme,Computes flat turnover tax; prepares official Statement for Payment of Self-Assessed Tax (CMP-08),P1,Validated (Supported),Supported via /gst/cmp08/ quarterly return worksheet for composition taxpayers.,Baseline,Cross-persona,P1,Unchanged,Code reviewed - confirmed,"Code review 2026-10-04 (agent-reviewed, spot-checked): Confirmed. CMP-08 aid computes quarterly flat turnover tax at a configurable rate without ITC, exposed at reports/cmp08/.",GST,GST and tax compliance,,accounting,CONTROL,Core,Cross-persona,Critical,High,High,Pilot,Cited in code,Not verified,Not verified,Not verified,Not verified,No,Built - unverified,P1,27,,,,,,,,,Not run,Kirana / Small Retailer,Kirana / Small Retailer,UNCHANGED,Authored,,,,No,No,Validated (Supported),Confirmed,backend/reporting/gstr2b.py:build_cmp08; backend/reporting/views.py:Cmp08View,"CMP-08 aid computes quarterly flat turnover tax at a configurable rate without ITC, exposed at reports/cmp08/."
X-0559,X,Multiple / Cross-persona,GST / Tax / Compliance,Transition from Composition Scheme to Regular GST Scheme (stock credit under Section 18(1)(c)),In-house Accountant,External CA,Claim statutory input tax credit on inputs held in stock when turnover crosses composition limit,Compiles stock inventory on transition date; calculates eligible ITC on inputs via Form ITC-01,P2,Mechanism not found,Supported via Composition-to-Regular Transition Assistant.,Baseline,Cross-persona,P2,Unchanged,Mechanism not found,"Code review 2026-10-04 (agent-reviewed, spot-checked): Contradicted. No composition-to-regular transition assistant or ITC-01 stock-credit computation exists; composition code only blocks regular returns.",GST,GST and tax compliance,,accounting,CONTROL,Core,Cross-persona,Critical,High,High,Later,Not in code,Not verified,Not verified,Not verified,Not verified,No,Gap,P2,27,,,,,,,,,Not run,Accountant / Finance,Accountant / Finance,UNCHANGED,Authored,,,,No,No,Validated (Supported),Contradicted,"none found: searched ITC-01, section 18(1)(c), composition transition, stock credit",No composition-to-regular transition assistant or ITC-01 stock-credit computation exists; composition code only blocks regular returns.
X-0560,X,Multiple / Cross-persona,GST / Tax / Compliance,"Issue non-GST / Bill of Supply for nil-rated, exempted, or non-taxable goods",Counter Billing Clerk,Customer,"Issue legally compliant Bill of Supply (without tax charges) for fresh fruits, milk, unbranded grains",Renders Bill of Supply per Rule 49; separates exempt turnover from taxable supplies in GSTR-1 Table 8,P1,Partial,Supported via Bill of Supply document template for exempt and nil-rated sales.,Baseline,Cross-persona,P1,Unchanged,Partial,"Code review 2026-10-04 (agent-reviewed, spot-checked): Partial. NON_GST invoice type renders without tax and nil-rated amounts are bucketed in GSTR-1, but no distinct Rule 49 Bill of Supply template or numbering was found.",GST,GST and tax compliance,,accounting,CONTROL,Core,Cross-persona,Critical,High,High,Pilot,Partial,Not verified,Not verified,Not verified,Not verified,No,Built - partial,P1,27,,,,,,,,,Not run,Billing / Counter Clerk,Billing / Counter Clerk,UNCHANGED,Authored,,,,No,No,Validated (Supported),Partial,backend/sales/models.py:NON_GST; backend/sales/pdf/gst_tax_invoice.py:show_tax,"NON_GST invoice type renders without tax and nil-rated amounts are bucketed in GSTR-1, but no distinct Rule 49 Bill of Supply template or numbering was found."
S-0561,S,System / Ledger Engine,Reporting & Business Intelligence,Automated background trial balance zero-sum verification worker,System / Reconciliation Worker,In-house Accountant,Continuous verification that sum of all debits equals sum of all credits across the entire company GL,Triggers high-priority alert if debit-credit discrepancy != 0; quarantines corrupted ledger batches,P0,Partial,"Trial-balance reporting exists in accounting.reports.trial_balance, and books health exposes trial_balance_balanced. No hourly Celery beat task that quarantines unbalanced batches was found. | Decision 2026-10-04 (delegated, quality-first): Build in MVP (3 days). Scheduled worker runs trial-balance and invariants nightly, quarantines unbalanced batches and alerts. | Truth 2026-10-05 (WI-005): Partial. No invariant for payment allocations within payment amounts; no registered invariant for ledger output tax equals invoice tax (only a one-off test); AR/AP control vs outstanding only as dashboard-vs-aging projection checks; quarantine block wired to GST soft-close and GSTR export but not to accounting period lock; ops mailbox is only a log line; no test that the nightly run creates the quarantine row end to end; test_plan_s_0561.py absent. Quarantine, nightly sweep and owner/accountant in-app alert exist and are tested, but several named invariants and the ops-mailbox alert are missing.",Strategic expansion,System engine,P0,Unchanged,Partial,"Category moved off Payments & Reconciliation. The previous note claimed an hourly Celery quarantine worker. 2026-10-04: no background worker found. A check_invariants management command exists (backend/core/management/commands/check_invariants.py) and the trial balance report exposes trial_balance_balanced. Code review 2026-10-04 (agent-reviewed, spot-checked): Partial. Trial balance check and invariants command exist; no scheduled worker or quarantine of unbalanced batches.",RPT,Reporting and business intelligence,,reporting,CONTROL,Core,System,High,High,Low,MVP,Partial,Not verified,Not verified,Not verified,Not verified,No,Built - partial,P0,9,,,3,,,backend/tests/test_holistic_80.py::test_trial_balance_balanced_after_lifecycle_close; backend/tests/test_phase5_accounting.py::test_trial_balance_and_balance_sheet_equation; backend/tests/test_planwave_remaining.py::test_quarantine_blocks_close_and_clears; backend/tests/test_code_review_2026_10_05.py::test_one_open_quarantine_row_per_company; backend/tests/test_fmea_mitigations.py::test_tc_fmea_010_a_failed_invariant_notifies_the_owner_in_app; backend/tests/test_register_integrity_gaps.py::test_output_tax_in_ledger_equals_sum_of_completed_invoice_tax,2026-10-05,pytest full suite on SQLite (agent run 2026-10-05); human review pending,Partial,System / Automation,System / Automation,UNCHANGED,Authored,,backend/accounting/reports.py:trial_balance; backend/core/tasks.py:nightly_invariants_task; backend/planwave/services.py:open_quarantine; backend/planwave/services.py:assert_books_clear; backend/reporting/gst_periods.py:soft_close_period,backend/tests/test_fmea_mitigations.py; backend/tests/test_holistic_80.py; backend/tests/test_holistic_95.py,No,No,Partial,Partial,backend/accounting/reports.py:trial_balance; backend/core/management/commands/check_invariants.py,Trial balance check and invariants command exist; no scheduled worker or quarantine of unbalanced batches.
S-0562,S,System / Inventory Engine,Inventory Lifecycle,Orphaned inventory allocation release worker on expired cart sessions,System / Inventory Worker,Store Cashier,Automatically release reserved stock back to available pool when uncompleted POS/web cart expires,Decrements reserved_quantity and increments available_quantity on StockBalance after 30-min timeout,P1,Partial,"No CartSession model and no 30-minute cart-expiry release worker were found. Do not treat that timeout as implemented. | Truth 2026-10-05 (WI-051): Partial. No expiry on confirmed sales-order reservations; releasing a hold does not release any stock reservation; no scheduled task calls release_expired_pos_holds; expiry hours are a function argument, not company-configurable. Only a POS hold row that can be marked released exists; reservation release is not wired.",Strategic expansion,System engine,P1,Unchanged,Partial,"Previous note cited CartSession.updated_at. That model does not exist. Code review 2026-10-04 (agent-reviewed, spot-checked): Partial. Reserve and release functions exist for orders; no cart session or 30-minute expiry release worker.",INV,Inventory lifecycle,,inventory,RUN,Core,System,High,High,Low,Pilot,Partial,Not verified,Not verified,Not verified,Not verified,No,Built - partial,P1,9,,,,,,backend/tests/test_planwave_finish.py::test_pos_hold_expires_and_the_row_remains,2026-10-05,pytest full suite on SQLite (agent run 2026-10-05); human review pending,Partial,System / Automation,System / Automation,UNCHANGED,Authored,,backend/inventory/models.py:StockBalance; backend/inventory/services.py:available_quantity; backend/planwave/finish.py:hold_pos_cart; backend/planwave/finish.py:release_expired_pos_holds; backend/planwave/models.py:PosCartHold,backend/tests/test_a11_a12_stock_cost.py; backend/tests/test_a4_a5_reporting.py; backend/tests/test_a6_manual_serial_return.py,No,No,Partial,Partial,backend/inventory/services.py:reserve_stock; backend/inventory/services.py:release_reservation; backend/inventory/models.py:StockBalance,Reserve and release functions exist for orders; no cart session or 30-minute expiry release worker.
S-0563,S,System / Cache Engine,Master Data & Authorization,Event-driven product catalog cache invalidation across distributed POS nodes,System / Redis Cache,Billing Clerk,Price or tax changes made on central server instantly purge local Redis/memory caches on POS terminals,Broadcasts WebSocket invalidation message; forces POS client-side indexedDB cache refresh within 500ms,P1,Partial,Django post_save signal on Product master triggers Redis pub/sub cache purge event.,Strategic expansion,System engine,P1,Unchanged,Partial,"Code review 2026-10-04 (agent-reviewed, spot-checked): Partial. Server list cache is deleted on master writes; no WebSocket or pub/sub broadcast to POS client caches.",MASTER,Master data and authorization,,masters,KERNEL,Core,System,Medium,Medium,Low,Later,Partial,Not verified,Not verified,Not verified,Not verified,No,Built - partial,P2,6,,,,,,,,,Not run,System / Automation,System / Automation,UNCHANGED,Authored,,,,No,No,Validated (Supported),Partial,backend/masters/views.py:ProductViewSet,Server list cache is deleted on master writes; no WebSocket or pub/sub broadcast to POS client caches.
S-0564,S,System / Document Engine,Security / Exception / Recovery,Asynchronous PDF document generation queue for high-volume invoice printing,System / Celery Worker,Billing Clerk,Sub-second checkout response by offloading heavy WeasyPrint/PDF generation to background worker pool,Returns instant HTTP 201 Created with JSON; queues PDF render job; pushes download URL via WebSocket,P1,Partial,Offloads PDF rendering to dedicated Celery worker; decouples HTTP request-response cycle.,Strategic expansion,System engine,P1,Unchanged,Partial,"Code review 2026-10-04 (agent-reviewed, spot-checked): Partial. PDF generation is queued to Celery with pdf_status polling; no WebSocket push of download URL.",OTHER,Security / Exception / Recovery,,sales,CONTROL,Core,System,High,Medium,Medium,Pilot,Partial,Not verified,Not verified,Not verified,Not verified,No,Built - partial,P1,12,,,,,,,,,Not run,System / Automation,System / Automation,UNCHANGED,Inferred,,,,No,No,Validated (Supported),Partial,backend/sales/tasks.py:generate_invoice_pdf; backend/sales/views.py,PDF generation is queued to Celery with pdf_status polling; no WebSocket push of download URL.
S-0565,S,System / Sequence Engine,Security / Exception / Recovery,Atomic database sequence locking preventing concurrent invoice numbering gaps,System / Database Engine,All Billing Users,Guarantee zero missing numbers in statutory invoice sequences even under heavy concurrent billing,Uses PostgreSQL SELECT FOR UPDATE on DocumentSequence row; strictly guarantees sequential numbering,P0,Validated (Supported),Postgres row-level lock on sequence master; strictly satisfies GST Rule 46 sequentiality mandate.,Strategic expansion,System engine,P0,Unchanged,Code reviewed - confirmed,"Code review 2026-10-04 (agent-reviewed, spot-checked): Confirmed. DocumentNumberService locks the DocumentSeries row with select_for_update when issuing numbers; model is DocumentSeries, not DocumentSequence.",OTHER,Security / Exception / Recovery,,sales,CONTROL,Core,System,Critical,High,Medium,MVP,Cited in code,Not verified,Not verified,Not verified,Not verified,No,Built - unverified,P0,18,,,,,,backend/tests/test_concurrency_races.py::test_concurrent_invoice_numbering_no_duplicate,2026-10-04,"pytest on Postgres 17, manual run",Partial,System / Automation,System / Automation,UNCHANGED,Inferred,,,,No,No,Validated (Supported),Confirmed,backend/core/services/document_numbers.py:DocumentNumberService,"DocumentNumberService locks the DocumentSeries row with select_for_update when issuing numbers; model is DocumentSeries, not DocumentSequence."
S-0566,S,System / Outbox Engine,Communication & Integrations,Transactional Outbox pattern for external webhook and message dispatch,System / Outbox Worker,Customer,Guarantees that WhatsApp/SMS notifications are never lost if external provider fails during checkout,Writes notification payload to database in same atomic transaction as invoice; background worker polls and sends,P1,Partial,Transactional Outbox pattern implementation; achieves at-least-once delivery guarantee.,Strategic expansion,System engine,P1,Unchanged,Partial,"Code review 2026-10-04 (agent-reviewed, spot-checked): Partial. Outbox exists only for gateway refunds; WhatsApp and SMS notifications are sent synchronously with no outbox written in the invoice transaction.",INT,Communication and integrations,,integrations,KERNEL,Core,System,Medium,Medium,Low,Later,Partial,Not verified,Not verified,Not verified,Not verified,No,Built - partial,P2,6,,,,,,,,,Not run,System / Automation,System / Automation,UNCHANGED,Authored,,,,No,No,Validated (Supported),Partial,backend/payments/models.py:GatewayRefundOutbox; backend/core/services/notifications.py:NotificationService,Outbox exists only for gateway refunds; WhatsApp and SMS notifications are sent synchronously with no outbox written in the invoice transaction.
S-0567,S,System / Aging Engine,Receivables & Payables,Nightly automated accounts receivable and payable aging bucket reclassification,System / Cron Worker,Credit Controller,"Daily recalculation of debtor and creditor aging buckets (0-30, 31-60, 61-90, 90+ days) at midnight",Updates cached aging summaries on Customer and Supplier records; refreshes executive dashboard,P1,Validated (Supported),Nightly cron job evaluating (today - invoice.due_date); updates denormalized aging summary table.,Strategic expansion,System engine,P1,Unchanged,Code symbol found,Matched due_date in product code. This is not a functional test.,ARAP,Receivables and payables,,ledgers,CONTROL,Core,System,Critical,High,Medium,Pilot,Cited in code,Not verified,Not verified,Not verified,Not verified,No,Built - unverified,P1,18,,,,,,,,,Not run,System / Automation,System / Automation,UNCHANGED,Authored,,,,No,No,,,,
S-0568,S,System / Integrity Engine,Security / Exception / Recovery,Database foreign key cascade deletion defense and soft-delete enforcement,System / ORM Guard,System Administrator,Prevent accidental cascading deletion of critical historical invoices when master entity is removed,Enforces on_delete=models.PROTECT on all transaction foreign keys; routes deletions to is_deleted=True,P0,Partial,"Core architectural invariant: models.PROTECT enforced across all financial and inventory FKs. | Decision 2026-10-04 (delegated, quality-first): Build in MVP (4 days). Soft delete (is_deleted) on masters, PROTECT on line-item foreign keys, restore flow. | Truth 2026-10-05 (WI-006): Partial. Soft delete exists on Customer, Supplier, Product, Warehouse, PriceList and sales FKs are PROTECT, but some child FKs to Customer/Product/Warehouse remain CASCADE (payments dunning/portal/promise, warehouse reorder/running costs). orphan_report and its management command have no test. Restore permission is Owner/Manager/Accountant, not Owner/Admin only. Only Customer is tested for soft-delete and restore. Soft-delete, restore and orphan report exist and customer paths are tested, but cascades remain and the orphan report is untested.",Strategic expansion,System engine,P0,Unchanged,Partial,"Code review 2026-10-04 (agent-reviewed, spot-checked): Partial. PROTECT is widely used on transaction foreign keys, but line items cascade and no is_deleted soft-delete mechanism exists.",OTHER,Security / Exception / Recovery,,inventory,CONTROL,Core,System,Critical,High,Medium,MVP,Partial,Not verified,Not verified,Not verified,Not verified,No,Built - partial,P0,18,,,4,,,backend/tests/test_business_rules.py::test_bom_component_soft_deletes_not_error; backend/tests/test_business_rules.py::test_referenced_product_soft_deletes; backend/tests/test_planwave_remaining.py::test_soft_deleted_customer_hides_and_hard_delete_is_refused; backend/tests/test_planwave_finish.py::test_restore_brings_a_customer_back,2026-10-05,pytest full suite on SQLite (agent run 2026-10-05); human review pending,Partial,System / Automation,System / Automation,UNCHANGED,Inferred,,backend/core/models.py:SoftDeleteFields; backend/planwave/finish.py:restore_master; backend/planwave/finish.py:orphan_report; backend/planwave/views.py:RestoreMasterView,,No,No,Validated (Supported),Partial,backend/sales/models.py:SalesInvoice; backend/inventory/models.py:StockMovement,"PROTECT is widely used on transaction foreign keys, but line items cascade and no is_deleted soft-delete mechanism exists."
S-0569,S,System / Telemetry Engine,Security / Exception / Recovery,"Automated API latency, error rate, and slow-query telemetry logger",System / Telemetry Middleware,DevOps / Architect,Track 95th percentile (P95) response times and pinpoint database queries taking > 200ms,Logs structured JSON telemetry to APM; alerts engineering if checkout latency breaches 1.0 second,P3,Partial,"Django middleware logging request duration, SQL query count, and memory allocation.",Strategic expansion,System engine,P2,Kept P3. The previous workbook had P3. Authored priority was P2.,Partial,"Kept P3. The previous workbook had P3. Authored priority was P2. Code review 2026-10-04 (agent-reviewed, spot-checked): Partial. Request duration is logged as JSON and counted, but no slow-query logging, P95, SQL count or latency alerting exists.",OTHER,Security / Exception / Recovery,,sales,CONTROL,Future,System,Low,Low,Medium,Later,Partial,Not verified,Not verified,Not verified,Not verified,No,Built - partial,P3,2,,,,,,,,,Not run,System / Automation,System / Automation,KEPT_PREVIOUS,Inferred,,,,No,No,Validated (Supported),Partial,backend/core/middleware.py:RequestIdMiddleware; backend/core/ops_metrics.py:record_http_result,"Request duration is logged as JSON and counted, but no slow-query logging, P95, SQL count or latency alerting exists."
S-0570,S,System / Backup Engine,Security / Exception / Recovery,Automated continuous WAL archiving and daily encrypted PostgreSQL pg_dump snapshot,System / Backup Daemon,System Administrator,Zero-data-loss point-in-time recovery (PITR) capability in case of physical cloud hardware catastrophe,Uploads encrypted pg_dump and Write-Ahead Logs (WAL) to air-gapped S3 bucket with 30-day retention,P0,Partial,"Automated backup script with AES-256 encryption and automated test-restore health check. | Decision 2026-10-04 (delegated, quality-first): Build in MVP (3 days). WAL archiving and point-in-time recovery plus the daily encrypted dump; restore drill documented. | Truth 2026-10-05 (WI-007): Partial. No WAL archiving or point-in-time recovery, no RPO 5 min / RTO 1 h configuration, no provider key-service integration (GPG/age recipient only), and no timed restore drill log in qos/evidence. Daily encrypted dump script and a restore drill workflow exist but the WAL/PITR half and the recorded timed drill do not.",Strategic expansion,System engine,P0,Unchanged,Partial,"Code review 2026-10-04 (agent-reviewed, spot-checked): Partial. Daily GPG or age-encrypted pg_dump with optional offsite copy exists; no WAL archiving or PITR configuration was found.",OTHER,Security / Exception / Recovery,,core,CONTROL,Core,System,Critical,High,Medium,MVP,Partial,Not verified,Not verified,Not verified,Not verified,No,Built - partial,P0,18,,,3,,,backend/tests/test_backup_scripts.py::test_encrypted_dump_uses_age_and_is_not_plaintext_named; backend/tests/test_backup_scripts.py::test_offsite_command_receives_the_file_and_failure_is_fatal; backend/tests/test_backup_scripts.py::test_retention_is_by_age_but_keeps_the_newest_min_keep,2026-10-04,"pytest on Postgres 17, manual run",Partial,System / Automation,System / Automation,UNCHANGED,Inferred,,scripts/backup.sh; scripts/restore_drill.sh; .github/workflows/backup-restore-drill.yml,,No,No,Validated (Supported),Partial,scripts/backup.sh:pg_dump; scripts/backup.sh:BACKUP_OFFSITE_CMD,Daily GPG or age-encrypted pg_dump with optional offsite copy exists; no WAL archiving or PITR configuration was found.
S-0571,S,System / Cleanup Engine,Import / Export / Period Close,Temporary file and export archive garbage collection worker,System / Maintenance Worker,None,Prevent server disk exhaustion by automatically purging generated Excel/PDF export temp files older than 48h,Deletes expired temporary media files and orphaned import CSV uploads; frees local server storage,P3,Mechanism not found,Daily Celery maintenance job cleaning /tmp/media_exports/ directory.,Strategic expansion,System engine,P2,Kept P3. The previous workbook had P3. Authored priority was P2.,Mechanism not found,"Kept P3. The previous workbook had P3. Authored priority was P2. Code review 2026-10-04 (agent-reviewed, spot-checked): Contradicted. Only HelpEvent, idempotency and sandbox sweeps exist; no export or temp media garbage collection task.",CLOSE,"Import, export, and period close",,accounting,CONTROL,Future,System,Low,Low,Low,Later,Not in code,Not verified,Not verified,Not verified,Not verified,No,Gap,P3,1,,,,,,,,,Not run,System / Automation,System / Automation,KEPT_PREVIOUS,Authored,,,,No,No,Validated (Supported),Contradicted,"none found: searched cleanup, purge, media_exports, temp file in tasks.py","Only HelpEvent, idempotency and sandbox sweeps exist; no export or temp media garbage collection task."
S-0572,S,System / Rate Limiter,Security / Exception / Recovery,Distributed Redis token bucket rate limiting on public-facing API endpoints,System / Redis Rate Limiter,Anonymous / External Users,"Prevent brute force password guessing, OTP flooding, and DDoS attacks on auth and public checkout APIs","Enforces strict per-IP and per-tenant rate limits (e.g. max 5 login attempts/min, 100 API requests/min)",P0,Partial,"Django Ratelimit with Redis backend; returns HTTP 429 Too Many Requests. | Decision 2026-10-04 (delegated, quality-first): Build in MVP (2 days). Redis token bucket on public endpoints with per-tenant limits. | Truth 2026-10-05 (WI-008): Partial. Authenticated API is limited per credential at 100 per 10 s plus 1500/min per IP, not 600/min per tenant; fixed-window cache counter, not a token bucket; webhook limit is per IP and signature verification is separate; Redis-down alert is a single log line; no tests for register 5/h, portal 60/min, or the API limits. Login, OTP, register, portal, webhook rules and fail-closed fallback exist, but the tenant API limit differs from scope and several rules are untested.",Strategic expansion,System engine,P0,Unchanged,Partial,"Code review 2026-10-04 (agent-reviewed, spot-checked): Partial. DRF scoped throttles limit login, OTP and register per minute and return 429, but they are not django-ratelimit or a token bucket, and per-tenant limits are partial.",OTHER,Security / Exception / Recovery,,accounts,CONTROL,Core,System,Critical,High,Medium,MVP,Partial,Not verified,Not verified,Not verified,Not verified,No,Built - partial,P0,18,,,2,,,backend/tests/test_auth.py::test_login_locks_out_after_repeated_failures; backend/tests/test_auth.py::test_otp_request_throttle_scope_enforced_by_drf; backend/tests/test_public_pay_rate_limit.py::test_public_pay_token_endpoint_is_rate_limited; backend/tests/test_planwave_remaining.py::test_rate_limit_refuses_the_eleventh_login; backend/tests/test_planwave_remaining.py::test_same_account_login_stops_at_six; backend/tests/test_planwave_remaining.py::test_cache_down_closes_login_and_leaves_api_up; backend/tests/test_plan_above_items.py::test_otp_limit_follows_the_phone_not_the_ip,2026-10-05,pytest full suite on SQLite (agent run 2026-10-05); human review pending,Partial,System / Automation,System / Automation,UNCHANGED,Inferred,,backend/planwave/ratelimit.py:rules_for; backend/planwave/ratelimit.py:_hit; backend/planwave/ratelimit.py:PlanRateLimitMiddleware,,No,No,Validated (Supported),Partial,backend/config/settings.py:DEFAULT_THROTTLE_RATES,"DRF scoped throttles limit login, OTP and register per minute and return 429, but they are not django-ratelimit or a token bucket, and per-tenant limits are partial."
S-0573,S,System / Reconciliation Worker,Payments & Reconciliation,Automated payment gateway webhook signature cryptographic verification worker,System / Webhook Engine,Cashier,Ensure payment gateway callback authenticity and reject fraudulent spoofed payment completion requests,Verifies HMAC SHA-256 signature using webhook secret; rejects unverified payload with HTTP 400,P0,Validated (Supported),Core security invariant: HMAC signature verification required before marking invoice PAID.,Strategic expansion,System engine,P0,Unchanged,Code reviewed - confirmed,"Code review 2026-10-04 (agent-reviewed, spot-checked): Confirmed. Adapter HMAC-SHA256 verify_webhook runs before settlement; invalid signature is rejected (HTTP 401, not 400).",PAYREC,Payments and reconciliation,,payments,RUN,Core,System,High,High,Low,MVP,Cited in code,Not verified,Not verified,Not verified,Not verified,No,Built - tested,P0,9,,,,,,backend/tests/errors/test_webhook_and_async_contracts.py::test_billing_webhook_rejects_bad_signature_and_dedups_replay; backend/tests/test_phase3_payments.py::test_webhook_hmac_fail_rejected,2026-10-04,"pytest on Postgres 17, manual run",Pass,System / Automation,System / Automation,UNCHANGED,Authored,,,,No,No,Validated (Supported),Confirmed,backend/payments/gateway.py:RazorpayAdapter; backend/payments/webhook_views.py:payment_webhook,"Adapter HMAC-SHA256 verify_webhook runs before settlement; invalid signature is rejected (HTTP 401, not 400)."
S-0574,S,System / Alert Engine,Reporting & Business Intelligence,Threshold-based anomaly detector for unusual cash discounts or abnormal bill amounts,System / AI Anomaly Worker,Business Owner,"Detect employee fraud or fat-finger typos (e.g. ₹5,00,000 bill on retail counter or 90% discount)",Flags transaction as STATISTICAL_OUTLIER; generates urgent AttentionRowState notification for owner,P1,Mechanism not found,"Z-score statistical anomaly detector running on invoice completion signal. | Truth 2026-10-05 (WI-064): Partial. The discount median is across all the customer's lines rather than the item's; the rupee floor is a code default, not per company; the review queue is list-only (no resolve) and has no UI; review_completed_sale and the queue endpoint are untested. Flagging rule and queue table exist with a unit test, but item-level median, per-company thresholds and an exercised queue are missing.",Strategic expansion,System engine,P1,Unchanged,Mechanism not found,"No Z-score invoice anomaly detector was found. Code review 2026-10-04 (agent-reviewed, spot-checked): Partial. Threshold alerts for below-cost and high discount exist; no Z-score or abnormal bill-amount detection.",RPT,Reporting and business intelligence,,reporting,CONTROL,Core,System,Medium,Medium,Low,Pilot,Partial,Not verified,Not verified,Not verified,Not verified,No,Built - partial,P1,6,,,,,,backend/tests/test_planwave_remaining.py::test_provision_interest_anomaly_cashflow_and_2b,2026-10-05,pytest full suite on SQLite (agent run 2026-10-05); human review pending,Partial,System / Automation,System / Automation,UNCHANGED,Authored,,backend/insights/models.py:AttentionRowState; backend/planwave/services.py:flag_anomaly; backend/planwave/finish.py:review_completed_sale; backend/planwave/models.py:AnomalyReview; backend/planwave/views.py:AnomalyList,backend/tests/test_attention_outcomes.py; backend/tests/test_b05_attention.py,No,No,Mechanism not found,Partial,backend/insights/alerts.py:SALE_BELOW_COST; backend/insights/alerts.py:DISCOUNT_OVER_THRESHOLD; backend/insights/models.py:AttentionRowState,Threshold alerts for below-cost and high discount exist; no Z-score or abnormal bill-amount detection.
S-0575,S,System / Lock Engine,Inventory Lifecycle,Pessimistic database locking on concurrent warehouse stock deduction,System / Database Engine,Multiple Billing Clerks,Prevent negative inventory race condition when two cashiers bill the last remaining unit simultaneously,Executes SELECT FOR UPDATE on StockBalance row; serializes deduction; rejects second bill cleanly,P0,Validated (Supported),Core concurrency invariant: atomic row-level lock on StockBalance during checkout.,Strategic expansion,System engine,P0,Unchanged,Code symbol found,Matched StockBalance in product code. This is not a functional test.,INV,Inventory lifecycle,,inventory,RUN,Core,System,High,High,Low,MVP,Cited in code,Not verified,Not verified,Not verified,Not verified,No,Built - tested,P0,9,,,,,,backend/tests/test_concurrency_races.py::test_concurrent_sales_complete_oversell_blocked; backend/tests/test_concurrency_races.py::test_concurrent_stock_oversell_blocked,2026-10-04,"pytest on Postgres 17, manual run",Pass,System / Automation,System / Automation,UNCHANGED,Authored,,backend/inventory/models.py:StockBalance,backend/tests/test_a11_a12_stock_cost.py; backend/tests/test_a4_a5_reporting.py; backend/tests/test_a6_manual_serial_return.py,No,No,,,,
S-0576,S,System / Indexing Engine,Customer-to-Cash,Automated PostgreSQL Trigram and GIN full-text search indexing on product catalog,System / Search Engine,Billing Clerk,Sub-50ms search response when scanning barcodes or typing misspelled product brand names,"Maintains PostgreSQL pg_trgm and GIN indexes across SKU, Barcode, Brand, and Generic Composition",P1,Mechanism not found,Database GIN trigram index on products; handles partial matching and typo tolerance.,Strategic expansion,System engine,P1,Unchanged,Mechanism not found,"Code review 2026-10-04 (agent-reviewed, spot-checked): Contradicted. Search uses icontains/iexact filters; no trigram or GIN index is defined in models.",C2C,Customer to cash,,sales,RUN,Core,System,Medium,Medium,Low,Pilot,Not in code,Not verified,Not verified,Not verified,Not verified,No,Gap,P1,6,,,,,,,,,Not run,System / Automation,System / Automation,UNCHANGED,Authored,,,,No,No,Validated (Supported),Contradicted,"none found: searched pg_trgm, GinIndex, TrigramExtension, SearchVector in non-migration code; backend/search/views.py:UniversalSearchView",Search uses icontains/iexact filters; no trigram or GIN index is defined in models.
S-0577,S,System / Session Worker,Security / Exception / Recovery,Concurrent session limiter and idle token expiration worker,System / Auth Worker,All Users,Enforce single-device login policy per user license and automatically terminate stale browser sessions,Invalidates JWT refresh tokens on idle timeout (60 mins); blocks second concurrent browser login,P1,Mechanism not found,Redis session store tracking active user JWT tokens; rejects simultaneous logins if unlicensed.,Strategic expansion,System engine,P1,Unchanged,Mechanism not found,"Code review 2026-10-04 (agent-reviewed, spot-checked): Contradicted. No concurrent session limiter or idle-token expiry worker exists; only logout-all and refresh-token blacklisting were found.",OTHER,Security / Exception / Recovery,,accounts,CONTROL,Core,System,High,Medium,Medium,Pilot,Not in code,Not verified,Not verified,Not verified,Not verified,No,Gap,P1,12,,,,,,,,,Not run,System / Automation,System / Automation,UNCHANGED,Inferred,,,,No,No,Validated (Supported),Contradicted,"none found: searched concurrent session, idle timeout, single device, session limit in accounts",No concurrent session limiter or idle-token expiry worker exists; only logout-all and refresh-token blacklisting were found.
S-0578,S,System / Valuation Worker,Inventory Lifecycle,FIFO cost layer consumption and recalculation worker on back-dated purchase intake,System / Costing Engine,In-house Accountant,Ensure inventory cost layers and Cost of Goods Sold (COGS) are retroactively accurate if bills arrive late,Re-traverses outward sales movements chronologically; updates COGS and gross margin variance,P1,Mechanism not found,Perpetual FIFO cost re-sequencing engine with accounting adjustment journal creation.,Strategic expansion,System engine,P1,Unchanged,Mechanism not found,"Code review 2026-10-04 (agent-reviewed, spot-checked): Contradicted. FIFO layers are consumed in posting order, explicitly not by movement date; no retroactive COGS recalculation worker.",INV,Inventory lifecycle,,inventory,RUN,Core,System,High,High,Low,Pilot,Not in code,Not verified,Not verified,Not verified,Not verified,No,Gap,P1,9,,,,,,,,,Not run,System / Automation,System / Automation,UNCHANGED,Authored,,,,No,No,Validated (Supported),Contradicted,backend/inventory/services.py:_apply_cost_layers; none found: searched back-dated FIFO re-sequencing worker,"FIFO layers are consumed in posting order, explicitly not by movement date; no retroactive COGS recalculation worker."
S-0579,S,System / Audit Watchdog,Security / Exception / Recovery,Tamper-evident cryptographic hash chaining on audit trail activity records,System / Security Daemon,Statutory Auditor,Cryptographically prove in a court of law or tax audit that activity logs have never been altered,Computes SHA-256 hash = hash(prev_hash + log_data); creates immutable blockchain-style audit chain,P0,Code Complete & Verified,Cryptographic audit chain satisfying Section 65B Indian Evidence Act for digital records. | Truth 2026-10-05 (WI-034): Partial. No drill log in qos/evidence; the task-level gap path (running seal_audit_chain_task with a stale heartbeat) is not tested directly. Missed-run check and Owner notification exist and are tested at function level; the drill evidence is absent.,Strategic expansion,System engine,P0,Unchanged,Code symbol found,"Re-checked 2026-10-04: core/services/audit_chain.py seals and verifies a per-company sha256 chain (chain_seq, chain_prev, chain_hash). tests/test_audit_chain_edge_cases.py passed on SQLite on 2026-10-04 (tests/test_audit_append_only.py exists; not re-run). Limits: sealing is a nightly batch, so events after the last seal are not yet protected. Earlier 'Mechanism not found' was stale.",OTHER,Security / Exception / Recovery,,accounting,CONTROL,Core,System,Critical,High,Medium,MVP,Cited in code,tests/test_audit_chain_edge_cases.py passed 2026-10-04 (SQLite),Not verified,Not verified,Not verified,No,Built - tested,P0,18,,,,,,tests/test_audit_chain_edge_cases.py; backend/tests/test_audit_append_only.py::test_editing_a_sealed_event_is_detected; backend/tests/test_audit_append_only.py::test_seal_assigns_a_contiguous_chain_and_verifies; backend/tests/test_plan_audit_seal_session.py::test_seal_gap_alerts_the_owner_and_a_fresh_run_does_not; backend/tests/test_plan_partials.py::test_missed_audit_seal_notifies_the_owner,2026-10-05,pytest full suite on SQLite (agent run 2026-10-05); human review pending,Partial,System / Automation,System / Automation,UNCHANGED,Inferred,,backend/core/tasks.py:seal_audit_chain_task; backend/core/tasks.py:alert_missed_seal; backend/core/tasks.py:seal_gap_seconds,,No,No,,,,
S-0580,S,System / EWB Watchdog,GST / Tax / Compliance,Automated E-Way Bill expiry warning crawler,System / Compliance Worker,Logistics Dispatcher,Scan active E-Way Bills hourly and alert logistics team 4 hours prior to transit validity expiry,Surfaces high-priority EWB_EXPIRING_SOON alert; prompts one-click 8-hour validity extension,P0,Validated (Supported),Hourly cron job comparing ewb.valid_upto against now(); pushes alerts to dispatch desk.,Strategic expansion,System engine,P1,Kept P0. The previous workbook had P0. Authored priority was P1.,Code symbol found,Matched valid_upto in product code. This is not a functional test. Kept P0. The previous workbook had P0. Authored priority was P1.,GST,GST and tax compliance,,accounting,CONTROL,Core,System,Critical,High,High,MVP,Cited in code,Not verified,Not verified,Not verified,Not verified,No,Built - unverified,P0,27,,,,,,,,,Not run,System / Automation,System / Automation,KEPT_PREVIOUS,Authored,,,,No,No,,,,
UX-0581,UX,Counter Clerk / POS Operator,Customer-to-Cash,Full keyboard-only hotkey navigation across POS rapid checkout,Counter Billing Clerk,None,"Cashier can complete 100% of retail checkout (scan, discount, tender, print) without touching mouse",Reduces checkout time from 45s to 12s per customer; eliminates repetitive strain injury,P1,Partial,"POS keys in web/src/pages/pos/PosPage.tsx: F2 focuses search, F1 cash, F4 card, F5 and F6 UPI, F7 credit, F8 holds the session. The previous note reversed this map. | Truth 2026-10-05 (WI-052): Partial. Function-key shortcuts exist and are tested, but there is no test of full keyboard-only navigation (tab order, line editing, arrow selection, quantity changes). web/src/__tests__/ux_0581.test.tsx does not exist. POS hotkeys F1-F11 are built and tested; complete keyboard-only navigation is not demonstrated.",Strategic expansion,Named role,P1,Unchanged,Partial,"Previous note said F1 search, F4 cash, and F8 print. Code review 2026-10-04 (agent-reviewed, spot-checked): Partial. F-keys cover search, tender, hold, clear and reprint, but no keyboard path for discount; keyboard-only completion is not fully shown.",C2C,Customer to cash,,sales,RUN,Differentiator,Named role,Medium,Medium,Low,Later,Partial,Not verified,Not verified,Not verified,Not verified,No,Built - partial,P2,4,,,,,,web/src/pages/pos/PosPage.hotkeys.test.tsx::F2 focuses and selects the barcode search input; web/src/pages/pos/PosPage.hotkeys.test.tsx::F1 triggers cash payment and completes checkout; web/src/pages/pos/PosPage.hotkeys.test.tsx::F10 clears the active cart,2026-10-05,pytest full suite on SQLite (agent run 2026-10-05); human review pending,Partial,Billing / Counter Clerk,Billing / Counter Clerk,UNCHANGED,Authored,,web/src/pages/pos/PosPage.tsx; web/src/pages/pos/PosPage.hotkeys.test.tsx,,No,No,Partial,Partial,web/src/pages/pos/PosPage.tsx:holdAndCreateSession,"F-keys cover search, tender, hold, clear and reprint, but no keyboard path for discount; keyboard-only completion is not fully shown."
UX-0582,UX,Counter Clerk / POS Operator,Customer-to-Cash,Multi-cart hold and recall tabs for interrupted counter checkout,Counter Billing Clerk,Walk-in Customer,Hold current customer's cart when they step away to pick another item; bill next customer immediately,Saves active cart in memory/indexedDB; recalls held cart with 1 click; eliminates queue blockage,P1,Partial,"Session hold is F8 (holdAndCreateSession). F9 recalls when more than one session exists. F6 tenders UPI. A five-cart cap was not verified. | Truth 2026-10-05 (WI-053): Partial. Multi-cart hold in the web is client-side sessionStorage only; the backend PosCartHold is not called by the web and creates no stock reservation, so reservation survival is unproven; no web/src/__tests__/ux_0582.test.tsx. Hold and recall of several carts works in the UI but does not reserve stock.",Strategic expansion,Named role,P1,Unchanged,Partial,"Previous note called F6 Hold Bill. Code review 2026-10-04 (agent-reviewed, spot-checked): Confirmed. F8 holds the cart and opens a new session; F9 and Ctrl+1-9 switch sessions. Cap of five not checked.",C2C,Customer to cash,,sales,RUN,Differentiator,Named role,Medium,Medium,Low,Later,Cited in code,Not verified,Not verified,Not verified,Not verified,No,Built - partial,P2,4,,,,,,web/src/pages/pos/PosPage.hotkeys.test.tsx; backend/tests/test_planwave_finish.py::test_pos_hold_expires_and_the_row_remains,2026-10-05,pytest full suite on SQLite (agent run 2026-10-05); human review pending,Partial,Billing / Counter Clerk,Billing / Counter Clerk,UNCHANGED,Authored,,web/src/pages/pos/PosPage.tsx; backend/planwave/finish.py:hold_pos_cart; backend/planwave/finish.py:release_expired_pos_holds,,No,No,Partial,Confirmed,web/src/pages/pos/PosPage.tsx:holdAndCreateSession,F8 holds the cart and opens a new session; F9 and Ctrl+1-9 switch sessions. Cap of five not checked.
UX-0583,UX,All Roles,Security / Exception / Recovery,Universal 10-second 'Undo' toast notification on accidental deletions or cancellations,Business User,None,Allows user to instantly reverse accidental deletion of draft order or line item without data loss,Delays destructive database purge by 10 seconds; restores UI state seamlessly if user clicks Undo,P1,Mechanism not found,Nielsen Heuristic 3: User Control & Freedom. Snackbar toast with interactive Undo action.,Strategic expansion,Platform or theme scope,P1,Unchanged,Mechanism not found,"Code review 2026-10-04 (agent-reviewed, spot-checked): Contradicted. No Undo snackbar or delayed destructive delete exists in the web app; only bank match unmatch was found.",OTHER,Security / Exception / Recovery,,accounts,CONTROL,Differentiator,Platform scope,Medium,Medium,Medium,Later,Not in code,Not verified,Not verified,Not verified,Not verified,No,Gap,P2,8,,,,,,,,,Not run,Business Owner,Business Owner,UNCHANGED,Inferred,,,,No,No,Validated (Supported),Contradicted,"none found: searched undo, onUndo in web/src components and pages",No Undo snackbar or delayed destructive delete exists in the web app; only bank match unmatch was found.
UX-0584,UX,All Roles,Customer-to-Cash,Contextual inline error guidance with auto-fix suggestions on GST validation failures,Billing Clerk / Accountant,None,"Instead of cryptic 'Invalid Tax' error, UI explains: 'Customer is in Maharashtra. Apply IGST instead of CGST'",Provides 1-click 'Auto-Fix Tax' button; resolves user confusion and eliminates support tickets,P1,Mechanism not found,Nielsen Heuristic 9: Error Recovery. Inline alert banner with prescriptive remediation action.,Strategic expansion,Platform or theme scope,P1,Unchanged,Mechanism not found,"Code review 2026-10-04 (agent-reviewed, spot-checked): Contradicted. No Auto-Fix Tax button or IGST-vs-CGST remediation message; tax split is derived from place of supply instead.",C2C,Customer to cash,,sales,RUN,Differentiator,Platform scope,Medium,Medium,Low,Later,Not in code,Not verified,Not verified,Not verified,Not verified,No,Gap,P2,4,,,,,,,,,Not run,Accountant / Finance,Accountant / Finance,UNCHANGED,Authored,,,,No,No,Validated (Supported),Contradicted,"none found: searched auto-fix, IGST instead in web/src and backend/sales",No Auto-Fix Tax button or IGST-vs-CGST remediation message; tax split is derived from place of supply instead.
UX-0585,UX,Managing Proprietor,Reporting & Business Intelligence,Visual empty-state illustrations with actionable onboarding shortcuts,New Business Owner,None,"When opening a new account with zero sales, screen shows friendly graphic and 'Create Your First Bill' button",Guides user directly into productive action; reduces first-day churn by 40%,P1,Partial,"Designed empty states with call-to-action buttons across Invoices, Customers, and Products.",Strategic expansion,Named role,P1,Unchanged,Partial,"Code review 2026-10-04 (agent-reviewed, spot-checked): Partial. Empty states with add actions exist on some lists; no illustrations and no Create Your First Bill prompt found.",RPT,Reporting and business intelligence,,reporting,CONTROL,Differentiator,Owner,Medium,Medium,Low,Later,Partial,Not verified,Not verified,Not verified,Not verified,No,Built - partial,P2,4,,,,,,,,,Not run,Business Owner,Business Owner,UNCHANGED,Authored,,,,No,No,Validated (Supported),Partial,web/src/components/PageState.tsx:EmptyState,Empty states with add actions exist on some lists; no illustrations and no Create Your First Bill prompt found.
UX-0586,UX,All Roles,Reporting & Business Intelligence,"Global omnibar quick-search (Ctrl+K / Cmd+K) across commands, customers, and invoices",Power User / Owner,None,"Instantly navigate to any customer profile, invoice, report, or action from anywhere in app via Ctrl+K",Reduces menu clicking; allows keyboard navigation to any screen in under 2 seconds,P1,Partial,"Command Palette modal (Ctrl+K) indexing system routes, recent records, and quick actions. | Truth 2026-10-05 (WI-054): Partial. Palette lists navigation routes only; no data search and no actions; no test file. Ctrl+K navigation palette exists but lacks search and actions and is untested. | Drift check 2026-10-05: CommandPalette.tsx exists (Ctrl+K over navigation); no customer or invoice search, no arrow-key selection",Strategic expansion,Platform or theme scope,P1,Unchanged,Mechanism not found,"No Ctrl+K command palette was found in the web client. Code review 2026-10-04 (agent-reviewed, spot-checked): Contradicted. No command palette or Ctrl+K handler exists.",RPT,Reporting and business intelligence,,reporting,CONTROL,Differentiator,Platform scope,Medium,Medium,Low,Later,Not in code,Not verified,Not verified,Not verified,Not verified,No,Built - partial,P2,4,,,,,,,,,Not run,Business Owner,Business Owner,UNCHANGED,Authored,,web/src/components/CommandPalette.tsx:CommandPalette; web/src/layouts/AppShell.tsx,,No,No,Mechanism not found,Contradicted,"none found: searched ctrl+k, command palette, omnibar in web/src",No command palette or Ctrl+K handler exists.
UX-0587,UX,Billing Clerk / Salesperson,Customer-to-Cash,Dynamic customer credit health pill with color-coded risk indicator during billing,Billing Clerk,Customer,"Real-time visual pill on billing header showing customer credit status (Green: OK, Yellow: Near Limit, Red: Blocked)",Prevents embarrassing checkout arguments; alerts clerk to customer payment status before packing items,P1,Partial,Color-coded Credit Health badge on customer search dropdown and order cart header.,Strategic expansion,Named role,P1,Unchanged,Partial,"Code review 2026-10-04 (agent-reviewed, spot-checked): Partial. Only a red credit-hold chip shown for stop-credit or severe overdue; no green or yellow near-limit states.",C2C,Customer to cash,,sales,RUN,Differentiator,Named role,Medium,Medium,Low,Later,Partial,Not verified,Not verified,Not verified,Not verified,No,Built - partial,P2,4,,,,,,,,,Not run,Billing / Counter Clerk,Billing / Counter Clerk,UNCHANGED,Authored,,,,No,No,Validated (Supported),Partial,web/src/components/CreditHoldChip.tsx:CreditHoldChip; web/src/pages/sales/NewInvoicePage.tsx:CreditHoldChip,Only a red credit-hold chip shown for stop-credit or severe overdue; no green or yellow near-limit states.
UX-0588,UX,Inventory Staff,Inventory Lifecycle,Visual warehouse shelf/rack visual locator badge on stock search,Warehouse Picker,None,Stock search displays exact physical warehouse location tag (e.g. 'Godown 1 > Aisle B > Shelf 3'),Reduces order picking search time from 5 minutes to 30 seconds per item,P2,Mechanism not found,"Displays location_tag pill on product row in warehouse pick lists and search results. | Truth 2026-10-05 (WI-055): Not built. No rack or bin location field on stock models, serializers or the stock and picking views, and no badge component. Searched backend inventory models and web/src for rack/bin/shelf location and found nothing.",Strategic expansion,Named role,P2,Unchanged,Mechanism not found,"No location_tag shelf-locator field was found. Code review 2026-10-04 (agent-reviewed, spot-checked): Contradicted. No shelf or rack locator field exists on stock or warehouse models.",INV,Inventory lifecycle,,inventory,RUN,Differentiator,Named role,Medium,High,Low,Later,Not in code,Not verified,Not verified,Not verified,Not verified,No,Gap,P2,6,,,,,,,,,Not run,Inventory / Warehouse,Inventory / Warehouse,UNCHANGED,Authored,,,,No,No,Mechanism not found,Contradicted,"none found: searched location_tag, shelf, rack, aisle, bin_location in backend and web",No shelf or rack locator field exists on stock or warehouse models.
UX-0589,UX,In-house Accountant,Import / Export / Period Close,Interactive spreadsheet-style inline grid editing for bulk transaction review,In-house Accountant,None,"Edit HSN codes, tax rates, or accounts across 50 purchase bills in single Excel-like data grid",Eliminates opening 50 individual forms; enables rapid month-end review in 15 minutes,P1,Mechanism not found,"Keyboard-driven DataGrid with arrow key navigation, cell copy-paste, and batch save.",Strategic expansion,Named role,P1,Unchanged,Mechanism not found,"Code review 2026-10-04 (agent-reviewed, spot-checked): Contradicted. No spreadsheet-style editable grid for bulk purchase bill review.",CLOSE,"Import, export, and period close",,accounting,CONTROL,Differentiator,Accountant,Medium,Medium,Low,Later,Not in code,Not verified,Not verified,Not verified,Not verified,No,Gap,P2,4,,,,,,,,,Not run,Accountant / Finance,Accountant / Finance,UNCHANGED,Authored,,,,No,No,Validated (Supported),Contradicted,"none found: searched DataGrid, ag-grid, spreadsheet, bulk edit in web/src",No spreadsheet-style editable grid for bulk purchase bill review.
UX-0590,UX,All Roles,Security / Exception / Recovery,Deterministic progress bar with estimated time remaining on bulk CSV imports,Business User,None,"Shows real-time progress bar (e.g. 'Row 450 of 1,200 imported - 15 seconds remaining') during large imports",Prevents anxious users from refreshing browser or aborting ongoing database import jobs,P1,Mechanism not found,"Nielsen Heuristic 1: Visibility of System Status. WebSocket progress bar with row counter. | Truth 2026-10-05 (WI-056): Partial. A progress bar with an ETA exists but is a time-based estimate (0.05 s per row), not server progress, and has no test; no ux_0590.test.tsx. Visible progress and ETA exist in the import commit UI but it is estimated and untested.",Strategic expansion,Platform or theme scope,P1,Unchanged,Mechanism not found,"No WebSocket import-progress channel was found. Code review 2026-10-04 (agent-reviewed, spot-checked): Contradicted. ImportJob has no progress counter, websocket channel or time-remaining estimate for bulk imports.",OTHER,Security / Exception / Recovery,,accounts,CONTROL,Differentiator,Platform scope,Medium,Medium,Medium,Later,Not in code,Not verified,Not verified,Not verified,Not verified,No,Built - partial,P2,8,,,,,,,,,Not run,Business Owner,Business Owner,UNCHANGED,Inferred,,web/src/pages/settings/ImportPage.tsx,,No,No,Mechanism not found,Contradicted,"none found: searched progress, rows_done, processed in backend/imports","ImportJob has no progress counter, websocket channel or time-remaining estimate for bulk imports."
UX-0591,UX,Managing Proprietor,Reporting & Business Intelligence,One-click 'Privacy Mask' toggle hiding rupee figures from bystander view,Business Owner ('Sethji'),Bystanders / Customers,"Quick eye icon toggle that obscures revenue, bank balance, and profit numbers when customers are standing nearby",Protects business financial confidentiality while allowing owner to review operational lists,P3,Partial,"Privacy Mode toggle (Shift+P) replacing currency digits with '₹ ••••••' across dashboard. | Truth 2026-10-05 (WI-057): Partial. No test; only components using MoneyText are masked, other rupee displays may not be. Toggle with Shift+P and session storage exists, but nothing tests it. | Drift check 2026-10-05: PrivacyMask provider and toggle exist; blur covers papers and table cells only",Strategic expansion,Named role,P2,Set to P3. The previous workbook had P2. Authored priority was P2.,Mechanism not found,"No Shift+P privacy mask was found in the web client. Set to P3. The previous workbook had P2. Authored priority was P2. Code review 2026-10-04 (agent-reviewed, spot-checked): Contradicted. No privacy mask toggle exists.",RPT,Reporting and business intelligence,,reporting,CONTROL,Future,Owner,Low,Low,Low,Later,Not in code,Not verified,Not verified,Not verified,Not verified,No,Built - partial,P3,1,,,,,,,,,Not run,Business Owner,Business Owner,OVERRIDDEN,Authored,,web/src/privacy/PrivacyMask.tsx:PrivacyMaskProvider; web/src/components/insights/MoneyText.tsx:MoneyText; web/src/layouts/AppShell.tsx,,No,No,Mechanism not found,Contradicted,"none found: searched privacy mask, hideAmounts, shift+P in web/src",No privacy mask toggle exists.
UX-0592,UX,Counter Clerk,Customer-to-Cash,"Sound feedback cues on barcode scan success, duplicate scan, and error",Billing Clerk,None,Distinct audible beeps confirming successful barcode scan (high chime) vs error/out-of-stock (low buzz),Allows clerk to scan rapid supermarket items without glancing back and forth at computer monitor,P3,Partial,"Web Audio API sound synthesizers for SCAN_SUCCESS, DUPLICATE_WARNING, and ERROR_BLOCK. | Drift check 2026-10-05: scanSounds.ts exists (web audio cues)",Strategic expansion,Named role,P2,Kept P3. The previous workbook had P3. Authored priority was P2.,Mechanism not found,"Kept P3. The previous workbook had P3. Authored priority was P2. Code review 2026-10-04 (agent-reviewed, spot-checked): Contradicted. No sound feedback code exists for scan success, duplicate or error.",C2C,Customer to cash,,sales,RUN,Future,Named role,Low,Low,Low,Later,Not in code,Not verified,Not verified,Not verified,Not verified,No,Built - partial,P3,1,,,,,,,,,Not run,Billing / Counter Clerk,Billing / Counter Clerk,KEPT_PREVIOUS,Authored,,,,No,No,Validated (Supported),Contradicted,"none found: searched AudioContext, createOscillator, new Audio, beep in web/src","No sound feedback code exists for scan success, duplicate or error."
UX-0593,UX,Field Salesperson,Sales / CRM / Customer Lifecycle,High-contrast outdoor glare mode for mobile field order booking,Field Salesperson,Retailer,Optimized ultra-high-contrast UI theme designed for readability under direct bright Indian sunlight,Eliminates outdoor screen squinting; enables smooth order booking on dusty street corners,P2,Mechanism not found,Outdoor Sunlight Mode with pure black text on pure white background and bold 16px typography.,Strategic expansion,Named role,P2,Restored to authored P2. The previous workbook had P3 after a keyword rebalance.,Mechanism not found,"Restored to authored P2. The previous workbook had P3 after a keyword rebalance. Code review 2026-10-04 (agent-reviewed, spot-checked): Contradicted. No outdoor or high-contrast theme mode exists; theme only adjusts specific contrast colors.",CRM,Sales and CRM lifecycle,,crm,GROW,Differentiator,Sales,Medium,Medium,Low,Later,Not in code,Not verified,Not verified,Not verified,Not verified,No,Gap,P2,4,,,,,,,,,Not run,Sales & Growth,Sales & Growth,RESTORED_TO_AUTHORED,Authored,,,,No,No,Validated (Supported),Contradicted,"none found: searched outdoor, sunlight, glare, highContrast in web/src and web/src/theme",No outdoor or high-contrast theme mode exists; theme only adjusts specific contrast colors.
UX-0594,UX,All Roles,Customer-to-Cash,Persistent customer quick-create side drawer without losing current document state,Billing Clerk / Salesperson,New Customer,Slide-out drawer allowing full new customer onboarding without navigating away or losing active cart items,Saves customer master; auto-selects newly created party in active bill; cart remains 100% intact,P1,Partial,Non-modal slide-over drawer (Flyout) with isolated form state preserving background cart.,Strategic expansion,Platform or theme scope,P1,Unchanged,Partial,"Code review 2026-10-04 (agent-reviewed, spot-checked): Partial. Customer is created in a modal Dialog on the invoice page, auto-selected, cart intact; it is not a slide-out drawer.",C2C,Customer to cash,,sales,RUN,Differentiator,Platform scope,Medium,Medium,Low,Later,Partial,Not verified,Not verified,Not verified,Not verified,No,Built - partial,P2,4,,,,,,,,,Not run,Billing / Counter Clerk,Billing / Counter Clerk,UNCHANGED,Authored,,,,No,No,Validated (Supported),Partial,web/src/pages/sales/invoice/InvoicePartyPanel.tsx:onCustomerCreated; web/src/pages/sales/NewInvoicePage.tsx:onCustomerCreated,"Customer is created in a modal Dialog on the invoice page, auto-selected, cart intact; it is not a slide-out drawer."
UX-0595,UX,Managing Proprietor,Reporting & Business Intelligence,Executive Morning Briefing card summarizing '3 Things That Need You Today',Business Owner,None,"Top of dashboard highlights 3 prioritized action items (e.g. '₹1.2L overdue from Sharma', '5 items out of stock')",Eliminates analytical paralysis; gives owner clear 5-minute action plan every morning,P1,Partial,Priority Triage Engine generating 3 high-impact daily call-to-action cards.,Strategic expansion,Named role,P1,Unchanged,Partial,"Code review 2026-10-04 (agent-reviewed, spot-checked): Partial. Dashboard shows top 3 business alerts and a ranked attention feed; not a dedicated daily briefing engine.",RPT,Reporting and business intelligence,,reporting,CONTROL,Differentiator,Owner,Medium,Medium,Low,Later,Partial,Not verified,Not verified,Not verified,Not verified,No,Built - partial,P2,4,,,,,,,,,Not run,Business Owner,Business Owner,UNCHANGED,Authored,,,,No,No,Validated (Supported),Partial,web/src/pages/DashboardPage.tsx:topBiz; backend/insights/attention.py,Dashboard shows top 3 business alerts and a ranked attention feed; not a dedicated daily briefing engine.
UX-0596,UX,All Roles,Security / Exception / Recovery,Clear destructive action confirmation dialog with explicit entity name typing,Business User,System Administrator,Permanently cancelling an annual return or deleting a company requires typing 'DELETE' to confirm,Prevents catastrophic accidental clicks on destructive administrative actions,P0,Mechanism not found,"Nielsen Heuristic 5: Error Prevention. Type-to-confirm modal on high-risk operations. | Decision 2026-10-04 (delegated, quality-first): Build in Pilot (1 days). Typed-confirmation input on destructive dialogs. | Truth 2026-10-05 (WI-043): Partial. Typed confirmation is opt-in and used on only a few dialogs (contracts, campaigns, growth widgets); other destructive dialogs do not require typing. Planned file web/src/__tests__/ux_0596.test.tsx does not exist. The reusable typed-confirm component is built and tested but applied to only a few destructive dialogs.",Strategic expansion,Platform or theme scope,P0,Unchanged,Mechanism not found,"Code review 2026-10-04 (agent-reviewed, spot-checked): Contradicted. ConfirmDialog has no typed-confirmation input; no type-DELETE flow found.",OTHER,Security / Exception / Recovery,,web (frontend),CONTROL,Differentiator,Platform scope,High,High,Medium,Pilot,Not in code,Not verified,Not verified,Not verified,Not verified,No,Built - partial,P0,12,,,1,,,web/src/components/ConfirmDialog.test.tsx::BUG-UI-005 requires the document number before a destructive confirm; web/src/components/ConfirmDialog.test.tsx::asks for nothing to be typed unless the caller opts in,2026-10-05,pytest full suite on SQLite (agent run 2026-10-05); human review pending,Partial,Business Owner,Business Owner,UNCHANGED,Inferred,,web/src/components/ConfirmDialog.tsx:requireTyped; web/src/pages/contracts/ContractsPage.tsx; web/src/pages/crm/CampaignsPage.tsx,,No,No,Validated (Supported),Contradicted,"none found: searched type-to-confirm, confirmPhrase, DELETE typing in web/src/components/ConfirmDialog.tsx",ConfirmDialog has no typed-confirmation input; no type-DELETE flow found.
UX-0597,UX,Counter Clerk,Customer-to-Cash,Quick quantity multiplier keypad shortcuts during retail barcode scanning,Counter Billing Clerk,None,Typing '5*' followed by scanning barcode automatically adds 5 units without scanning 5 individual times,Accelerates supermarket checkout for multi-pack items (e.g. 10 soap bars),P1,Mechanism not found,POS input parser supporting syntax 'N*BARCODE' or scanning followed by '+' key increment.,Strategic expansion,Named role,P1,Unchanged,Mechanism not found,"Code review 2026-10-04 (agent-reviewed, spot-checked): Contradicted. tryAddByBarcode matches the raw string exactly; no quantity-multiplier syntax is parsed.",C2C,Customer to cash,,sales,RUN,Differentiator,Named role,Medium,Medium,Low,Later,Not in code,Not verified,Not verified,Not verified,Not verified,No,Gap,P2,4,,,,,,,,,Not run,Billing / Counter Clerk,Billing / Counter Clerk,UNCHANGED,Authored,,,,No,No,Validated (Supported),Contradicted,"none found: searched N*barcode parser, multiplier in web/src/pages/pos/PosPage.tsx:tryAddByBarcode",tryAddByBarcode matches the raw string exactly; no quantity-multiplier syntax is parsed.
UX-0598,UX,All Roles,Customer-to-Cash,Live responsive document print preview with paper size switching (A4 vs A5 vs Thermal),Billing Clerk,Customer,"Instant visual preview of invoice layout showing exact pagination, logo placement, and fold lines","Allows instant toggling between 2-inch thermal slip, 3-inch roll, and A4 tax invoice before printing",P1,Mechanism not found,Client-side SVG/HTML print preview modal with live CSS media query switching.,Strategic expansion,Platform or theme scope,P1,Unchanged,Mechanism not found,"Code review 2026-10-04 (agent-reviewed, spot-checked): Contradicted. Only buttons that download 80mm or 58mm thermal PDFs exist; no live preview modal or A4/A5/thermal switching.",C2C,Customer to cash,,sales,RUN,Differentiator,Platform scope,Medium,Medium,Low,Later,Not in code,Not verified,Not verified,Not verified,Not verified,No,Gap,P2,4,,,,,,,,,Not run,Billing / Counter Clerk,Billing / Counter Clerk,UNCHANGED,Authored,,,,No,No,Validated (Supported),Contradicted,"none found: searched print preview, paper size in web/src; web/src/pages/sales/InvoiceDetailPage.tsx:handleThermalPrint",Only buttons that download 80mm or 58mm thermal PDFs exist; no live preview modal or A4/A5/thermal switching.
UX-0599,UX,In-house Accountant,GST / Tax / Compliance,Split-screen side-by-side reconciliation interface with drag-and-drop manual matching,In-house Accountant,Supplier,Left pane shows Purchase Register; right pane shows GSTR-2B government feed; click to match,Makes tax reconciliation intuitive and visually satisfying; highlights rate and date differences in red,P1,Mechanism not found,Dual-pane interactive reconciliation workbench with automated match suggestions.,Strategic expansion,Named role,P1,Unchanged,Mechanism not found,"Code review 2026-10-04 (agent-reviewed, spot-checked): Contradicted. Reconciliation is a single table with a match button and status dropdown; no dual-pane or drag-and-drop manual matching.",GST,GST and tax compliance,,accounting,CONTROL,Differentiator,Accountant,Critical,High,High,Later,Not in code,Not verified,Not verified,Not verified,Not verified,No,Gap,P2,18,,,,,,,,,Not run,Accountant / Finance,Accountant / Finance,UNCHANGED,Authored,,,,No,No,Validated (Supported),Contradicted,web/src/pages/reports/Gstr2bPage.tsx:matchGstr2b,Reconciliation is a single table with a match button and status dropdown; no dual-pane or drag-and-drop manual matching.
UX-0600,UX,All Roles,Communication & Integrations,Contextual in-app chat and comment threads on specific invoices and orders,Salesperson / Accountant,Business Owner,Internal staff can leave notes ('Customer requested 3 days extra credit') directly on invoice audit panel,Eliminates scattered WhatsApp internal chat; preserves institutional context alongside transaction,P2,Mechanism not found,Activity Timeline comment box with user @mentions attached to Document model.,Strategic expansion,Platform or theme scope,P2,Unchanged,Mechanism not found,"Code review 2026-10-04 (agent-reviewed, spot-checked): Contradicted. No comment thread or @mention model attached to invoices or orders exists; only support TicketComment.",INT,Communication and integrations,,integrations,KERNEL,Differentiator,Platform scope,Medium,Medium,Low,Later,Not in code,Not verified,Not verified,Not verified,Not verified,No,Gap,P2,4,,,,,,,,,Not run,Accountant / Finance,Accountant / Finance,UNCHANGED,Authored,,,,No,No,Validated (Supported),Contradicted,"none found: searched comment, note, mention classes in backend sales, core and web",No comment thread or @mention model attached to invoices or orders exists; only support TicketComment.
C-0601,C,Statutory Compliance,GST / Tax / Compliance,CGST Rule 46 mandatory invoice particulars validation guard,Tax Engine / Validator,Billing Clerk,"Ensure all 16 statutory particulars required by Rule 46 (GSTIN, HSN, Place of Supply, Date, Serial) are present",Hard-blocks saving invoice if any mandatory statutory field is missing; guarantees legal defensibility,P0,Validated (Supported),Rule 46 statutory validator running on SalesInvoice.pre_save; raises descriptive ValidationError.,Strategic expansion,Platform or theme scope,P0,Unchanged,Code symbol found,Matched ValidationError in product code. This is not a functional test.,GST,GST and tax compliance,,accounting,CONTROL,Core,Platform scope,Critical,High,High,MVP,Cited in code,Not verified,Not verified,Not verified,Not verified,No,Built - unverified,P0,27,,,,,,backend/tests/errors/test_error_paths.py::test_gst_invoice_without_place_of_supply_is_4xx_with_help_code; backend/tests/test_gst_guard_v2.py::test_missing_hsn_b2b_blocks_completion,2026-10-04,"pytest on Postgres 17, manual run",Partial,System / Automation,System / Automation,UNCHANGED,Authored,,backend/sales/models.py:SalesInvoice,backend/tests/test_a03_preview.py; backend/tests/test_a06_whatsapp.py; backend/tests/test_a07_dunning.py,No,No,,,,
C-0602,C,Statutory Compliance,GST / Tax / Compliance,Section 16(2) CGST Act 4-condition statutory Input Tax Credit entitlement verification,Tax Auditor / Accountant,In-house Accountant,"Verify all 4 statutory conditions: tax invoice in hand, goods received, tax paid to govt, return filed",Tags ITC verification checklist on purchase bill; prevents claiming irregular credit subject to 24% interest,P0,Partial,"4-condition statutory ITC checklist on Purchase Invoice audit verification panel. | Decision 2026-10-04 (delegated, quality-first): Build in MVP (4 days). Four-condition Section 16(2) checklist on each purchase bill. | Truth 2026-10-05 (WI-016): Partial. Only the negative case is tested (no test that a fully attested bill is claimable or that the 180-day check works); no per-bill warning or checklist UI in the web app; ITC attestation API untested. Model, hook at purchase completion, claimable summary and an exclusion test exist but the positive path, 180-day test and bill-level warning are unproven or absent.",Strategic expansion,Platform or theme scope,P0,Unchanged,Partial,"Code review 2026-10-04 (agent-reviewed, spot-checked): Partial. Only a single UNREVIEWED/CLAIMABLE/INELIGIBLE flag exists; no four-condition Section 16(2) checklist on the purchase bill.",GST,GST and tax compliance,,accounting,CONTROL,Core,Platform scope,Critical,High,High,MVP,Partial,Not verified,Not verified,Not verified,Not verified,No,Built - partial,P0,27,,,4,,,backend/tests/test_planwave_finish.py::test_unconfirmed_bill_is_excluded_from_claimable_itc,2026-10-05,pytest full suite on SQLite (agent run 2026-10-05); human review pending,Partial,External CA / Auditor,External CA / Auditor,UNCHANGED,Authored,,backend/planwave/models.py:ItcBillCheck; backend/planwave/finish.py:classify_purchase_bill; backend/planwave/finish.py:itc_summary; backend/planwave/services.py:itc_claimable,,No,No,Validated (Supported),Partial,backend/purchases/models.py:ItcEligibility; backend/accounting/services.py:reclass_rejected_itc,Only a single UNREVIEWED/CLAIMABLE/INELIGIBLE flag exists; no four-condition Section 16(2) checklist on the purchase bill.
C-0603,C,Statutory Compliance,GST / Tax / Compliance,Section 16(4) time-barring automated alert and ITC exclusion engine,Tax Engine / Cron,In-house Accountant,Strictly identify purchase invoices approaching the 30th November cutoff for claiming previous year's ITC,"Alerts user 60 days, 30 days, and 7 days prior to cutoff; flags expired invoices as ITC_TIME_BARRED",P0,Partial,"Automated rule evaluating invoice.date vs FY cutoff date (30th Nov); sets itc_status=TIME_BARRED. | Decision 2026-10-04 (delegated, quality-first): Build in MVP (3 days). 60-day and 7-day alert tiers, TIME_BARRED status and ITC exclusion. | Truth 2026-10-05 (WI-017): Partial. 60 and 7 day warnings only fire when someone POSTs /plan/itc/summary/; no scheduled task; DUE_60/DUE_7 statuses and alert sending are untested; test_plan_c_0603.py absent. Deadline math, TIME_BARRED exclusion and CLAIMED_REVIEW exist and are tested; proactive alerting is manual and untested.",Strategic expansion,Platform or theme scope,P0,Unchanged,Partial,"Re-checked 2026-10-04: reporting/ims.py computes a Section 16(4) deadline per row, flags rows expiring within 30 days and raises an alert (insights/attention.py). tests/test_b03_ims.py passes. An automated ITC exclusion engine was not found. Earlier 'Mechanism not found' was stale. Code review 2026-10-04 (agent-reviewed, spot-checked): Partial. Deadline and a 30-day expiry alert/digest exist; no 60/7-day tiers and no TIME_BARRED status or exclusion engine.",GST,GST and tax compliance,,accounting,CONTROL,Core,Platform scope,Critical,High,High,MVP,Partial,Not verified,Not verified,Not verified,Not verified,No,Built - partial,P0,27,,,3,,,tests/test_b03_ims.py; backend/tests/test_b03_ims.py::test_section_16_4_past_window_not_pending_forever; backend/tests/test_planwave_remaining.py::test_gst_rules; backend/tests/test_planwave_finish.py::test_unconfirmed_bill_is_excluded_from_claimable_itc,2026-10-05,pytest full suite on SQLite (agent run 2026-10-05); human review pending,Partial,System / Automation,System / Automation,UNCHANGED,Authored,,backend/planwave/services.py:section_16_4_status; backend/planwave/finish.py:refresh_itc_status; backend/planwave/finish.py:alert_itc_deadlines; backend/planwave/finish.py:itc_summary,,No,No,Partial,Partial,backend/reporting/ims.py:section_16_4_deadline; backend/reporting/ims.py:expiring_itc_rows; backend/insights/attention.py:_itc_and_gst_rows,Deadline and a 30-day expiry alert/digest exist; no 60/7-day tiers and no TIME_BARRED status or exclusion engine.
C-0604,C,Statutory Compliance,GST / Tax / Compliance,Section 17(5) blocked credit automated identification and accounting reclassification,Tax Engine,In-house Accountant,"Automatically flag purchase expenses on motor vehicles, food & beverages, and gifts as ineligible ITC",Transfers tax amount to Expense/Asset cost rather than Input Tax Credit ledger per Section 17(5),P0,Partial,"Built-in HSN/SAC statutory classification rule tagging blocked credits directly to expense ledgers. | Decision 2026-10-04 (delegated, quality-first): Build in MVP (5 days). Section 17(5) auto-classification (motor vehicle, food, gifts) with override and audit. | Truth 2026-10-05 (WI-018): Partial. Rule table is only six seeded rows (food, motor vehicles, club, works contract, personal, exempt) and not the full s.17(5) list. Blocked bills are only flagged on ItcBillCheck; GST is not posted to expense/asset instead of ITC receivable. No Owner/Accountant override with reason. Category match is by product category name. No test of classify_purchase_bill blocking or of effective-date handling beyond one HSN match. A dated rule table and matcher exist, but accounting reclassification, override and the full list are missing.",Strategic expansion,Platform or theme scope,P0,Unchanged,Partial,"Code review 2026-10-04 (agent-reviewed, spot-checked): Partial. Ineligible ITC can be reclassified to expense/inventory, but no automatic motor vehicle/food/gift classification; only composition-supplier auto-ineligible.",GST,GST and tax compliance,,accounting,CONTROL,Core,Platform scope,Critical,High,High,MVP,Partial,Not verified,Not verified,Not verified,Not verified,No,Built - partial,P0,27,,,5,,,backend/tests/test_planwave_remaining.py::test_gst_rules,2026-10-05,pytest full suite on SQLite (agent run 2026-10-05); human review pending,Partial,System / Automation,System / Automation,UNCHANGED,Authored,,backend/planwave/services.py:blocked_credit_match; backend/planwave/services.py:SECTION_17_RULES; backend/planwave/models.py:BlockedCreditRule; backend/planwave/finish.py:classify_purchase_bill,,No,No,Validated (Supported),Partial,backend/accounting/services.py:reclass_rejected_itc; backend/purchases/serializers.py:itc_eligibility,"Ineligible ITC can be reclassified to expense/inventory, but no automatic motor vehicle/food/gift classification; only composition-supplier auto-ineligible."
C-0605,C,Statutory Compliance,GST / Tax / Compliance,Section 34 CGST Act Credit and Debit Note statutory linking and time-limit validation,Tax Engine,Billing Clerk / Accountant,"Ensure every GST credit note references original tax invoice number and date, and is issued before statutory cutoff",Validates original invoice link; blocks credit note issuance after 30th November of subsequent FY,P0,Validated (Supported),Section 34 validator enforcing mandatory original_invoice_id and statutory date limit check.,Strategic expansion,Platform or theme scope,P0,Unchanged,Code reviewed - confirmed,"Code review 2026-10-04 (agent-reviewed, spot-checked): Confirmed. Credit note requires a PROTECT FK to the original invoice and completion raises past the 30 Nov Sec 34(2) deadline.",GST,GST and tax compliance,,accounting,CONTROL,Core,Platform scope,Critical,High,High,MVP,Cited in code,Not verified,Not verified,Not verified,Not verified,No,Built - unverified,P0,27,,,,,,backend/tests/test_b4_b5_notes_serial.py::test_cr129_purchase_cn_rejects_draft_source_invoice; backend/tests/test_b4_b5_notes_serial.py::test_cr129_purchase_cn_rejects_note_date_before_invoice,2026-10-04,"pytest on Postgres 17, manual run",Partial,System / Automation,System / Automation,UNCHANGED,Authored,,,,No,No,Validated (Supported),Confirmed,backend/sales/notes_services.py:complete_credit_note; backend/sales/models.py:SalesCreditNote,Credit note requires a PROTECT FK to the original invoice and completion raises past the 30 Nov Sec 34(2) deadline.
C-0606,C,Statutory Compliance,GST / Tax / Compliance,Rule 138 CGST Rules mandatory E-Way Bill distance calculation via postal PIN codes,E-Way Bill Engine,Logistics Dispatcher,Accurate calculation of road transit distance between consignor and consignee PIN codes per government logic,Fetches official NIC PIN-to-PIN distance; computes statutory E-Way Bill validity days (1 day per 200 km),P0,Mechanism not found,"NIC E-Way Bill Distance API integration with fallback offline PIN code distance matrix. | Decision 2026-10-04 (delegated, quality-first): Build in MVP (3 days). Rule 138 PIN-to-PIN distance lookup and validity computation. | Truth 2026-10-05 (WI-032): Partial. Validity is a hard-coded ceil(distance/100); no configurable slab table, no effective dates, no CA confirmation. Distance-based validity function exists but the configurable dated slab table is missing.",Strategic expansion,Platform or theme scope,P0,Unchanged,Mechanism not found,"Code review 2026-10-04 (agent-reviewed, spot-checked): Contradicted. Distance is a user-entered field; no NIC PIN-to-PIN lookup or 200 km validity computation (validity comes from provider response).",GST,GST and tax compliance,,accounting,CONTROL,Core,Platform scope,Critical,High,High,MVP,Not in code,Not verified,Not verified,Not verified,Not verified,No,Built - partial,P0,27,,,3,,,backend/tests/test_partial_closures.py::test_bb_000639_eway_requires_distance; backend/tests/test_planwave_remaining.py::test_eway_stub_and_distance,2026-10-05,pytest full suite on SQLite (agent run 2026-10-05); human review pending,Partial,System / Automation,System / Automation,UNCHANGED,Authored,,backend/planwave/services.py:eway_validity_days,,No,No,Validated (Supported),Contradicted,backend/sales/eway_payload.py:transport_distance_km,Distance is a user-entered field; no NIC PIN-to-PIN lookup or 200 km validity computation (validity comes from provider response).
C-0607,C,Statutory Compliance,GST / Tax / Compliance,Section 50 CGST Act delayed tax payment interest calculator (18% & 24% p.a.),Tax Engine / Calculator,In-house Accountant,Calculate statutory interest on delayed tax liability payment from electronic cash ledger,Computes interest on net tax liability paid through cash after return due date per Section 50(1),P0,Partial,"Automated interest computation worksheet for delayed GSTR-3B filings. | Decision 2026-10-04 (delegated, quality-first): Build in MVP (3 days). Section 50 interest calculator and delayed-filing worksheet. | Truth 2026-10-05 (WI-020): Partial. No Rule 88B net cash liability basis for late-filed returns; inputs are typed in rather than derived from late-paid tax; rates table has a single dated row; no CA-confirmation marker. 18%/24% interest, dated rate table, CSV and no-journal exist; the Rule 88B basis is missing. | Drift check 2026-10-05: Section 50 worksheet and CSV exist in planwave; rates are a single dated row pending the CA",Strategic expansion,Platform or theme scope,P1,Kept P0. The previous workbook had P0. Authored priority was P1.,Mechanism not found,"Kept P0. The previous workbook had P0. Authored priority was P1. Code review 2026-10-04 (agent-reviewed, spot-checked): Contradicted. No Section 50 interest calculator or delayed-filing worksheet exists.",GST,GST and tax compliance,,accounting,CONTROL,Core,Platform scope,Critical,High,High,MVP,Not in code,Not verified,Not verified,Not verified,Not verified,No,Built - partial,P0,27,,,3,,,backend/tests/test_planwave_remaining.py::test_gst_rules; backend/tests/test_planwave_finish.py::test_section_50_csv_posts_no_journal,2026-10-05,pytest full suite on SQLite (agent run 2026-10-05); human review pending,Partial,System / Automation,System / Automation,KEPT_PREVIOUS,Authored,,backend/planwave/services.py:section_50_interest; backend/planwave/finish.py:section_50_csv; backend/planwave/views.py:Section50CsvView,,No,No,Validated (Supported),Contradicted,"none found: searched interest, section_50, late fee, delayed GSTR-3B in backend",No Section 50 interest calculator or delayed-filing worksheet exists.
C-0608,C,Statutory Compliance,GST / Tax / Compliance,Drug License Form 20B / 21B statutory licence number printing on pharmaceutical bills,Document Renderer,Pharmacist,Mandatory display of wholesale/retail Drug License numbers and Pharmacist Registration ID on medicine invoices,Renders DL numbers prominently on invoice header per Drugs and Cosmetics Act requirements,P0,Validated (Supported),CompanyStatutoryLicence model integration; auto-embeds Form 20B/21B licence strings.,Strategic expansion,Platform or theme scope,P0,Unchanged,Code symbol found,Matched CompanyStatutoryLicence in product code. This is not a functional test.,GST,GST and tax compliance,,accounting,CONTROL,Core,Platform scope,Critical,High,High,MVP,Cited in code,Not verified,Not verified,Not verified,Not verified,No,Built - tested,P0,27,,,,,,backend/tests/workflows/test_wf60_arch05_statutory_forms.py::test_wf60_arch05_drug_licence_soft_block_then_pdf,2026-10-04,"pytest on Postgres 17, manual run",Pass,System / Automation,System / Automation,UNCHANGED,Authored,,backend/accounts/models.py:CompanyStatutoryLicence,backend/tests/test_roadmap_items.py,No,No,,,,
C-0609,C,Statutory Compliance,GST / Tax / Compliance,Schedule H and Schedule X restricted drug sales register and doctor prescription logging,Pharmacist / Dispenser,Drug Inspector,"Maintain statutory prescription drug register recording prescribing doctor name, patient address, and batch",Generates Schedule H/H1 inspection register exportable for state Drug Controller audits,P0,Partial,"Supported via Prescription / Doctor logging modal on Schedule H pharma products. | Decision 2026-10-04 (delegated, quality-first): Build in MVP (5 days). Schedule H/X register with doctor and prescription logging, printable for inspectors. | Truth 2026-10-05 (WI-015): Built.  Flag-gated (pharmacy_enabled default off) completion block, Schedule X prescription note, CSV and PDF register and 3-year configurable retention all exist and are asserted; pharmacist review is external. | Drift check 2026-10-05: Schedule H/H1/X check and register exist behind a per-tenant flag; pharmacist review of layout and retention pending",Strategic expansion,Platform or theme scope,P0,Unchanged,Mechanism not found,"Code review 2026-10-04 (agent-reviewed, spot-checked): Contradicted. No Schedule H/X register or doctor/prescription logging; only drug licence numbers and batch on invoices exist.",GST,GST and tax compliance,,accounting,CONTROL,Core,Platform scope,Critical,High,High,MVP,Not in code,Not verified,Not verified,Not verified,Not verified,No,Built - tested,P0,27,,,5,,,backend/tests/test_planwave_remaining.py::test_pharmacy_flag_gates_schedule_x; backend/tests/test_planwave_remaining.py::test_pharmacy_blocks_sale_complete; backend/tests/test_planwave_finish.py::test_pharmacy_register_lists_the_dispense; backend/tests/test_plan_remaining_open.py::test_pharmacy_register_pdf_names_the_patient,2026-10-05,pytest full suite on SQLite (agent run 2026-10-05); human review pending,Pass,Pharmacist (Medical Shop),Pharmacist (Medical Shop),UNCHANGED,Authored,,backend/planwave/services.py:assert_pharmacy_sale; backend/planwave/finish.py:pharmacy_register_csv; backend/planwave/finish.py:pharmacy_register_pdf; backend/planwave/models.py:PharmacyDispense,,No,No,Validated (Supported),Contradicted,"none found: searched schedule_h, prescription, doctor, prescribing",No Schedule H/X register or doctor/prescription logging; only drug licence numbers and batch on invoices exist.
C-0610,C,Statutory Compliance,GST / Tax / Compliance,FSSAI 14-digit food safety licence number validation and mandatory invoice printing,Document Renderer,Kirana / FMCG Merchant,Enforce printing of mandatory 14-digit FSSAI licence number on all food product invoices per FSSAI order,Validates 14-digit FSSAI regex; embeds licence on invoice footer; separates food from non-food HSNs,P0,Validated (Supported),CompanyStatutoryLicence FSSAI validator and invoice template footer rendering.,Strategic expansion,Platform or theme scope,P0,Unchanged,Code symbol found,Matched CompanyStatutoryLicence in product code. This is not a functional test.,GST,GST and tax compliance,,accounting,CONTROL,Core,Platform scope,Critical,High,High,MVP,Cited in code,Not verified,Not verified,Not verified,Not verified,No,Built - unverified,P0,27,,,,,,,,,Not run,System / Automation,System / Automation,UNCHANGED,Authored,,backend/accounts/models.py:CompanyStatutoryLicence,backend/tests/test_roadmap_items.py,No,No,,,,
C-0611,C,Statutory Compliance,GST / Tax / Compliance,Legal Metrology (Packaged Commodities) Rules mandatory unit price declaration,Document Renderer,Retail Merchant,Display both packaged MRP and unit selling price (per gram / per ml / per piece) on retail bills,Computes and prints unit price declaration compliant with Legal Metrology Amendment Rules,P1,Mechanism not found,Supported via Unit Sale Price (USP) calculator and POS receipt formatting.,Strategic expansion,Platform or theme scope,P1,Unchanged,Mechanism not found,"Code review 2026-10-04 (agent-reviewed, spot-checked): Contradicted. Receipts print unit_price per line only; no unit-price-per-gram/ml declaration or USP calculator found.",GST,GST and tax compliance,,accounting,CONTROL,Core,Platform scope,Critical,High,High,Pilot,Not in code,Not verified,Not verified,Not verified,Not verified,No,Gap,P1,27,,,,,,,,,Not run,System / Automation,System / Automation,UNCHANGED,Authored,,,,No,No,Validated (Supported),Contradicted,backend/sales/pdf/thermal_receipt.py:format_money,Receipts print unit_price per line only; no unit-price-per-gram/ml declaration or USP calculator found.
C-0612,C,Statutory Compliance,GST / Tax / Compliance,Section 194C TDS withholding on commercial transport and contractor payments,In-house Accountant,Transporter / Contractor,"Deduct 1% (Individual) or 2% (Company) TDS on freight payments exceeding ₹30,000 single or ₹1,00,000 aggregate",Credits TDS Payable (Sec 194C) account; generates Form 26Q quarterly compliance entries,P1,Partial,Expense entry Section 194C withholding rule with transporter PAN validation.,Strategic expansion,Platform or theme scope,P1,Unchanged,Partial,"Code review 2026-10-04 (agent-reviewed, spot-checked): Partial. TDS is manual section/rate on the bill and credits 2265 TDS Payable; no 194C threshold, PAN-based rate or 26Q generation beyond a worksheet.",GST,GST and tax compliance,,accounting,CONTROL,Core,Platform scope,Critical,High,High,Pilot,Partial,Not verified,Not verified,Not verified,Not verified,No,Built - partial,P1,27,,,,,,,,,Not run,Accountant / Finance,Accountant / Finance,UNCHANGED,Authored,,,,No,No,Validated (Supported),Partial,backend/core/services/tax_engine/india.py:fold_tds_from_rate; backend/purchases/models.py:tds_section,"TDS is manual section/rate on the bill and credits 2265 TDS Payable; no 194C threshold, PAN-based rate or 26Q generation beyond a worksheet."
C-0613,C,Statutory Compliance,GST / Tax / Compliance,Section 194J TDS withholding on professional and legal service fees,In-house Accountant,External CA / Legal Counsel,"Deduct 10% (or 2% technical service) TDS on professional consultancy fees exceeding ₹30,000 threshold",Creates TDS payable liability; tracks annual professional fee expenditure per consultant,P1,Partial,Expense voucher Section 194J deduction rule with Form 16A certificate generation.,Strategic expansion,Platform or theme scope,P1,Unchanged,Partial,"Code review 2026-10-04 (agent-reviewed, spot-checked): Partial. Manual TDS rate/section and worksheet exist; no 194J threshold rule, per-consultant annual tracking or Form 16A generation.",GST,GST and tax compliance,,accounting,CONTROL,Core,Platform scope,Critical,High,High,Pilot,Partial,Not verified,Not verified,Not verified,Not verified,No,Built - partial,P1,27,,,,,,,,,Not run,Accountant / Finance,Accountant / Finance,UNCHANGED,Authored,,,,No,No,Validated (Supported),Partial,backend/core/services/tax_engine/india.py:fold_tds_from_rate; backend/reporting/tds_worksheets.py:tds_worksheet_rows,"Manual TDS rate/section and worksheet exist; no 194J threshold rule, per-consultant annual tracking or Form 16A generation."
C-0614,C,Statutory Compliance,GST / Tax / Compliance,Section 206AB / 206CCA active compliance verification via Income Tax Department PAN utility,Tax Engine / Compliance,Supplier / Customer,Verify whether supplier/customer is a 'Specified Person' subject to 5% higher TDS/TCS deduction,Stores Section 206AB verification status on party master; updates deduction rates automatically,P1,Partial,"PAN 206AB compliance check utility supporting bulk party verification. | Plan 2026-10-04 (Q60): dropped from the implementation plan; On request, pending CA confirmation. | Drift check 2026-10-05: Supplier.income_tax_specified_person flag and apply_specified_person_tds exist; no PAN utility lookup (dropped from the plan pending the CA)",Strategic expansion,Platform or theme scope,P1,Unchanged,Mechanism not found,"No Section 206AB PAN check was found. Code review 2026-10-04 (agent-reviewed, spot-checked): Contradicted. No Section 206AB specified-person check or rate uplift anywhere in code.",GST,GST and tax compliance,,accounting,CONTROL,Core,Platform scope,Critical,High,High,Pilot,Not in code,Not verified,Not verified,Not verified,Not verified,No,Built - partial,P1,27,,,,,,,,,Not run,System / Automation,System / Automation,UNCHANGED,Authored,,,,No,No,Mechanism not found,Contradicted,"none found: searched 206AB, 206CCA, specified person",No Section 206AB specified-person check or rate uplift anywhere in code.
C-0615,C,Statutory Compliance,GST / Tax / Compliance,Rule 42 and Rule 43 CGST Rules proportionate reversal of common input tax credit,Tax Engine,External CA / Accountant,Calculate monthly and annual proportionate ITC reversal for goods used for both taxable and exempt supplies,Computes common credit reversal ratio; posts reversal journal voucher to GL and GSTR-3B Table 4(B)(1),P1,Mechanism not found,Rule 42/43 Common Credit Reversal Worksheet compiler in gst module.,Strategic expansion,Platform or theme scope,P1,Unchanged,Mechanism not found,"Code review 2026-10-04 (agent-reviewed, spot-checked): Contradicted. No proportionate common-credit reversal computation or journal; only an ITC reversed/ineligible flag section in GSTR-3B.",GST,GST and tax compliance,,accounting,CONTROL,Core,Platform scope,Critical,High,High,Pilot,Not in code,Not verified,Not verified,Not verified,Not verified,No,Gap,P1,27,,,,,,,,,Not run,System / Automation,System / Automation,UNCHANGED,Authored,,,,No,No,Validated (Supported),Contradicted,"none found: searched rule 42, rule 43, common credit, exempt supplies reversal",No proportionate common-credit reversal computation or journal; only an ITC reversed/ineligible flag section in GSTR-3B.
C-0616,C,Statutory Compliance,Security / Exception / Recovery,Companies (Accounts) Rules Rule 3(1) and Rule 11(g) audit trail compliance certification,Statutory Auditor,Managing Proprietor,Generate cryptographic certification log proving that software edit log feature was enabled at all times,Renders MCA Audit Trail Compliance Report detailing database immutability and user change logs,P0,Partial,"MCA Rule 11(g) compliance export module verifying zero disabled audit logging intervals. | Decision 2026-10-04 (delegated, quality-first): Build in MVP (0 days). Delivered with P-0507: report certifying logging was never disabled. | Truth 2026-10-05 (WI-004): Built.  Certification export checks chain integrity and logging windows and is tested for both the pass and the refusal.",Strategic expansion,Platform or theme scope,P0,Unchanged,Partial,"Code review 2026-10-04 (agent-reviewed, spot-checked): Partial. A hash-chained, append-guarded audit log exists, but no Rule 11(g) compliance report or export certifying logging was never disabled.",OTHER,Security / Exception / Recovery,,accounts,CONTROL,Core,Platform scope,Critical,High,Medium,MVP,Partial,Not verified,Not verified,Not verified,Not verified,No,Built - tested,P0,18,,,,,,backend/tests/test_audit_chain_edge_cases.py::test_nightly_task_reports_a_tampered_chain_without_raising; backend/tests/test_audit_chain_edge_cases.py::test_swapping_two_sealed_events_is_detected; backend/tests/test_planwave_remaining.py::test_certification_refuses_a_dark_window,2026-10-05,pytest full suite on SQLite (agent run 2026-10-05); human review pending,Pass,External CA / Auditor,External CA / Auditor,UNCHANGED,Inferred,,backend/planwave/services.py:certification_export; backend/planwave/views.py:CertificationView; backend/planwave/models.py:LoggingWindow,,No,No,Validated (Supported),Partial,backend/core/models.py:AuditEvent; backend/core/tasks.py:seal_audit_chain_task,"A hash-chained, append-guarded audit log exists, but no Rule 11(g) compliance report or export certifying logging was never disabled."
C-0617,C,Statutory Compliance,GST / Tax / Compliance,Section 128A CGST Act amnesty scheme conditional waiver tracking and reconciliation,In-house Accountant,External CA,Track tax demand notices eligible for interest and penalty waiver under Section 128A GST amnesty,Prepares statement of disputed tax paid; reconciles waiver eligibility for FY 2017-18 to 2019-20,P3,Mechanism not found,"Section 128A amnesty reconciliation tracking report in GST compliance module. | Decision 2026-10-04 (delegated, quality-first): Build in GA (3 days): amnesty tracking and reconciliation for CA clients. | Plan 2026-10-04 (Q62): dropped from the implementation plan; On request, pending CA confirmation.",Strategic expansion,Platform or theme scope,P2,Kept P3. The previous workbook had P3. Authored priority was P2.,Mechanism not found,"Kept P3. The previous workbook had P3. Authored priority was P2. Code review 2026-10-04 (agent-reviewed, spot-checked): Contradicted. No Section 128A amnesty tracking or reconciliation.",GST,GST and tax compliance,,accounting,CONTROL,Future,Platform scope,High,High,High,Later,Not in code,Not verified,Not verified,Not verified,Not verified,No,Gap,P3,9,,,,,,,,,Not run,Accountant / Finance,Accountant / Finance,KEPT_PREVIOUS,Authored,,,,No,No,Validated (Supported),Contradicted,"none found: searched 128A, amnesty",No Section 128A amnesty tracking or reconciliation.
C-0618,C,Statutory Compliance,GST / Tax / Compliance,E-Way Bill Part B vehicle update statutory time-limit and multi-vehicle consignment splitting,Logistics Dispatcher,Delivery Driver,Split large multi-ton consignment into multiple small delivery tempos with individual Part B records,Generates multi-vehicle E-Way Bill manifest; tracks individual vehicle delivery completion,P0,Mechanism not found,"Supported via NIC Multi-Vehicle E-Way Bill transshipment module. | Decision 2026-10-04 (delegated, quality-first): Build in MVP (2 days). Part B time-limit alert and multi-vehicle splitting. | Truth 2026-10-05 (WI-031): Partial. No Part B time-limit alert; multi-vehicle split is only a quantity check, with no per-vehicle storage and no test; no link to the e-way bill record or GSP flag. A stub action table with Part B/extend/split validation exists; the time-limit alert and tested split are missing.",Strategic expansion,Platform or theme scope,P1,Kept P0. The previous workbook had P0. Authored priority was P1.,Mechanism not found,"Kept P0. The previous workbook had P0. Authored priority was P1. Code review 2026-10-04 (agent-reviewed, spot-checked): Contradicted. No Part B vehicle update or multi-vehicle consignment splitting; e-way is a single bill per document.",GST,GST and tax compliance,,accounting,CONTROL,Core,Platform scope,Critical,High,High,MVP,Not in code,Not verified,Not verified,Not verified,Not verified,No,Built - partial,P0,27,,,2,,,backend/tests/test_planwave_remaining.py::test_eway_stub_and_distance,2026-10-05,pytest full suite on SQLite (agent run 2026-10-05); human review pending,Partial,Logistics & Delivery,Logistics & Delivery,KEPT_PREVIOUS,Authored,,backend/planwave/services.py:record_eway_stub; backend/planwave/models.py:EwayStubAction; backend/planwave/views.py:EwayStubView,,No,No,Validated (Supported),Contradicted,"none found: searched multi-vehicle, part_b, vehicle update",No Part B vehicle update or multi-vehicle consignment splitting; e-way is a single bill per document.
C-0619,C,Statutory Compliance,GST / Tax / Compliance,Section 171 CGST Act Anti-Profiteering tax rate cut price reduction compliance verification,Catalog Manager,In-house Accountant,Verify that government GST rate reductions (e.g. 18% to 12%) are commensurate with selling price cuts,Calculates price reduction formula; adjusts product master selling prices to pass benefit to consumers,P3,Mechanism not found,"Anti-profiteering price adjustment audit worksheet. | Decision 2026-10-04 (delegated, quality-first): Build in GA (3 days): anti-profiteering price-cut compliance view. | Plan 2026-10-04 (Q63): dropped from the implementation plan; On request, pending CA confirmation.",Strategic expansion,Platform or theme scope,P2,Kept P3. The previous workbook had P3. Authored priority was P2.,Mechanism not found,"Kept P3. The previous workbook had P3. Authored priority was P2. Code review 2026-10-04 (agent-reviewed, spot-checked): Contradicted. No anti-profiteering price-reduction audit or price adjustment.",GST,GST and tax compliance,,accounting,CONTROL,Future,Platform scope,High,High,High,Later,Not in code,Not verified,Not verified,Not verified,Not verified,No,Gap,P3,9,,,,,,,,,Not run,Platform Admin,Platform Admin,KEPT_PREVIOUS,Authored,,,,No,No,Validated (Supported),Contradicted,"none found: searched anti-profiteering, section 171, rate cut",No anti-profiteering price-reduction audit or price adjustment.
C-0620,C,Statutory Compliance,Security / Exception / Recovery,Digital Personal Data Protection (DPDP) Act 2023 customer consent logging and withdrawal,Data Protection Officer,Customer,Capture explicit digital consent from customer for WhatsApp marketing messages and data processing,Logs consent timestamp and IP address; immediately halts marketing messaging upon consent withdrawal,P1,Partial,Customer Consent Ledger conforming to Section 6 of Indian DPDP Act 2023.,Strategic expansion,Platform or theme scope,P1,Unchanged,Partial,"Code review 2026-10-04 (agent-reviewed, spot-checked): Partial. A boolean WhatsApp opt-in gates cloud sends; no consent ledger with timestamp and IP, and no withdrawal log.",OTHER,Security / Exception / Recovery,,ledgers,CONTROL,Core,Platform scope,High,Medium,Medium,Pilot,Partial,Not verified,Not verified,Not verified,Not verified,No,Built - partial,P1,12,,,,,,,,,Not run,Platform Admin,Platform Admin,UNCHANGED,Inferred,,,,No,No,Validated (Supported),Partial,backend/masters/models.py:whatsapp_opt_in; backend/core/services/whatsapp.py:opt_in,"A boolean WhatsApp opt-in gates cloud sends; no consent ledger with timestamp and IP, and no withdrawal log."
SEC-0621,SEC,System Administrator,Security / Exception / Recovery,Multi-tenant PostgreSQL Row-Level Security (RLS) tenant isolation enforcement,Database Engine / RLS,System Administrator,Hardware-enforced tenant isolation guaranteeing Company A can never view or modify Company B data,Sets GUC app.company_id per database connection; rejects any query attempting cross-tenant access,P0,Validated (Supported),PostgreSQL native Row-Level Security (RLS) policies on all tenant-scoped tables.,Strategic expansion,Platform or theme scope,P0,Unchanged,Code symbol found,Matched ostgreSQL in product code. This is not a functional test.,OTHER,Security / Exception / Recovery,,accounts,CONTROL,Core,System,Critical,High,Medium,MVP,Cited in code,Not verified,Not verified,Not verified,Not verified,No,Built - unverified,P0,18,,,,,,backend/tests/test_rls_coverage.py::test_every_tenant_table_is_in_the_rls_migration; backend/tests/test_rls_coverage.py::test_rls_policy_present_and_forced_on_postgres,2026-10-04,"pytest on Postgres 17, manual run",Partial,Platform Admin,System / Automation,UNCHANGED,Inferred,,,,No,No,,,,
SEC-0622,SEC,System Administrator,Security / Exception / Recovery,Field-level role masking for sensitive commercial margins and cost prices,API Serializer / UI Guard,Billing Clerk / Driver,Billing clerks and delivery staff cannot inspect supplier purchase costs or gross margin percentages,Omits cost_price and margin fields from JSON serializer response based on requesting user role,P0,Mechanism not found,"Role-scoped serializer field permissions in Django REST Framework. | Decision 2026-10-04 (delegated, quality-first): Build in MVP (2 days). Role-based field masking for purchase price and margin in serializers, exports and PDFs. | Truth 2026-10-05 (WI-009): Partial. Masking is applied only to the Product serializer and the plan catalogue CSV/PDF. Margin and cost on invoice-profit reports, purchase lines, other exports and PDFs are not masked via this helper. Role set uses OWNER/ACCOUNTANT/MANAGER; no Purchase Manager or Inventory Manager distinction and INVENTORY_STAFF is masked. Below-cost warning is only a product-level flag, not a POS server check. Product API and catalogue export masking is tested with real assertions, but wider API, report and PDF surfaces are not covered.",Strategic expansion,Platform or theme scope,P0,Unchanged,Mechanism not found,"Code review 2026-10-04 (agent-reviewed, spot-checked): Contradicted. Product serializer exposes purchase_price with no role-based omission; no cost or margin masking by role was found.",OTHER,Security / Exception / Recovery,,accounts,CONTROL,Core,System,Critical,High,Medium,MVP,Not in code,Not verified,Not verified,Not verified,Not verified,No,Built - partial,P0,18,,,2,,,backend/tests/test_a03_preview.py::test_preview_totals_omits_margin_for_staff_without_financial_reports_permission; backend/tests/test_planwave_remaining.py::test_product_api_omits_cost_for_sales_staff; backend/tests/test_planwave_remaining.py::test_cost_fields_are_omitted_for_sales_staff; backend/tests/test_plan_above_items.py::test_catalogue_export_omits_cost_for_sales_staff,2026-10-05,pytest full suite on SQLite (agent run 2026-10-05); human review pending,Partial,Platform Admin,System / Automation,UNCHANGED,Inferred,,backend/planwave/services.py:mask_commercial; backend/masters/serializers.py:ProductSerializer.to_representation; backend/planwave/finish.py:catalog_rows; backend/planwave/finish.py:catalog_pdf,,No,No,Validated (Supported),Contradicted,"none found: searched cost_price masking, can_view_cost, role-based serializer fields in masters and sales serializers",Product serializer exposes purchase_price with no role-based omission; no cost or margin masking by role was found.
SEC-0623,SEC,System Administrator,Security / Exception / Recovery,Granular export permission gate preventing bulk customer list exfiltration,Permission Guard,Sales Staff / Cashier,Prevent disgruntled departing employees from exporting customer phone numbers and sales registers to Excel,Blocks export button and HTTP export endpoints for non-admin roles; logs export access attempts,P0,Validated (Supported),Dedicated permission 'can_export_master_data' restricted to Owner and Admin roles.,Strategic expansion,Platform or theme scope,P0,Unchanged,Code reviewed - confirmed,"Code review 2026-10-04 (agent-reviewed, spot-checked): Confirmed. CanExport permission gates export endpoints for owner or users with can_export; named differently from can_export_master_data and logging of denials not seen.",OTHER,Security / Exception / Recovery,,accounts,CONTROL,Core,System,Critical,High,Medium,MVP,Cited in code,Not verified,Not verified,Not verified,Not verified,No,Built - tested,P0,18,,,,,,backend/tests/test_search_reports_audit.py::test_cash_book_xlsx_requires_can_export; backend/tests/test_search_reports_audit.py::test_csv_export_requires_can_export,2026-10-04,"pytest on Postgres 17, manual run",Pass,Platform Admin,System / Automation,UNCHANGED,Inferred,,,,No,No,Validated (Supported),Confirmed,backend/core/permissions.py:CanExport; backend/accounts/models.py:can_export,CanExport permission gates export endpoints for owner or users with can_export; named differently from can_export_master_data and logging of denials not seen.
SEC-0624,SEC,System Administrator,Security / Exception / Recovery,Time-based One-Time Password (TOTP) two-factor authentication (2FA) for admin roles,Auth Engine,Business Owner / Accountant,Enforce Google Authenticator / TOTP 2FA for users accessing financial and tax filing screens,Requires 6-digit TOTP code during login; prevents account compromise from stolen passwords,P0,Partial,"TOTP 2FA implementation using django-otp library. | Decision 2026-10-04 (delegated, quality-first): Build in MVP (1.5 days). Mandatory TOTP for owner and admin, enrolment on first login, recovery codes. | Truth 2026-10-05 (WI-010): Built.  Enforcement extended to can_post_journals memberships with positive and sales-staff-excluded tests; test_mfa_mandatory.py does not exist but the tests live in test_mfa.py.",Strategic expansion,Platform or theme scope,P0,Unchanged,Partial,"Re-checked 2026-10-04: TOTP exists (accounts/mfa.py, mfa_service.py, mfa_views.py; tests/test_mfa.py, test_mfa_edge_cases.py pass). It is opt-in per user. tests/test_mfa.py says setup 'enforces nothing yet', so mandatory 2FA for admin roles is not in place. Earlier 'Mechanism not found' was stale. Code review 2026-10-04 (agent-reviewed, spot-checked): Partial. TOTP login challenge exists but is opt-in per user and is not mandatory for admin roles.",OTHER,Security / Exception / Recovery,,accounts,CONTROL,Core,System,Critical,High,Medium,MVP,Partial,Not verified,Not verified,Mechanism tested; enforcement for admin roles not found,Not verified,No,Built - tested,P0,18,,,1.5,,,tests/test_mfa.py; tests/test_mfa_edge_cases.py; backend/tests/test_mfa.py::test_correct_code_completes_login_with_a_normal_session; backend/tests/test_mfa.py::test_password_login_with_mfa_issues_no_session; backend/tests/test_mfa.py::test_flag_on_journal_poster_must_enrol; backend/tests/test_mfa.py::test_flag_on_sales_staff_still_gets_a_session; backend/tests/test_mfa.py::test_flag_on_owner_without_mfa_must_enrol; backend/tests/test_register_integrity_gaps.py::test_owner_without_mfa_cannot_complete_login_with_password_alone,2026-10-05,pytest full suite on SQLite (agent run 2026-10-05); human review pending,Pass,Platform Admin,System / Automation,UNCHANGED,Inferred,,backend/accounts/mfa_service.py:user_has_money_role; backend/accounts/mfa_service.py:enrolment_required; backend/config/settings.py:_assert_mfa_enforcement,,No,No,Partial,Partial,backend/accounts/mfa_service.py:MFA_TOKEN_MAX_AGE; backend/accounts/mfa_views.py:MfaDisableView,TOTP login challenge exists but is opt-in per user and is not mandatory for admin roles.
SEC-0625,SEC,System Administrator,Security / Exception / Recovery,Instant user deactivation and immediate JWT session revocation,Auth Engine,Terminated Employee,Terminate an employee's access in 1 click; immediately revokes all active mobile and desktop sessions,Blacklists active JWT tokens in Redis; drops WebSocket connections; prevents further API calls,P0,Partial,"Redis JWT token revocation blocklist evaluated on every authenticated request. | Decision 2026-10-04 (delegated, quality-first): Build in MVP (3 days). Redis access-token blocklist and websocket drop on deactivation. | Truth 2026-10-05 (WI-011): Built.  session_version in the JWT is checked per request against the DB user, refresh tokens are blacklisted, socket drop is optional; Redis layer not used (DB only) and revocation fires when the last active membership is deactivated.",Strategic expansion,Platform or theme scope,P0,Unchanged,Partial,"Code review 2026-10-04 (agent-reviewed, spot-checked): Partial. Deactivation blacklists refresh tokens in the database and per-request membership is checked, but there is no Redis blocklist or WebSocket drop; access JWT lives until expiry.",OTHER,Security / Exception / Recovery,,accounts,CONTROL,Core,System,Critical,High,Medium,MVP,Partial,Not verified,Not verified,Not verified,Not verified,No,Built - tested,P0,18,,,3,,,backend/tests/test_auth.py::test_logout_blacklists_refresh_token_and_prevents_reuse; backend/tests/test_plan_audit_seal_session.py::test_deactivated_user_access_token_is_rejected; backend/tests/test_planwave_remaining.py::test_socket_drop_is_a_no_op_without_channels,2026-10-05,pytest full suite on SQLite (agent run 2026-10-05); human review pending,Pass,Platform Admin,System / Automation,UNCHANGED,Inferred,,backend/core/authentication.py:get_user; backend/accounts/views.py:_revoke_sessions_if_last_active_membership; backend/planwave/sockets.py:drop_user_sockets,,No,No,Validated (Supported),Partial,backend/accounts/views.py:_revoke_sessions_if_last_active_membership; backend/accounts/views.py:LogoutAllView,"Deactivation blacklists refresh tokens in the database and per-request membership is checked, but there is no Redis blocklist or WebSocket drop; access JWT lives until expiry."
SEC-0626,SEC,System Administrator,Security / Exception / Recovery,Cross-Site Scripting (XSS) and SQL injection sanitization on document notes and inputs,API Request Filter,Malicious Actor,"Sanitize all user-entered notes, customer names, and invoice descriptions to prevent malicious script injection",Strips HTML/script tags using Bleach library; parameterizes all raw SQL queries,P0,Partial,"Core framework invariant: parameterized ORM queries and input HTML sanitization. | Decision 2026-10-04 (delegated, quality-first): Build in MVP (2 days). Sanitise notes and descriptions on input and in PDF templates; add injection tests. | Truth 2026-10-05 (WI-012): Partial. Tag stripping is wired to only six models (Customer, Supplier, Product, SalesInvoice, PurchaseInvoice, Complaint); customer and supplier names are deliberately not stripped; other models are not covered. No test for escaping in PDF templates or for imported cells. Strip-on-save and the raw SQL guard test exist; coverage is limited to six models and PDF escaping is untested.",Strategic expansion,Platform or theme scope,P0,Unchanged,Partial,"Code review 2026-10-04 (agent-reviewed, spot-checked): Partial. Django ORM parameterizes queries, but no Bleach or HTML sanitization of notes and descriptions was found.",OTHER,Security / Exception / Recovery,,accounts,CONTROL,Core,System,Critical,High,Medium,MVP,Partial,Not verified,Not verified,Not verified,Not verified,No,Built - partial,P0,18,,,2,,,backend/tests/test_party_name.py::test_customer_serializer_rejects_script_name; backend/tests/test_planwave_remaining.py::test_html_is_stripped_on_customer_notes; backend/tests/test_planwave_remaining.py::test_plain_text_tags_are_stripped_on_save; backend/tests/test_planwave_remaining.py::test_no_string_built_raw_sql; backend/tests/test_code_review_2026_10_05.py::test_the_sanitiser_strips_tags_but_keeps_comparisons,2026-10-05,pytest full suite on SQLite (agent run 2026-10-05); human review pending,Partial,Platform Admin,Other,UNCHANGED,Inferred,,backend/planwave/sanitize.py:strip_plain_text; backend/planwave/apps.py:PlanwaveConfig.ready; backend/masters/serializers.py:ProductSerializer; backend/sales/pdf/helpers.py,,No,No,Validated (Supported),Partial,backend/core/validators.py,"Django ORM parameterizes queries, but no Bleach or HTML sanitization of notes and descriptions was found."
SEC-0627,SEC,System Administrator,Security / Exception / Recovery,IP address whitelisting for back-office accounting and admin access,Security Guard,External Hacker,Restrict accounting and tax export operations to trusted store/office static IP addresses,Rejects login attempts from unknown IP addresses when IP Whitelist policy is enabled for company,P1,Mechanism not found,Company-scoped IP Whitelist middleware evaluating HTTP X-Forwarded-For header.,Strategic expansion,Platform or theme scope,P1,Unchanged,Mechanism not found,"Code review 2026-10-04 (agent-reviewed, spot-checked): Contradicted. No company-scoped IP whitelist policy or middleware exists; X-Forwarded-For is only used for rate limiting.",OTHER,Security / Exception / Recovery,,accounts,CONTROL,Core,System,High,Medium,Medium,Pilot,Not in code,Not verified,Not verified,Not verified,Not verified,No,Gap,P1,12,,,,,,,,,Not run,Platform Admin,System / Automation,UNCHANGED,Inferred,,,,No,No,Validated (Supported),Contradicted,"none found: searched ip whitelist, allowed_ips, IP allow middleware",No company-scoped IP whitelist policy or middleware exists; X-Forwarded-For is only used for rate limiting.
SEC-0628,SEC,System Administrator,Security / Exception / Recovery,Cryptographic AES-256 encryption for stored bank account numbers and tax credentials,Encryption Engine,Database Administrator,"Ensure bank account numbers, IFSC codes, and GST portal passwords are encrypted at rest in database",Encrypts fields using AES-256 before writing to disk; decrypts only in-memory upon authorized request,P0,Partial,"Django EncryptedModelFields using AES-256-GCM authenticated encryption. | Decision 2026-10-04 (delegated, quality-first): Build in MVP (3 days). AES-256-GCM for stored credentials and encrypted bank account and IFSC fields, with data migration. | Truth 2026-10-05 (WI-013): Partial. AES-GCM with key id covers company and customer bank accounts only; tax-portal secrets are not sealed in storage, encrypt_gsp_credentials still writes Fernet and nothing batch-migrates existing gateway blobs (only a reseal helper); the seal_bank_accounts command has no reverse path; last4 helper exists but no display field uses it. Bank-account sealing and a Fernet-to-GCM helper exist and are tested, but new gateway writes, tax secrets, reversible migration and last-four display are missing.",Strategic expansion,Platform or theme scope,P0,Unchanged,Partial,"Code review 2026-10-04 (agent-reviewed, spot-checked): Partial. GSP credentials use Fernet (AES-128-CBC), not AES-256-GCM; bank_account and IFSC are plain CharFields.",OTHER,Security / Exception / Recovery,,accounting,CONTROL,Core,System,Critical,High,Medium,MVP,Partial,Not verified,Not verified,Not verified,Not verified,No,Built - partial,P0,18,,,3,,,backend/tests/test_planwave_remaining.py::test_bank_account_seals_and_rejects_tamper; backend/tests/test_plan_partials.py::test_party_bank_account_is_sealed_and_revealed; backend/tests/test_planwave_remaining.py::test_fernet_gateway_blob_moves_to_gcm,2026-10-05,pytest full suite on SQLite (agent run 2026-10-05); human review pending,Partial,Platform Admin,System / Automation,UNCHANGED,Inferred,,backend/planwave/crypto.py:seal; backend/planwave/apps.py; backend/planwave/management/commands/seal_bank_accounts.py; backend/planwave/services.py:reseal_fernet_blob,,No,No,Validated (Supported),Partial,backend/core/services/gsp_secrets.py:encrypt_gsp_credentials; backend/accounts/models.py:bank_account,"GSP credentials use Fernet (AES-128-CBC), not AES-256-GCM; bank_account and IFSC are plain CharFields."
SEC-0629,SEC,System Administrator,Security / Exception / Recovery,Automated password complexity enforcement and breach dictionary checking,Auth Validator,All Users,"Prevent users from setting weak passwords (e.g. '123456', 'admin') that compromise business data","Enforces minimum 10 characters, upper/lower case, digits, and checks HaveIBeenPwned breach list",P1,Partial,Django Auth Password Validators with zxcvbn password strength estimator.,Strategic expansion,Platform or theme scope,P1,Unchanged,Partial,"Code review 2026-10-04 (agent-reviewed, spot-checked): Partial. Min length 10, common, numeric and a local breached-password check exist; no upper/lower/digit rules and no zxcvbn or live HaveIBeenPwned lookup.",OTHER,Security / Exception / Recovery,,accounts,CONTROL,Core,System,High,Medium,Medium,Pilot,Partial,Not verified,Not verified,Not verified,Not verified,No,Built - partial,P1,12,,,,,,,,,Not run,Platform Admin,Other,UNCHANGED,Inferred,,,,No,No,Validated (Supported),Partial,backend/config/settings.py:AUTH_PASSWORD_VALIDATORS; backend/accounts/password_validation.py,"Min length 10, common, numeric and a local breached-password check exist; no upper/lower/digit rules and no zxcvbn or live HaveIBeenPwned lookup."
SEC-0630,SEC,System Administrator,Security / Exception / Recovery,HTTP Strict Transport Security (HSTS) and secure cookie flags enforcement,Security Middleware,External Snooper,"Enforce HTTPS across all traffic; set Secure, HttpOnly, and SameSite=Lax flags on all session cookies",Prevents man-in-the-middle packet sniffing and session cookie theft over unsecured public Wi-Fi,P0,Validated (Supported),"Production SSL settings: SECURE_HSTS_SECONDS=31536000, SESSION_COOKIE_SECURE=True.",Strategic expansion,Platform or theme scope,P0,Unchanged,Code reviewed - confirmed,"Code review 2026-10-04 (agent-reviewed, spot-checked): Confirmed. Production settings set HSTS 31536000, secure session cookie and SameSite Lax.",OTHER,Security / Exception / Recovery,,accounts,CONTROL,Core,System,Critical,High,Medium,MVP,Cited in code,Not verified,Not verified,Not verified,Not verified,No,Built - unverified,P0,18,,,,,,,,,Not run,Platform Admin,System / Automation,UNCHANGED,Inferred,,,,No,No,Validated (Supported),Confirmed,backend/config/settings.py:SECURE_HSTS_SECONDS; backend/config/settings.py:SESSION_COOKIE_SECURE; backend/config/settings.py:SESSION_COOKIE_SAMESITE,"Production settings set HSTS 31536000, secure session cookie and SameSite Lax."
SEC-0631,SEC,System Administrator,Security / Exception / Recovery,Role-based discount percentage approval cap enforcement,Permission Guard,Billing Clerk / Manager,"Clerks can give up to 5% discount, managers up to 15%; higher discounts require owner authorization token",Validates discount percentage against role policy; blocks transaction if limit is exceeded without override,P1,Mechanism not found,Role Permission Matrix discount limits enforced at API and UI checkout layers.,Strategic expansion,Platform or theme scope,P1,Unchanged,Mechanism not found,"Code review 2026-10-04 (agent-reviewed, spot-checked): Contradicted. No role-based discount caps or owner override enforced at billing; only an after-the-fact DISCOUNT_OVER_THRESHOLD alert exists.",OTHER,Security / Exception / Recovery,,accounts,CONTROL,Core,System,High,Medium,Medium,Pilot,Not in code,Not verified,Not verified,Not verified,Not verified,No,Gap,P1,12,,,,,,,,,Not run,Platform Admin,System / Automation,UNCHANGED,Inferred,,,,No,No,Validated (Supported),Contradicted,"none found: searched discount limit, max discount, role discount cap, owner authorization token",No role-based discount caps or owner override enforced at billing; only an after-the-fact DISCOUNT_OVER_THRESHOLD alert exists.
SEC-0632,SEC,System Administrator,Security / Exception / Recovery,Automated security patch dependency scanner in CI/CD pipeline,DevOps / Security Engine,None,Scan Python pip packages and npm libraries for known CVE security vulnerabilities before production deploy,Blocks production build if any dependency contains high or critical CVE security vulnerability,P1,Validated (Supported),"GitHub Actions CI/CD pipeline integrating Dependabot, Pip-Audit, and npm audit.",Strategic expansion,Platform or theme scope,P1,Unchanged,Code reviewed - confirmed,"Code review 2026-10-04 (agent-reviewed, spot-checked): Confirmed. CI runs pip-audit and npm audit at high level plus Trivy, and Dependabot is configured.",OTHER,Security / Exception / Recovery,,accounting,CONTROL,Core,System,High,Medium,Medium,Pilot,Cited in code,Not verified,Not verified,Not verified,Not verified,No,Built - unverified,P1,12,,,,,,,,,Not run,Platform Admin,System / Automation,UNCHANGED,Inferred,,,,No,No,Validated (Supported),Confirmed,.github/workflows/ci.yml:pip-audit; .github/workflows/ci.yml:npm audit; .github/dependabot.yml:updates,"CI runs pip-audit and npm audit at high level plus Trivy, and Dependabot is configured."
SEC-0633,SEC,System Administrator,Security / Exception / Recovery,API webhook cryptographic HMAC replay attack prevention with timestamp verification,Webhook Receiver,Malicious Actor,Reject replayed webhook payloads captured by network attackers,Validates webhook timestamp header is within 5 minutes of server time; rejects stale replay requests,P1,Validated (Supported),Webhook replay defense comparing X-Webhook-Timestamp against current server clock.,Strategic expansion,Platform or theme scope,P1,Unchanged,Code reviewed - confirmed,"Code review 2026-10-04 (agent-reviewed, spot-checked): Confirmed. Cashfree verifies X-Webhook-Timestamp within 300 seconds; all providers also get a durable replay dedup.",OTHER,Security / Exception / Recovery,,payments,CONTROL,Core,System,High,Medium,Medium,Pilot,Cited in code,Not verified,Not verified,Not verified,Not verified,No,Built - unverified,P1,12,,,,,,,,,Not run,Platform Admin,System / Automation,UNCHANGED,Inferred,,,,No,No,Validated (Supported),Confirmed,backend/payments/gateway.py:CashfreeGateway; backend/payments/webhook_views.py:ProcessedWebhookEvent,Cashfree verifies X-Webhook-Timestamp within 300 seconds; all providers also get a durable replay dedup.
SEC-0634,SEC,System Administrator,Security / Exception / Recovery,Multi-factor authorization prompt for high-risk system configuration changes,Security Guard,System Administrator,Re-prompt user for account password or TOTP before changing bank accounts or deleting company records,Requires password confirmation modal (sudo mode) before executing critical administrative actions,P1,Partial,Sudo mode re-authentication decorator on high-risk settings endpoints.,Strategic expansion,Platform or theme scope,P1,Unchanged,Partial,"Code review 2026-10-04 (agent-reviewed, spot-checked): Partial. Password re-entry is required for change-password, delete-account and MFA changes, but no general sudo decorator covers bank account changes or company record deletion.",OTHER,Security / Exception / Recovery,,accounts,CONTROL,Core,System,High,Medium,Medium,Pilot,Partial,Not verified,Not verified,Not verified,Not verified,No,Built - partial,P1,12,,,,,,,,,Not run,Platform Admin,System / Automation,UNCHANGED,Inferred,,,,No,No,Validated (Supported),Partial,backend/accounts/views.py:sensitive_action; backend/accounts/mfa_views.py:_ReauthMixin,"Password re-entry is required for change-password, delete-account and MFA changes, but no general sudo decorator covers bank account changes or company record deletion."
SEC-0635,SEC,System Administrator,Security / Exception / Recovery,Automated dormant user account lockout after 90 days of inactivity,Security Worker,Inactive Users,Automatically disable user accounts that have not logged in for 90 days to minimize attack surface,Sets is_active=False on dormant users; alerts admin; requires admin re-activation to restore access,P3,Validated (Supported),Monthly cron job querying User.last_login < now() - 90 days.,Strategic expansion,Platform or theme scope,P2,Kept P3. The previous workbook had P3. Authored priority was P2.,Code symbol found,Matched last_login in product code. This is not a functional test. Kept P3. The previous workbook had P3. Authored priority was P2.,OTHER,Security / Exception / Recovery,,accounts,CONTROL,Future,System,Low,Low,Medium,Later,Cited in code,Not verified,Not verified,Not verified,Not verified,No,Built - unverified,P3,2,,,,,,,,,Not run,Platform Admin,System / Automation,KEPT_PREVIOUS,Inferred,,,,No,No,,,,
R-0636,R,Architecture & Platform,Customer-to-Cash,Sub-200ms POS billing checkout latency under continuous queue load,Billing Clerk / Cashier,Walk-in Customer,Cashier can complete sales invoices with < 200ms round-trip API response time during peak festival rush,Eliminates billing delays; handles 100+ checkouts per minute across store network without lag,P0,Partial,"Optimized checkout transaction benchmarked via Locust load test to < 200ms P95 latency. | Decision 2026-10-04 (delegated, quality-first): Build in MVP (3 days). Real POS checkout benchmark and optimisation to the 200 ms target. | Truth 2026-10-05 (WI-028): Partial. baseline_p95_ms is null so no baseline has been recorded; the benchmark skips unless POS_BENCH=1; the 2 vCPU / 4 GB container constraint is not evidenced. Harness and nightly workflow exist outside the PR suite but the recorded baseline is empty.",Strategic expansion,Platform or theme scope,P0,Unchanged,Partial,"Code review 2026-10-04 (agent-reviewed, spot-checked): Partial. Locust smoke script exists but only exercises health endpoint; no POS checkout latency benchmark or optimization.",C2C,Customer to cash,,sales,RUN,Core,Platform scope,High,High,Low,MVP,Partial,Not verified,Not verified,Not verified,Not verified,No,Built - partial,P0,9,,,3,,,backend/perf/test_r_0636_benchmark.py::test_checkout_p95_on_the_catalogue; backend/tests/test_plan_above_items.py::test_checkout_p95_regression_is_fifteen_percent,2026-10-05,pytest full suite on SQLite (agent run 2026-10-05); human review pending,Partial,Accountant / Finance,Accountant / Finance,UNCHANGED,Authored,,backend/perf/checkout_bench.py:exceeds_baseline; backend/perf/test_r_0636_benchmark.py; qos/evidence/pos_checkout_baseline.json; .github/workflows/pos-checkout-nightly.yml,,No,No,Validated (Supported),Partial,load/locust_smoke.py:HealthUser,Locust smoke script exists but only exercises health endpoint; no POS checkout latency benchmark or optimization.
R-0637,R,Architecture & Platform,Inventory Lifecycle,"10,000+ SKU instant client-side catalog search with zero network round-trip",Billing Clerk,None,"Instant keystroke SKU filtering across 10,000 products powered by client-side browser indexedDB cache",Enables instant search results in < 15ms even on low-cost store desktop computers,P1,Validated (Supported),Client-side IndexedDB caching using Dexie.js with memory-mapped SKU index.,Strategic expansion,Platform or theme scope,P1,Unchanged,Code symbol found,Matched ndexedDB in product code. This is not a functional test.,INV,Inventory lifecycle,,inventory,RUN,Core,Platform scope,High,High,Low,Pilot,Cited in code,Not verified,Not verified,Not verified,Not verified,No,Built - unverified,P1,9,,,,,,,,,Not run,Billing / Counter Clerk,Billing / Counter Clerk,UNCHANGED,Authored,,,,No,No,,,,
R-0638,R,Architecture & Platform,Customer-to-Cash,Offline-first POS billing queue with automatic background sync upon internet recovery,Billing Clerk,Customer,"Cashier can continue scanning, billing, and printing thermal receipts when store broadband drops",Queues bills in local IndexedDB outbox; auto-synchronizes and reconciles with server when internet returns,P0,Validated (Supported),ServiceWorker offline billing engine with background sync and server idempotency key reconciliation.,Strategic expansion,Platform or theme scope,P0,Unchanged,Code reviewed - confirmed,"Code review 2026-10-04 (agent-reviewed, spot-checked): Confirmed. IndexedDB invoice outbox flushes on reconnect with stable idempotency key; relies on app-level flush, not service-worker background sync.",C2C,Customer to cash,,sales,RUN,Core,Platform scope,High,High,Low,MVP,Cited in code,Not verified,Not verified,Not verified,Not verified,No,Built - unverified,P0,9,,,,,,,,,Not run,Billing / Counter Clerk,Billing / Counter Clerk,UNCHANGED,Authored,,,,No,No,Validated (Supported),Confirmed,web/src/offline/invoiceDraftCache.ts:enqueueDraft; web/src/offline/invoiceDraftCache.ts:flushOutbox; web/src/offline/flushPosCheckout.ts:flushPosDraft,"IndexedDB invoice outbox flushes on reconnect with stable idempotency key; relies on app-level flush, not service-worker background sync."
R-0639,R,Architecture & Platform,Security / Exception / Recovery,Idempotent API design guaranteeing zero duplicate orders on network timeout retries,API Engine,All Users,Prevent accidental duplicate billing if user clicks 'Pay' twice or mobile app retries dropped connection,Uses client-generated X-Idempotency-Key; returns existing transaction if duplicate key is received,P0,Validated (Supported),Idempotency middleware caching endpoint response in Redis for 120 seconds.,Strategic expansion,Platform or theme scope,P0,Unchanged,Code reviewed - confirmed,"Code review 2026-10-04 (agent-reviewed, spot-checked): Confirmed. Durable Idempotency-Key records replay the stored response for duplicates; stored in DB with fingerprint, not Redis 120s.",OTHER,Security / Exception / Recovery,,sales,CONTROL,Core,Platform scope,Critical,High,Medium,MVP,Cited in code,Not verified,Not verified,Not verified,Not verified,No,Built - tested,P0,18,,,,,,backend/tests/personas/test_pj_resilience_and_tenant_isolation.py::test_pj_idempotency_safe_retry_single_transaction_effect; backend/tests/test_status_machines.py::test_invoice_create_idempotency_key,2026-10-04,"pytest on Postgres 17, manual run",Pass,System / Automation,System / Automation,UNCHANGED,Inferred,,,,No,No,Validated (Supported),Confirmed,backend/core/idempotency.py:wrap_idempotent; backend/core/idempotency.py:begin_record,"Durable Idempotency-Key records replay the stored response for duplicates; stored in DB with fingerprint, not Redis 120s."
R-0640,R,Architecture & Platform,Reporting & Business Intelligence,Paginated cursor-based API streaming for high-volume ledger exports,API Engine,In-house Accountant,"Seamlessly export 100,000+ transaction rows to Excel without causing server Out-Of-Memory (OOM) crash",Streams records using server-side database cursors and chunked HTTP response; zero RAM spike,P1,Validated (Supported),PostgreSQL server-side cursor streaming via Django iterator(chunk_size=2000).,Strategic expansion,Platform or theme scope,P1,Unchanged,Code symbol found,Matched chunk_size in product code. This is not a functional test.,RPT,Reporting and business intelligence,,reporting,CONTROL,Core,Platform scope,Medium,Medium,Low,Pilot,Cited in code,Not verified,Not verified,Not verified,Not verified,No,Built - unverified,P1,6,,,,,,,,,Not run,System / Automation,System / Automation,UNCHANGED,Authored,,,,No,No,,,,
R-0641,R,Architecture & Platform,Security / Exception / Recovery,Database connection pooling and keep-alive configuration for sudden traffic spikes,Database Engine,All Users,Prevent 'Too Many Connections' database errors during Diwali/Akshaya Tritiya peak retail rushes,"Maintains PgBouncer connection pool with transaction-level reuse; handles 1,000+ concurrent clients",P0,Validated (Supported),PgBouncer transaction-mode connection pooler configured in front of PostgreSQL.,Strategic expansion,Platform or theme scope,P0,Unchanged,Code symbol found,Matched ostgreSQL in product code. This is not a functional test.,OTHER,Security / Exception / Recovery,,core,CONTROL,Core,Platform scope,Critical,High,Medium,MVP,Cited in code,Not verified,Not verified,Not verified,Not verified,No,Built - unverified,P0,18,,,,,,backend/tests/test_ops_templates.py::test_postgres_statement_timeouts_are_configured,2026-10-04,"pytest on Postgres 17, manual run",Partial,System / Automation,System / Automation,UNCHANGED,Inferred,,,,No,No,,,,
R-0642,R,Architecture & Platform,Security / Exception / Recovery,Circuit breaker pattern on third-party government and banking API integrations,Integration Middleware,Billing Clerk,Prevent system freezing when government GST portal or NIC E-Way server is down or timing out,Trips circuit breaker after 3 consecutive timeouts; fails fast; falls back to offline queue without blocking UI,P1,Validated (Supported),Circuit Breaker pattern implemented via pybreaker on external NIC and bank APIs.,Strategic expansion,Platform or theme scope,P1,Unchanged,Code reviewed - confirmed,"Code review 2026-10-04 (agent-reviewed, spot-checked): Confirmed. Cache-based custom breaker (not pybreaker, threshold 5) fails fast on GSP and gateway calls; no offline queue fallback.",OTHER,Security / Exception / Recovery,,integrations,CONTROL,Core,Platform scope,High,Medium,Medium,Pilot,Cited in code,Not verified,Not verified,Not verified,Not verified,No,Built - unverified,P1,12,,,,,,,,,Not run,System / Automation,System / Automation,UNCHANGED,Inferred,,,,No,No,Validated (Supported),Confirmed,backend/core/circuit_breaker.py:call; backend/core/services/gsp_adapters.py:circuit_breaker; backend/payments/gateway.py:circuit_breaker,"Cache-based custom breaker (not pybreaker, threshold 5) fails fast on GSP and gateway calls; no offline queue fallback."
R-0643,R,Architecture & Platform,Security / Exception / Recovery,Deadlock detection and automatic transaction retry on concurrent stock updates,Database Engine,Warehouse / Billing Staff,Automatically retry database transactions when concurrent warehouse transfers encounter PostgreSQL deadlock,Catches OperationalError (deadlock detected); re-executes transaction with exponential jitter up to 3 times,P1,Mechanism not found,Database retry decorator catching deadlock exceptions with randomized backoff.,Strategic expansion,Platform or theme scope,P1,Unchanged,Mechanism not found,"Code review 2026-10-04 (agent-reviewed, spot-checked): Contradicted. Code avoids deadlocks by ordered locking but has no catch-and-retry decorator with backoff.",OTHER,Security / Exception / Recovery,,inventory,CONTROL,Core,Platform scope,High,Medium,Medium,Pilot,Not in code,Not verified,Not verified,Not verified,Not verified,No,Gap,P1,12,,,,,,,,,Not run,System / Automation,System / Automation,UNCHANGED,Inferred,,,,No,No,Validated (Supported),Contradicted,"none found: searched deadlock, OperationalError, 40P01, retry decorator; only lock ordering in backend/inventory/services.py:StockTransferService",Code avoids deadlocks by ordered locking but has no catch-and-retry decorator with backoff.
R-0644,R,Architecture & Platform,Security / Exception / Recovery,Graceful degradation to read-only mode during scheduled database maintenance,Platform Engine,All Users,"Allow users to view customer balances, search prices, and print past invoices while DB migration runs",Routes read queries to read-replica; displays friendly maintenance banner explaining write freeze,P3,Mechanism not found,Read-replica routing middleware supporting read-only maintenance mode.,Strategic expansion,Platform or theme scope,P2,Kept P3. The previous workbook had P3. Authored priority was P2.,Mechanism not found,"Kept P3. The previous workbook had P3. Authored priority was P2. Code review 2026-10-04 (agent-reviewed, spot-checked): Contradicted. No read-replica router or read-only maintenance mode middleware exists; only billing past-due write gating.",OTHER,Security / Exception / Recovery,,core,CONTROL,Future,Platform scope,Low,Low,Medium,Later,Not in code,Not verified,Not verified,Not verified,Not verified,No,Gap,P3,2,,,,,,,,,Not run,System / Automation,System / Automation,KEPT_PREVIOUS,Inferred,,,,No,No,Validated (Supported),Contradicted,"none found: searched read-only mode, maintenance, read replica, DATABASE_ROUTERS in settings",No read-replica router or read-only maintenance mode middleware exists; only billing past-due write gating.
R-0645,R,Architecture & Platform,Reporting & Business Intelligence,Pre-computed materialization worker for heavy financial dashboards and reports,Reporting Engine,Business Owner,Instant sub-second loading of multi-month executive sales and margin trend reports,Pre-aggregates daily metrics into DailyBusinessSummary table; queries pre-computed sums instead of raw rows,P1,Validated (Supported),DailyBusinessSummary rollup model refreshed asynchronously via Celery beat.,Strategic expansion,Platform or theme scope,P1,Unchanged,Code symbol found,Matched DailyBusinessSummary in product code. This is not a functional test.,RPT,Reporting and business intelligence,,reporting,CONTROL,Core,Platform scope,Medium,Medium,Low,Pilot,Cited in code,Not verified,Not verified,Not verified,Not verified,No,Built - unverified,P1,6,,,,,,,,,Not run,System / Automation,System / Automation,UNCHANGED,Authored,,backend/insights/models.py:DailyBusinessSummary,backend/tests/test_phase6_insights.py; backend/tests/test_pr9_p2_edges.py; backend/tests/personas/test_cross_flow_consistency.py,No,No,,,,
R-0646,R,Architecture & Platform,Security / Exception / Recovery,Automated health-check probes for Kubernetes / Docker container self-healing,DevOps Engine,System Administrator,Automatically restart crashed worker processes or web servers within 10 seconds of failure,Exposes /health/liveness/ and /health/readiness/ endpoints validating database and Redis connectivity,P0,Validated (Supported),Standard health probe endpoints integrated with Docker Compose / Kubernetes restart policies.,Strategic expansion,Platform or theme scope,P0,Unchanged,Code reviewed - confirmed,"Code review 2026-10-04 (agent-reviewed, spot-checked): Confirmed. /health/ gives liveness and ?ready=1 readiness checks of DB and cache, not separate /health/liveness/ and /readiness/ paths.",OTHER,Security / Exception / Recovery,,core,CONTROL,Core,Platform scope,Critical,High,Medium,MVP,Cited in code,Not verified,Not verified,Not verified,Not verified,No,Built - unverified,P0,18,,,,,,backend/tests/errors/test_chaos_degradation.py::test_cache_outage_degrades_health_not_crash; backend/tests/errors/test_chaos_degradation.py::test_db_outage_degrades_liveness_not_crash,2026-10-04,"pytest on Postgres 17, manual run",Partial,System / Automation,System / Automation,UNCHANGED,Inferred,,,,No,No,Validated (Supported),Confirmed,backend/core/views.py:HealthView; backend/config/urls.py:health,"/health/ gives liveness and ?ready=1 readiness checks of DB and cache, not separate /health/liveness/ and /readiness/ paths."
R-0647,R,Architecture & Platform,Communication & Integrations,Exponential backoff retry with dead-letter queue (DLQ) for failed background tasks,Celery Worker,System Administrator,Ensure transient network drops do not drop WhatsApp messages or bank reconciliation jobs,"Retries failed jobs at 1m, 5m, 15m, 1h; moves persistently failing jobs to Dead-Letter Queue for inspection",P1,Partial,Celery task retry with exponential backoff and Celery DLQ error alerting.,Strategic expansion,Platform or theme scope,P1,Unchanged,Partial,"Code review 2026-10-04 (agent-reviewed, spot-checked): Partial. Exponential-backoff retry exists for email and refund outbox, and a dead-letter store exists only for billing webhooks; WhatsApp and bank jobs lack this.",INT,Communication and integrations,,integrations,KERNEL,Core,Platform scope,Medium,Medium,Low,Later,Partial,Not verified,Not verified,Not verified,Not verified,No,Built - partial,P2,6,,,,,,,,,Not run,System / Automation,System / Automation,UNCHANGED,Authored,,,,No,No,Validated (Supported),Partial,backend/core/tasks.py:send_email_notification; backend/billing/models.py:DeadLetterEvent; backend/payments/models.py:GatewayRefundOutbox,"Exponential-backoff retry exists for email and refund outbox, and a dead-letter store exists only for billing webhooks; WhatsApp and bank jobs lack this."
R-0648,R,Architecture & Platform,Master Data & Authorization,Optimistic locking with version check on concurrent customer master updates,ORM Guard,Sales Staff / Admin,Prevent accidental overwrite when two sales reps edit customer credit limits at the exact same moment,Stores version integer on Customer model; checks version matching on save; alerts user if changed,P1,Mechanism not found,Optimistic concurrency control using django-concurrency or version column check.,Strategic expansion,Platform or theme scope,P1,Restored to authored P1. The previous workbook had P0 after a keyword rebalance.,Mechanism not found,"Restored to authored P1. The previous workbook had P0 after a keyword rebalance. Code review 2026-10-04 (agent-reviewed, spot-checked): Contradicted. Customer model has no version column or version check on save; no concurrent edit conflict detection.",MASTER,Master data and authorization,,masters,KERNEL,Core,Platform scope,Medium,Medium,Low,Later,Not in code,Not verified,Not verified,Not verified,Not verified,No,Gap,P2,6,,,,,,,,,Not run,System / Automation,System / Automation,RESTORED_TO_AUTHORED,Authored,,,,No,No,Validated (Supported),Contradicted,"none found: searched optimistic, If-Match, version, lock_version in backend/masters and core",Customer model has no version column or version check on save; no concurrent edit conflict detection.
R-0649,R,Architecture & Platform,Import / Export / Period Close,Chunked multipart file upload engine for massive 50MB customer and product master imports,Upload Engine,Accountant / Admin,Allow reliable upload of massive migration files over flaky 3G/4G broadband connections,Splits file into 2MB chunks; resumes interrupted uploads automatically from last successful chunk,P1,Mechanism not found,Tus.io / Chunked upload protocol handling resilient file transfers.,Strategic expansion,Platform or theme scope,P1,Unchanged,Mechanism not found,"Code review 2026-10-04 (agent-reviewed, spot-checked): Contradicted. Imports use ordinary single multipart upload; no chunking or resume.",CLOSE,"Import, export, and period close",,accounting,CONTROL,Core,Platform scope,Medium,Medium,Low,Pilot,Not in code,Not verified,Not verified,Not verified,Not verified,No,Gap,P1,6,,,,,,,,,Not run,System / Automation,System / Automation,UNCHANGED,Authored,,,,No,No,Validated (Supported),Contradicted,"none found: searched chunked, resumable, tus, multipart chunk in backend and web/src",Imports use ordinary single multipart upload; no chunking or resume.
R-0650,R,Architecture & Platform,Security / Exception / Recovery,Automated database index bloat detection and periodic REINDEX maintenance,Database Maintenance,System Administrator,Maintain peak database query speed over years of high-volume invoicing and stock movements,Detects bloated B-tree indexes; executes REINDEX CONCURRENTLY during off-peak hours without locking tables,P3,Mechanism not found,Weekly maintenance script analyzing pg_stat_user_indexes and executing concurrent reindexing.,Strategic expansion,Platform or theme scope,P2,Kept P3. The previous workbook had P3. Authored priority was P2.,Mechanism not found,"Kept P3. The previous workbook had P3. Authored priority was P2. Code review 2026-10-04 (agent-reviewed, spot-checked): Contradicted. No index bloat detection or REINDEX CONCURRENTLY maintenance job exists in code, tasks or scripts.",OTHER,Security / Exception / Recovery,,accounts,CONTROL,Future,Platform scope,Low,Low,Medium,Later,Not in code,Not verified,Not verified,Not verified,Not verified,No,Gap,P3,2,,,,,,,,,Not run,Platform Admin,Platform Admin,KEPT_PREVIOUS,Inferred,,,,No,No,Validated (Supported),Contradicted,"none found: searched reindex, pg_stat_user_indexes, bloat in backend and scripts","No index bloat detection or REINDEX CONCURRENTLY maintenance job exists in code, tasks or scripts."
I-0651,I,Hardware Integrations,Customer-to-Cash,"ESC/POS thermal receipt printer direct driver integration via USB, Bluetooth & Network",Counter Billing Clerk,Walk-in Customer,Sub-second direct silent printing on 2-inch and 3-inch thermal printers without opening browser print dialog,Sends raw ESC/POS command bytes directly to printer port; automatically triggers cash drawer kick-out,P0,Partial,"WebUSB and WebBluetooth ESC/POS driver supporting Epson, TVS, and thermal receipt printers. | Decision 2026-10-04 (delegated, quality-first): Build in Pilot (5 days). Direct ESC/POS over WebUSB and network printers. | Truth 2026-10-05 (WI-044): Partial. The print bridge always returns a PDF fallback and never sends to a network printer; the web path uses native/Bluetooth printEscPos and does not call plan/print; no web/src/__tests__/i_0651.test.tsx; no real printer verification. Only the PDF fallback is real; the network ESC/POS bridge and printer verification are absent.",Strategic expansion,Platform or theme scope,P0,Unchanged,Partial,"Code review 2026-10-04 (agent-reviewed, spot-checked): Partial. Only a Capacitor Bluetooth plugin path sending a minimal text stub; no WebUSB or network printing, falls back to PDF print dialog.",C2C,Customer to cash,,sales,RUN,Differentiator,Platform scope,Medium,High,Low,Pilot,Partial,Not verified,Not verified,Not verified,Not verified,No,Built - partial,P0,6,,,5,,,backend/tests/test_planwave_finish.py::test_print_bridge_falls_back_without_a_printer,2026-10-05,pytest full suite on SQLite (agent run 2026-10-05); human review pending,Partial,System / Automation,Billing / Counter Clerk,UNCHANGED,Authored,,backend/planwave/views.py:PrintBridgeView; web/src/pages/pos/printPosThermal.ts:printPosThermalOrWarn,,No,No,Validated (Supported),Partial,web/src/lib/native.ts:printEscPos; web/src/pages/pos/printPosThermal.ts:printPosThermalOrWarn,"Only a Capacitor Bluetooth plugin path sending a minimal text stub; no WebUSB or network printing, falls back to PDF print dialog."
I-0652,I,Hardware Integrations,Customer-to-Cash,Physical cash drawer automatic kick-out pulse on cash sale completion,Counter Billing Clerk,Walk-in Customer,Physical cash till drawer springs open automatically when cashier selects Cash payment on POS,Sends 24V drawer kick pulse via RJ11 printer port; prevents cashier leaving cash drawer unlocked,P1,Mechanism not found,ESC/POS drawer kick command byte sequence embedded in receipt print stream.,Strategic expansion,Platform or theme scope,P1,Unchanged,Mechanism not found,"Code review 2026-10-04 (agent-reviewed, spot-checked): Contradicted. No drawer kick bytes are added to the print stream.",C2C,Customer to cash,,sales,RUN,Differentiator,Platform scope,Medium,Medium,Low,Later,Not in code,Not verified,Not verified,Not verified,Not verified,No,Gap,P2,4,,,,,,,,,Not run,System / Automation,Billing / Counter Clerk,UNCHANGED,Authored,,,,No,No,Validated (Supported),Contradicted,"none found: searched cash drawer, kick, 0x1b 0x70 in web/src",No drawer kick bytes are added to the print stream.
I-0653,I,Hardware Integrations,Customer-to-Cash,Electronic weighing scale RS-232 serial port live weight reading,Kirana / Grain Cashier,Walk-in Customer,"Live weight of loose items (vegetables, grains, flour) automatically captured on POS bill line",Reads RS-232 serial stream via Web Serial API; populates line quantity instantly; prevents manual weight fraud,P1,Mechanism not found,"Web Serial API integration supporting CAS, Essae, and Avery weighing scales.",Strategic expansion,Platform or theme scope,P1,Unchanged,Mechanism not found,"Code review 2026-10-04 (agent-reviewed, spot-checked): Contradicted. No Web Serial or weighing scale integration exists.",C2C,Customer to cash,,sales,RUN,Differentiator,Platform scope,Medium,Medium,Low,Later,Not in code,Not verified,Not verified,Not verified,Not verified,No,Gap,P2,4,,,,,,,,,Not run,System / Automation,Kirana / Small Retailer,UNCHANGED,Authored,,,,No,No,Validated (Supported),Contradicted,"none found: searched navigator.serial, weighing scale, RS-232 in web/src",No Web Serial or weighing scale integration exists.
I-0654,I,Hardware Integrations,Customer-to-Cash,Customer-facing Pole Display / Secondary Screen integration,Billing Clerk,Walk-in Customer,"Live display of scanned items, prices, and grand total on secondary customer-facing VFD/LCD screen",Updates customer display in real time; builds customer trust and reduces counter pricing disputes,P3,Mechanism not found,Serial VFD 2x20 pole display driver and browser secondary display window output.,Strategic expansion,Platform or theme scope,P2,Kept P3. The previous workbook had P3. Authored priority was P2.,Mechanism not found,"Kept P3. The previous workbook had P3. Authored priority was P2. Code review 2026-10-04 (agent-reviewed, spot-checked): Contradicted. No customer-facing display driver or secondary window exists.",C2C,Customer to cash,,sales,RUN,Future,Platform scope,Low,Low,Low,Later,Not in code,Not verified,Not verified,Not verified,Not verified,No,Gap,P3,1,,,,,,,,,Not run,System / Automation,Billing / Counter Clerk,KEPT_PREVIOUS,Authored,,,,No,No,Validated (Supported),Contradicted,"none found: searched pole display, customer display, secondary screen in web/src",No customer-facing display driver or secondary window exists.
I-0655,I,Hardware Integrations,Customer-to-Cash,Barcode scanner HID USB wedge and 2D QR camera barcode reader,Billing Clerk / Custodian,None,"Supports standard handheld 1D laser barcode guns, 2D QR scanners, and mobile device built-in camera",Captures scanned barcode strings with automatic Enter delimiter; opens product in cart instantly,P0,Partial,"Universal HID keyboard wedge listener with 50ms keystroke timing heuristic + HTML5 camera scanner. | Decision 2026-10-04 (delegated, quality-first): Build in Pilot (3 days). Wedge timing heuristic and a browser camera scanner. | Truth 2026-10-05 (WI-045): Built.  Wedge timing heuristic is implemented, used in PosPage and unit tested; camera scanner deferred by scope.",Strategic expansion,Platform or theme scope,P0,Unchanged,Partial,"Code review 2026-10-04 (agent-reviewed, spot-checked): Partial. Enter-key barcode lookup works with wedge scanners and native camera scan in the mobile app; no 50ms timing heuristic or browser camera scanner.",C2C,Customer to cash,,sales,RUN,Differentiator,Platform scope,Medium,High,Low,Pilot,Partial,Not verified,Not verified,Not verified,Not verified,No,Built - partial,P0,6,,,3,,,web/src/pages/pos/scanInput.test.ts::BUG-UI-002 treats sub-50ms gaps as a scanner and slower typing as a person; web/src/pages/pos/scanInput.test.ts::BUG-UI-003 reads a quantity prefix,2026-10-05,pytest full suite on SQLite (agent run 2026-10-05); human review pending,Not run,System / Automation,Billing / Counter Clerk,UNCHANGED,Authored,,web/src/pages/pos/scanInput.ts:isScannerBurst; web/src/pages/pos/PosPage.tsx,,No,No,Validated (Supported),Partial,web/src/pages/pos/PosPage.tsx:tryAddByBarcode; web/src/lib/native.ts:scanBarcode; web/src/pages/pos/posEnter.ts,Enter-key barcode lookup works with wedge scanners and native camera scan in the mobile app; no 50ms timing heuristic or browser camera scanner.
I-0656,I,Hardware Integrations,Inventory Lifecycle,ZPL / TSPL thermal barcode label and sticker printer integration,Warehouse Custodian,None,"Print product price stickers, barcode labels, and shelf tags directly on Zebra / TSC label printers",Generates raw ZPL / TSPL command code; prints customizable 50x25mm and 38x25mm barcode stickers,P1,Partial,ZPL / TSPL label template generator with barcode symbology encoding (Code 128 / EAN-13).,Strategic expansion,Platform or theme scope,P1,Unchanged,Partial,"Code review 2026-10-04 (agent-reviewed, spot-checked): Partial. Code 128 barcode labels print through browser window.print; no ZPL or TSPL command generation for Zebra or TSC printers.",INV,Inventory lifecycle,,inventory,RUN,Differentiator,Platform scope,Medium,High,Low,Later,Partial,Not verified,Not verified,Not verified,Not verified,No,Built - partial,P2,6,,,,,,,,,Not run,System / Automation,Inventory / Warehouse,UNCHANGED,Authored,,,,No,No,Validated (Supported),Partial,web/src/pages/inventory/LabelPrintPage.tsx:JsBarcode,Code 128 barcode labels print through browser window.print; no ZPL or TSPL command generation for Zebra or TSC printers.
I-0657,I,External Integrations,Communication & Integrations,WhatsApp Business Cloud API official automated notification service,Communication Engine,Customer / Supplier,"Send verified branded WhatsApp messages with PDF invoices, payment receipts, and delivery updates",Delivers messages via official Meta Cloud API; tracks delivery and read receipts; supports interactive buttons,P1,Validated (Supported),Meta WhatsApp Cloud API integration with approved HSM utility templates.,Strategic expansion,Platform or theme scope,P1,Unchanged,Code symbol found,Matched WhatsApp in product code. This is not a functional test.,INT,Communication and integrations,,integrations,KERNEL,Differentiator,Platform scope,Medium,Medium,Low,Later,Cited in code,Not verified,Not verified,Not verified,Not verified,No,Built - unverified,P2,4,,,,,,,,,Not run,System / Automation,System / Automation,UNCHANGED,Authored,,,,No,No,,,,
I-0658,I,External Integrations,Payments & Reconciliation,BharatPe / Paytm / PhonePe Soundbox instant payment audio alert webhook,Cashier / Counter Clerk,Customer,Physical Soundbox on retail counter announces: 'Payment of ₹450 received successfully on UPI',Receives gateway webhook; triggers soundbox broadcast; marks POS bill PAID without clerk touching screen,P1,Mechanism not found,Soundbox webhook listener syncing UPI settlement with POS active register.,Strategic expansion,Platform or theme scope,P1,Unchanged,Mechanism not found,"Code review 2026-10-04 (agent-reviewed, spot-checked): Contradicted. No soundbox integration or audio broadcast; only generic gateway webhooks exist.",PAYREC,Payments and reconciliation,,payments,RUN,Differentiator,Platform scope,Medium,High,Low,Later,Not in code,Not verified,Not verified,Not verified,Not verified,No,Gap,P2,6,,,,,,,,,Not run,System / Automation,Accountant / Finance,UNCHANGED,Authored,,,,No,No,Validated (Supported),Contradicted,"none found: searched soundbox, bharatpe, paytm, phonepe in backend and web",No soundbox integration or audio broadcast; only generic gateway webhooks exist.
I-0659,I,External Integrations,Payments & Reconciliation,Pine Labs / MSwipe / Mosambee EDC credit card swipe terminal integration,Cashier,Customer,Push bill amount directly to card swipe machine; machine captures card and confirms payment back to POS,Eliminates manual re-typing of transaction amounts on card machine; prevents billing cashier fraud,P1,Mechanism not found,EDC Cloud POS API integration (Plutus / MSwipe) with automatic charge slip generation.,Strategic expansion,Platform or theme scope,P1,Unchanged,Mechanism not found,"Code review 2026-10-04 (agent-reviewed, spot-checked): Contradicted. No card swipe terminal integration in code.",PAYREC,Payments and reconciliation,,payments,RUN,Differentiator,Platform scope,Medium,High,Low,Later,Not in code,Not verified,Not verified,Not verified,Not verified,No,Gap,P2,6,,,,,,,,,Not run,System / Automation,Accountant / Finance,UNCHANGED,Authored,,,,No,No,Validated (Supported),Contradicted,"none found: searched pine labs, mswipe, mosambee, plutus, EDC",No card swipe terminal integration in code.
I-0660,I,External Integrations,GST / Tax / Compliance,NIC GST Portal GSP (GST Suvidha Provider) secure direct API connectivity,Tax Engine,External CA / Accountant,Direct one-click upload of GSTR-1 and download of GSTR-2B JSON without visiting government website,Authenticates via GSP secure tunnel using encrypted OTP token; pulls live filing status and ledger balances,P1,Partial,GSP REST API connector with OAuth2 token caching and payload encryption.,Strategic expansion,Platform or theme scope,P1,Unchanged,Partial,"Code review 2026-10-04 (agent-reviewed, spot-checked): Partial. Adapter with GSTR-1/3B upload and 2B fetch exists but live mode is gated on GSP_CERTIFIED; no OTP tunnel or ledger balance pull.",GST,GST and tax compliance,,accounting,CONTROL,Differentiator,Platform scope,Critical,High,High,Later,Partial,Not verified,Not verified,Not verified,Not verified,No,Built - partial,P2,18,,,,,,,,,Not run,System / Automation,System / Automation,UNCHANGED,Authored,,,,No,No,Validated (Supported),Partial,backend/core/services/gsp_adapters.py:LiveGstrFilingAdapter; backend/core/services/gsp_adapters.py:obtain_gsp_auth_session,Adapter with GSTR-1/3B upload and 2B fetch exists but live mode is gated on GSP_CERTIFIED; no OTP tunnel or ledger balance pull.
I-0661,I,External Integrations,GST / Tax / Compliance,National Informatics Centre (NIC) Invoice Registration Portal (IRP) live E-Invoice connector,Billing Clerk / Tax Engine,Tax Authority,Instant sub-second generation of legal B2B IRN and Signed QR code on invoice completion,Direct API handshake with ClearTax / Masters India / Cygnet IRP endpoints; auto-embeds IRN on PDF,P0,Validated (Supported),IRP REST client with token lifecycle management and automatic JSON payload signing.,Strategic expansion,Platform or theme scope,P0,Unchanged,Code reviewed - confirmed,"Code review 2026-10-04 (agent-reviewed, spot-checked): Confirmed. Live IRP adapter with auth token exchange and encrypted payload exists; IRN and QR are printed on the invoice PDF.",GST,GST and tax compliance,,accounting,CONTROL,Differentiator,Platform scope,Critical,High,High,MVP,Cited in code,Not verified,Not verified,Not verified,Not verified,No,Built - unverified,P0,18,,,,,,backend/tests/test_sprint_e_gsp_protocol.py::test_http_sandbox_irp_cassette,2026-10-04,"pytest on Postgres 17, manual run",Partial,System / Automation,System / Automation,UNCHANGED,Authored,,,,No,No,Validated (Supported),Confirmed,backend/core/services/gsp_adapters.py:LiveIrpAdapter; backend/core/services/nic_irp_crypto.py:wrap_nic_invoice_data; backend/core/services/gsp_adapters.py:wrap_irp_payload,Live IRP adapter with auth token exchange and encrypted payload exists; IRN and QR are printed on the invoice PDF.
I-0662,I,External Integrations,Payments & Reconciliation,ICICI Bank / HDFC Bank Open Banking corporate API integration,In-house Accountant,Supplier / Customer,Execute vendor NEFT/RTGS payments directly from software without logging into bank netbanking portal,Initiates 2-factor OTP bank transfer; retrieves live statement lines and real-time bank UTR numbers,P1,Partial,Corporate Connected Banking API integration with encrypted payload and corporate maker-checker auth.,Strategic expansion,Platform or theme scope,P1,Unchanged,Partial,"Code review 2026-10-04 (agent-reviewed, spot-checked): Partial. Read-only Account Aggregator statement fetch exists; no ICICI/HDFC bank API, NEFT/RTGS initiation or OTP transfer.",PAYREC,Payments and reconciliation,,payments,RUN,Differentiator,Platform scope,Medium,High,Low,Later,Partial,Not verified,Not verified,Not verified,Not verified,No,Built - partial,P2,6,,,,,,,,,Not run,System / Automation,Accountant / Finance,UNCHANGED,Authored,,,,No,No,Validated (Supported),Partial,backend/banking/fiu_adapter.py:fetch_live_transactions_for_consent; backend/banking/services.py:match_aa_to_receipts,"Read-only Account Aggregator statement fetch exists; no ICICI/HDFC bank API, NEFT/RTGS initiation or OTP transfer."
I-0663,I,External Integrations,Master Data & Authorization,Government GSTIN Verification API auto-fill on customer and supplier creation,Billing Clerk / Accountant,New Customer / Supplier,"Type 15-character GSTIN; software automatically fetches legal name, trade name, address, and status",Eliminates manual typing errors; validates that counterparty GSTIN is active and not cancelled,P1,Partial,GSTIN Public Search API integration auto-populating master entity forms.,Strategic expansion,Platform or theme scope,P1,Unchanged,Partial,"Code review 2026-10-04 (agent-reviewed, spot-checked): Partial. GSTIN verify action fetches legal name and status via sandbox provider (null default); no address/trade name autofill on create.",MASTER,Master data and authorization,,masters,KERNEL,Differentiator,Platform scope,Medium,Medium,Low,Later,Partial,Not verified,Not verified,Not verified,Not verified,No,Built - partial,P2,4,,,,,,,,,Not run,System / Automation,Accountant / Finance,UNCHANGED,Authored,,,,No,No,Validated (Supported),Partial,backend/core/services/gstin_verify.py:apply_verification; backend/masters/views.py:CustomerViewSet; backend/core/services/gstin_verify.py:HttpGstinProvider,GSTIN verify action fetches legal name and status via sandbox provider (null default); no address/trade name autofill on create.
I-0664,I,External Integrations,"Operations, Fleet & Delivery",Google Maps & OpenStreetMap Directions API route optimization,Logistics Dispatcher,Delivery Driver,Calculate optimal delivery stop sequence and live turn-by-turn navigation distance for delivery tempos,Optimizes route order; computes accurate delivery transit ETA; minimizes diesel consumption,P3,Partial,Google Maps Directions API integration with waypoint sequencing optimization.,Strategic expansion,Platform or theme scope,P2,Kept P3. The previous workbook had P3. Authored priority was P2.,Partial,"Kept P3. The previous workbook had P3. Authored priority was P2. Code review 2026-10-04 (agent-reviewed, spot-checked): Partial. Stop sequencing uses local nearest-neighbour and pincode haversine; no Google Maps or OSM Directions API call.",FLEET,Fleet and delivery,,sales,RUN,Future,Platform scope,Low,Low,Low,Later,Partial,Not verified,Not verified,Not verified,Not verified,No,Built - partial,P3,1,,,,,,,,,Not run,System / Automation,Logistics & Delivery,KEPT_PREVIOUS,Authored,,,,No,No,Validated (Supported),Partial,backend/sales/route_optimization.py:NearestNeighborTwoOptStrategy; backend/sales/route_optimization.py:haversine_km,Stop sequencing uses local nearest-neighbour and pincode haversine; no Google Maps or OSM Directions API call.
I-0665,I,External Integrations,Communication & Integrations,DLT-approved transactional SMS gateway integration (MSG91 / Fast2SMS),Communication Engine,Customer,Deliver statutory invoice summary SMS with DLT-registered Header ID and approved 14-digit entity ID,Dispatches SMS to feature phones and customers without WhatsApp; satisfies TRAI DLT regulations,P1,Partial,TRAI DLT compliant SMS gateway connector with approved template ID matching.,Strategic expansion,Platform or theme scope,P1,Unchanged,Partial,"Code review 2026-10-04 (agent-reviewed, spot-checked): Partial. MSG91 adapter with DLT template id exists for OTP and reminders; no Fast2SMS, invoice-summary SMS, or entity/header id handling.",INT,Communication and integrations,,integrations,KERNEL,Differentiator,Platform scope,Medium,Medium,Low,Later,Partial,Not verified,Not verified,Not verified,Not verified,No,Built - partial,P2,4,,,,,,,,,Not run,System / Automation,System / Automation,UNCHANGED,Authored,,,,No,No,Validated (Supported),Partial,backend/core/services/sms.py:_send_msg91; backend/payments/dunning.py:_send_sms,"MSG91 adapter with DLT template id exists for OTP and reminders; no Fast2SMS, invoice-summary SMS, or entity/header id handling."
SaaS-0666,SaaS,Platform / SaaS Admin,Security / Exception / Recovery,Self-service tenant signup and automated workspace database provisioning,New Customer (Merchant),None,"New merchant signs up on website, verifies phone via OTP, and gets active company workspace in 60s","Creates Company, initial CompanyUser (OWNER), default Chart of Accounts, and primary Warehouse",P0,Validated (Supported),"Automated tenant onboarding pipeline provisioning company defaults and seed accounts. | Decision 2026-10-04 (delegated, quality-first): Keep in MVP: built. Add an end-to-end test and a load test of provisioning. | Truth 2026-10-05 (WI-050): Partial. The test runs 20 sequential signups in the normal suite, not 20 concurrent out of 50, and not as a nightly or manual job; no signup-to-workspace end-to-end check beyond company creation. Uniqueness and p95 are asserted but under sequential load and inside the PR run.",Strategic expansion,Platform or theme scope,P0,Unchanged,Code reviewed - confirmed,"Code review 2026-10-04 (agent-reviewed, spot-checked): Confirmed. RegisterView verifies OTP then creates Company, OWNER CompanyUser, default warehouse and chart of accounts in one transaction.",OTHER,Security / Exception / Recovery,,accounts,CONTROL,Adjacent,Platform scope,Medium,High,Medium,MVP,Cited in code,Not verified,Not verified,Not verified,Not verified,No,Built - partial,P0,6,,,,,,backend/tests/test_auth.py::test_register_creates_user_company_and_owner_membership; backend/tests/test_plan_remaining_open.py::test_twenty_signups_stay_unique_and_under_ten_seconds,2026-10-05,pytest full suite on SQLite (agent run 2026-10-05); human review pending,Partial,Platform Admin,Billing / Counter Clerk,UNCHANGED,Inferred,,backend/accounts/models.py:CompanyUser; backend/accounts/views.py; backend/tests/test_plan_remaining_open.py,backend/tests/conftest.py; backend/tests/test_a03_preview.py; backend/tests/test_attention_outcomes.py,No,No,Validated (Supported),Confirmed,backend/accounts/views.py:RegisterView; backend/accounting/services.py:seed_chart_of_accounts,"RegisterView verifies OTP then creates Company, OWNER CompanyUser, default warehouse and chart of accounts in one transaction."
SaaS-0667,SaaS,Platform / SaaS Admin,Master Data & Authorization,Multi-company workspace switcher for serial entrepreneurs and accounting firms,Business Owner / CA,None,Single login credentials allow switching between multiple registered companies or client accounts,Toggles active company context in session header; preserves strict data isolation between companies,P1,Validated (Supported),Tenant context switching middleware evaluating active company_id header with permission check.,Strategic expansion,Platform or theme scope,P1,Unchanged,Code reviewed - confirmed,"Code review 2026-10-04 (agent-reviewed, spot-checked): Confirmed. Users with multiple memberships switch active company; X-Company-Id header is validated against membership.",MASTER,Master data and authorization,,masters,KERNEL,Adjacent,Platform scope,Low,Medium,Low,Later,Cited in code,Not verified,Not verified,Not verified,Not verified,No,Built - unverified,P2,2,,,,,,,,,Not run,Platform Admin,Business Owner,UNCHANGED,Authored,,,,No,No,Validated (Supported),Confirmed,backend/accounts/views.py:SwitchCompanyView; backend/core/permissions.py:get_company_user; backend/accounts/views.py:MembershipsListView,Users with multiple memberships switch active company; X-Company-Id header is validated against membership.
SaaS-0668,SaaS,Platform / SaaS Admin,Security / Exception / Recovery,"Subscription tier and plan quota enforcement engine (Invoices/month, SKUs, Users)",Subscription Engine,All Users,"Enforce commercial plan limits (Free: 100 bills/mo, Pro: 2,000 bills/mo, Enterprise: Unlimited)",Checks monthly invoice count before invoice completion; prompts 1-click plan upgrade if limit reached,P0,Validated (Supported),"Subscription Plan Quota validator checking tenant usage against active tier limits. | Decision 2026-10-04 (delegated, quality-first): Keep in MVP: built and tested.",Strategic expansion,Platform or theme scope,P0,Unchanged,Code reviewed - confirmed,"Code review 2026-10-04 (agent-reviewed, spot-checked): Confirmed. Plan quota check blocks invoice completion with PLAN_QUOTA_EXCEEDED, with 0 meaning unlimited.",OTHER,Security / Exception / Recovery,,accounts,CONTROL,Adjacent,Platform scope,Medium,High,Medium,MVP,Cited in code,Not verified,Not verified,Not verified,Not verified,No,Built - tested,P0,6,,,,,,backend/tests/test_saas_quotas_and_dlq.py::test_monthly_complete_quota_blocks_purchase_complete; backend/tests/test_saas_quotas_and_dlq.py::test_monthly_complete_quota_blocks_second_complete,2026-10-04,"pytest on Postgres 17, manual run",Pass,Platform Admin,System / Automation,UNCHANGED,Inferred,,,,No,No,Validated (Supported),Confirmed,backend/billing/quotas.py:assert_complete_allowed; backend/billing/models.py:Plan,"Plan quota check blocks invoice completion with PLAN_QUOTA_EXCEEDED, with 0 meaning unlimited."
SaaS-0669,SaaS,Platform / SaaS Admin,Payments & Reconciliation,Automated recurring subscription billing and GST tax invoice generation via Razorpay Subscriptions,Billing Engine,Business Owner,Automated monthly/annual recurring credit card / UPI auto-debit for software subscription fee,Charges customer; activates subscription period; automatically emails GST-compliant B2B SaaS tax invoice,P0,Partial,"Razorpay / Stripe recurring subscription webhook integration with automated invoice delivery. | Decision 2026-10-04 (delegated, quality-first): Build in Pilot (5 days). GST invoice generation and emailing for subscription charges. | Truth 2026-10-05 (WI-046): Partial. The generator has no production caller: nothing invokes issue_platform_gst_invoice on a Cashfree or PayU subscription capture (payments/services.py only comments on it). No PDF is produced and email is a notification body only. Generator with place of supply, CGST/SGST/IGST split, idempotency and no gateway SDK is tested but is not wired to a capture event.",Strategic expansion,Platform or theme scope,P0,Unchanged,Partial,"Code review 2026-10-04 (agent-reviewed, spot-checked): Partial. Razorpay subscriptions are created and status synced; no SaaS GST invoice generation or emailing found.",PAYREC,Payments and reconciliation,,payments,RUN,Adjacent,Platform scope,Low,High,Low,Pilot,Partial,Not verified,Not verified,Not verified,Not verified,No,Built - partial,P0,3,,,5,,,backend/tests/test_sprint_d_saas_billing.py::test_bb_000671_webhook_updates_subscription_status; backend/tests/test_plan_remaining_open.py::test_cashfree_capture_issues_one_gst_invoice_and_payu_is_idempotent; backend/tests/test_plan_remaining_open.py::test_same_state_capture_splits_cgst_and_sgst,2026-10-05,pytest full suite on SQLite (agent run 2026-10-05); human review pending,Partial,Platform Admin,System / Automation,UNCHANGED,Authored,,backend/billing/platform_gst.py:issue_platform_gst_invoice; backend/billing/models.py:PlatformGstInvoice,,No,No,Validated (Supported),Partial,backend/billing/services.py:_create_razorpay_subscription; backend/billing/services.py:apply_razorpay_subscription_status,Razorpay subscriptions are created and status synced; no SaaS GST invoice generation or emailing found.
SaaS-0670,SaaS,Platform / SaaS Admin,Security / Exception / Recovery,Grace period management and automated read-only downgrade on subscription payment failure,Subscription Engine,Business Owner,"When credit card payment fails, provide 7-day grace period before shifting account to read-only mode",Dispatches payment retry alerts; locks write actions after 7 days while preserving access to past records,P1,Validated (Supported),Automated dunning workflow transitioning tenant status (ACTIVE -> PAST_DUE -> READ_ONLY).,Strategic expansion,Platform or theme scope,P1,Unchanged,Code reviewed - confirmed,"Code review 2026-10-04 (agent-reviewed, spot-checked): Confirmed. PAST_DUE status with configurable grace days blocks writes via middleware and dunning notices go out; read access remains.",OTHER,Security / Exception / Recovery,,accounts,CONTROL,Adjacent,Platform scope,Medium,Medium,Medium,Later,Cited in code,Not verified,Not verified,Not verified,Not verified,No,Built - unverified,P2,4,,,,,,,,,Not run,Platform Admin,System / Automation,UNCHANGED,Inferred,,,,No,No,Validated (Supported),Confirmed,backend/billing/models.py:Subscription; backend/billing/middleware.py:SubscriptionWriteGateMiddleware; backend/billing/dunning.py,PAST_DUE status with configurable grace days blocks writes via middleware and dunning notices go out; read access remains.
SaaS-0671,SaaS,Platform / SaaS Admin,Master Data & Authorization,Role license seating and per-user add-on billing management,System Administrator,Business Owner,"Manage number of authorized staff login seats (e.g. 3 POS cashiers, 1 accountant, 1 manager)",Tracks allocated user seats; calculates prorated monthly add-on fee for additional employee logins,P1,Partial,User seat quota manager in /settings/billing/ with prorated billing adjustments.,Strategic expansion,Platform or theme scope,P1,Unchanged,Partial,"Code review 2026-10-04 (agent-reviewed, spot-checked): Partial. Plan seat limits are tracked and enforced; no per-user add-on fee or prorated billing (code states no proration).",MASTER,Master data and authorization,,masters,KERNEL,Adjacent,Platform scope,Low,Medium,Low,Later,Partial,Not verified,Not verified,Not verified,Not verified,No,Built - partial,P2,2,,,,,,,,,Not run,Platform Admin,Platform Admin,UNCHANGED,Authored,,,,No,No,Validated (Supported),Partial,backend/billing/quotas.py:seat_count; backend/accounts/views.py:_enforce_plan_seat_limit; backend/billing/models.py,Plan seat limits are tracked and enforced; no per-user add-on fee or prorated billing (code states no proration).
SaaS-0672,SaaS,Platform / SaaS Admin,Import / Export / Period Close,Self-service full tenant data export package upon subscription cancellation,Business Owner,None,"Departing customer can download complete backup of all products, customers, invoices, and ledgers in 1 zip",Generates clean ZIP archive containing all historical Excel books and document PDFs; zero vendor lock-in,P1,Validated (Supported),Export All Data tool in /settings/privacy/ generating comprehensive tenant data archive.,Strategic expansion,Platform or theme scope,P1,Unchanged,Code reviewed - confirmed,"Code review 2026-10-04 (agent-reviewed, spot-checked): Confirmed. Owner can download an encrypted zip of all company rows (JSON/CSV) and file assets; Excel/PDF books not specifically generated.",CLOSE,"Import, export, and period close",,accounting,CONTROL,Adjacent,Platform scope,Low,Medium,Low,Later,Cited in code,Not verified,Not verified,Not verified,Not verified,No,Built - unverified,P2,2,,,,,,,,,Not run,Platform Admin,Business Owner,UNCHANGED,Authored,,,,No,No,Validated (Supported),Confirmed,backend/accounts/export_views.py:TenantExportView; backend/accounts/tenant_backup.py:encrypt_export_zip,Owner can download an encrypted zip of all company rows (JSON/CSV) and file assets; Excel/PDF books not specifically generated.
SaaS-0673,SaaS,Platform / SaaS Admin,Security / Exception / Recovery,Tenant account soft-deletion and 30-day recovery holding period,System Administrator,Business Owner,"When merchant deletes account, data is placed in 30-day quarantine before permanent physical purge",Allows remorseful customer to reactivate account within 30 days; executes permanent purge after 30 days,P1,Partial,Soft-delete lifecycle with 30-day cron expiration job executing hard cascade cleanup.,Strategic expansion,Platform or theme scope,P1,Unchanged,Partial,"Code review 2026-10-04 (agent-reviewed, spot-checked): Partial. Tombstone soft-delete and purge job exist, but retention is 8 years for GST and no 30-day reactivation window was found.",OTHER,Security / Exception / Recovery,,accounts,CONTROL,Adjacent,Platform scope,Medium,Medium,Medium,Later,Partial,Not verified,Not verified,Not verified,Not verified,No,Built - partial,P2,4,,,,,,,,,Not run,Platform Admin,Platform Admin,UNCHANGED,Inferred,,,,No,No,Validated (Supported),Partial,backend/accounts/erasure.py:erase_company; backend/accounts/erasure.py:purge_expired_tombstones,"Tombstone soft-delete and purge job exist, but retention is 8 years for GST and no 30-day reactivation window was found."
SaaS-0674,SaaS,Platform / SaaS Admin,Master Data & Authorization,White-label branding and custom domain mapping for enterprise distributors,Enterprise Admin,None,Large distributor can point software to their custom domain (e.g. portal.sharmadistributors.com),"Customizes portal logo, theme colors, login screen, and outbound customer notification emails",P3,Mechanism not found,Multi-tenant custom domain CNAME routing with automated Let's Encrypt SSL provisioning.,Strategic expansion,Platform or theme scope,P2,Kept P3. The previous workbook had P3. Authored priority was P2.,Mechanism not found,"Kept P3. The previous workbook had P3. Authored priority was P2. Code review 2026-10-04 (agent-reviewed, spot-checked): Contradicted. No custom domain mapping, branding or white-label support exists.",MASTER,Master data and authorization,,masters,KERNEL,Future,Platform scope,Low,Low,Low,Later,Not in code,Not verified,Not verified,Not verified,Not verified,No,Gap,P3,1,,,,,,,,,Not run,Platform Admin,Other,KEPT_PREVIOUS,Authored,,,,No,No,Validated (Supported),Contradicted,"none found: searched custom_domain, white-label, cname, brand theme in backend","No custom domain mapping, branding or white-label support exists."
SaaS-0675,SaaS,Platform / SaaS Admin,Reporting & Business Intelligence,"SaaS SuperAdmin analytics dashboard (MRR, Churn, DAU, Feature Adoption)",SaaS Product Manager,Executive Team,"Track software business metrics: Monthly Recurring Revenue (MRR), churn rate, daily active users (DAU)",Aggregates anonymized product analytics; identifies popular features and at-risk churn accounts,P1,Mechanism not found,Internal SaaS SuperAdmin telemetry dashboard tracking Stripe/Razorpay MRR and user activity.,Strategic expansion,Platform or theme scope,P1,Unchanged,Mechanism not found,"Code review 2026-10-04 (agent-reviewed, spot-checked): Contradicted. No MRR, churn rate or DAU aggregation for a SuperAdmin dashboard.",RPT,Reporting and business intelligence,,reporting,CONTROL,Adjacent,Platform scope,Low,Medium,Low,Later,Not in code,Not verified,Not verified,Not verified,Not verified,No,Gap,P2,2,,,,,,,,,Not run,Platform Admin,Platform Admin,UNCHANGED,Authored,,,,No,No,Validated (Supported),Contradicted,"none found: searched mrr, dau, feature adoption in billing, core, insights, accounts","No MRR, churn rate or DAU aggregation for a SuperAdmin dashboard."
SaaS-0676,SaaS,Platform / SaaS Admin,Master Data & Authorization,Feature flag management and progressive rollout engine across tenant cohorts,Product Manager / Engineer,Beta Merchants,Safely test new capabilities (e.g. new E-Invoice engine) with 5% of pilot merchants before full release,"Enables or disables feature toggles based on tenant ID, plan tier, or opt-in beta program",P1,Partial,Feature Flag engine (Waffle/LaunchDarkly pattern) evaluating tenant eligibility in real time.,Strategic expansion,Platform or theme scope,P1,Restored to authored P1. The previous workbook had P0 after a keyword rebalance.,Partial,"Restored to authored P1. The previous workbook had P0 after a keyword rebalance. Code review 2026-10-04 (agent-reviewed, spot-checked): Partial. Per-company and plan-module flag overrides exist; no percentage/cohort rollout or opt-in beta program evaluation.",MASTER,Master data and authorization,,masters,KERNEL,Adjacent,Platform scope,Low,Medium,Low,Later,Partial,Not verified,Not verified,Not verified,Not verified,No,Built - partial,P2,2,,,,,,,,,Not run,Platform Admin,Platform Admin,RESTORED_TO_AUTHORED,Authored,,,,No,No,Validated (Supported),Partial,backend/core/services/feature_flags.py:build_feature_flags; backend/core/services/feature_flags.py:ROLLOUT_GRANTABLE_KEYS,Per-company and plan-module flag overrides exist; no percentage/cohort rollout or opt-in beta program evaluation.
SaaS-0677,SaaS,Platform / SaaS Admin,Customer-to-Cash,14-day full-featured free trial with automated milestone onboarding nudges,New Customer,Customer Success Team,Merchant experiences full software capabilities for 14 days without entering credit card,"Sends automated helpful tips on Day 1 (Add Product), Day 3 (First Bill), Day 7 (GST Report)",P1,Validated (Supported),Automated trial lifecycle manager with milestone-based email/WhatsApp onboarding triggers.,Strategic expansion,Platform or theme scope,P1,Unchanged,Code symbol found,Matched WhatsApp in product code. This is not a functional test.,C2C,Customer to cash,,sales,RUN,Adjacent,Platform scope,Low,Medium,Low,Later,Cited in code,Not verified,Not verified,Not verified,Not verified,No,Built - unverified,P2,2,,,,,,,,,Not run,Platform Admin,External Party (Customer / Supplier),UNCHANGED,Authored,,,,No,No,,,,
SaaS-0678,SaaS,Platform / SaaS Admin,Security / Exception / Recovery,Automated tenant data isolation audit and penetration testing verification,Security Auditor,SaaS Architect,Continuous automated testing proving that no tenant can ever execute SQL query accessing another tenant's row,Executes synthetic multi-tenant test suite simulating cross-tenant query injection attacks,P0,Validated (Supported),"Automated pytest multi-tenant isolation verification test suite running in CI/CD pipeline. | Decision 2026-10-04 (delegated, quality-first): Keep in MVP: built and tested.",Strategic expansion,Platform or theme scope,P0,Unchanged,Code reviewed - confirmed,"Code review 2026-10-04 (agent-reviewed, spot-checked): Confirmed. Cross-tenant isolation pytest suite runs in CI; it tests ORM and API isolation rather than SQL injection attacks.",OTHER,Security / Exception / Recovery,,accounts,CONTROL,Adjacent,Platform scope,Medium,High,Medium,MVP,Cited in code,Not verified,Not verified,Not verified,Not verified,No,Built - tested,P0,6,,,,,,backend/tests/tenancy/test_endpoint_isolation.py::test_tenant_a_cannot_read_tenant_b_row; backend/tests/tenancy/test_route_isolation_matrix.py::test_every_detail_route_is_isolated_across_tenants,2026-10-04,"pytest on Postgres 17, manual run",Pass,Platform Admin,Platform Admin,UNCHANGED,Inferred,,,,No,No,Validated (Supported),Confirmed,backend/tests/test_tenant_isolation.py:test_customers_are_isolated; .github/workflows/ci.yml:Tenant isolation smoke,Cross-tenant isolation pytest suite runs in CI; it tests ORM and API isolation rather than SQL injection attacks.
SaaS-0679,SaaS,Platform / SaaS Admin,Security / Exception / Recovery,SuperAdmin 'Impersonate Tenant' support capability with mandatory audit logging,Customer Support Lead,Troubled Merchant,Customer support agent can view merchant's screen to troubleshoot bug with merchant's explicit permission,Generates temporary 15-minute support token; logs every staff action; displays bright 'Support Mode' banner,P1,Mechanism not found,Sudo impersonation engine requiring time-limited authorization and permanent audit logging.,Strategic expansion,Platform or theme scope,P1,Unchanged,Mechanism not found,"Code review 2026-10-04 (agent-reviewed, spot-checked): Contradicted. No support impersonation capability, 15-minute support token or Support Mode banner exists in backend code.",OTHER,Security / Exception / Recovery,,accounts,CONTROL,Adjacent,Platform scope,Medium,Medium,Medium,Later,Not in code,Not verified,Not verified,Not verified,Not verified,No,Gap,P2,4,,,,,,,,,Not run,Platform Admin,Sales & Growth,UNCHANGED,Inferred,,,,No,No,Validated (Supported),Contradicted,none found: searched impersonat in backend,"No support impersonation capability, 15-minute support token or Support Mode banner exists in backend code."
SaaS-0680,SaaS,Platform / SaaS Admin,Communication & Integrations,"In-app customer feedback, feature request, and bug reporting widget",Business User,Product Team,"Users can report issues, attach screenshots, or upvote feature requests directly from app footer",Routes user feedback directly to product management backlog; updates user when feature ships,P3,Partial,"In-app feedback modal capturing console logs, screen resolution, and user screenshot.",Strategic expansion,Platform or theme scope,P2,Kept P3. The previous workbook had P3. Authored priority was P2.,Partial,"Kept P3. The previous workbook had P3. Authored priority was P2. Code review 2026-10-04 (agent-reviewed, spot-checked): Partial. Help feedback form stores feedback for ops triage; no screenshot or console capture, upvoting, or ship notifications.",INT,Communication and integrations,,integrations,KERNEL,Future,Platform scope,Low,Low,Low,Later,Partial,Not verified,Not verified,Not verified,Not verified,No,Built - partial,P3,1,,,,,,,,,Not run,Platform Admin,Business Owner,KEPT_PREVIOUS,Authored,,,,No,No,Validated (Supported),Partial,backend/core/help_views.py:HelpFeedbackView; web/src/pages/help/HelpFeedbackForm.tsx,"Help feedback form stores feedback for ops triage; no screenshot or console capture, upvoting, or ship notifications."
D-0681,D,AI & Differentiation,Procure-to-Pay,Deterministic LLM bill extraction: photo of crumpled paper bill → structured draft invoice,Purchase Staff / Accountant,Supplier,Merchant snaps photo of physical vendor bill using mobile camera; AI extracts line items with 99% accuracy,"Parses vendor GSTIN, invoice number, items, HSN, rates, and taxes; pre-fills purchase invoice in 5 seconds",P0,Validated (Supported),"Differentiator vs Tally/Vyapar: Vision LLM + OCR parsing pipeline with deterministic schema validation. | Decision 2026-10-04 (delegated, quality-first): Keep in MVP: built and tested.",Strategic expansion,Platform or theme scope,P0,Unchanged,Code reviewed - confirmed,"Code review 2026-10-04 (agent-reviewed, spot-checked): Confirmed. Vision LLM extraction of bill images with normalised payload feeds a purchase draft.",P2P,Procure to pay,,purchases,RUN,Future,Platform scope,Low,High,Low,MVP,Cited in code,Not verified,Not verified,Not verified,Not verified,No,Built - tested,P0,3,,,,,,backend/tests/test_purchase_bill_import.py::test_purchase_bill_commit_creates_products_and_draft; backend/tests/test_purchase_bill_import.py::test_purchase_bill_extract_preview,2026-10-04,"pytest on Postgres 17, manual run",Pass,Accountant / Finance,Accountant / Finance,UNCHANGED,Authored,,,,No,No,Validated (Supported),Confirmed,backend/core/services/llm.py:extract_purchase_bill; backend/imports/tasks.py:extract_purchase_bill_task,Vision LLM extraction of bill images with normalised payload feeds a purchase draft.
D-0682,D,AI & Differentiation,Customer-to-Cash,WhatsApp Conversational Khata Bot: customer sends photo of handwritten order list → creates sales order,Sales Staff / Merchant,Retail Customer,Customer sends WhatsApp image of handwritten grocery/hardware slip; AI converts into formal digital order,Transcribes handwritten items; matches against store product catalog; pre-populates cart for merchant confirmation,P3,Mechanism not found,Differentiator vs market: Multi-modal handwritten text recognition mapped to tenant SKU catalog.,Strategic expansion,Platform or theme scope,P1,Kept P3. The previous workbook had P3. Authored priority was P1.,Mechanism not found,"Kept P3. The previous workbook had P3. Authored priority was P1. Code review 2026-10-04 (agent-reviewed, spot-checked): Contradicted. No WhatsApp inbound image handling or handwritten order extraction into sales orders; only supplier-bill photo extraction prompt exists.",C2C,Customer to cash,,sales,RUN,Future,Platform scope,Low,Low,Low,Later,Not in code,Not verified,Not verified,Not verified,Not verified,No,Gap,P3,1,,,,,,,,,Not run,Billing / Counter Clerk,Billing / Counter Clerk,KEPT_PREVIOUS,Authored,,,,No,No,Validated (Supported),Contradicted,"none found: searched handwritten, whatsapp inbound, media in backend/core/services/whatsapp.py",No WhatsApp inbound image handling or handwritten order extraction into sales orders; only supplier-bill photo extraction prompt exists.
D-0683,D,AI & Differentiation,Inventory Lifecycle,Inventory Autopilot: predictive run-rate stockout forecaster with automated vendor PO dispatch,Inventory Autopilot Engine,Purchase Manager,AI predicts exact date product will run out of stock based on seasonal velocity and lead time,Calculates recommended replenishment order; automatically drafts PO to best-priced supplier before stockout,P1,Partial,Differentiator vs static min/max: dynamic velocity-adjusted reorder forecasting algorithm.,Strategic expansion,Platform or theme scope,P1,Unchanged,Partial,"Code review 2026-10-04 (agent-reviewed, spot-checked): Partial. Run-rate forecast and days-to-stockout drive draft POs per last supplier, but creation is user-triggered and not best-price or seasonal.",INV,Inventory lifecycle,,inventory,RUN,Future,Platform scope,Low,High,Low,Later,Partial,Not verified,Not verified,Not verified,Not verified,No,Built - partial,P2,3,,,,,,,,,Not run,System / Automation,System / Automation,UNCHANGED,Authored,,,,No,No,Validated (Supported),Partial,backend/inventory/forecast.py:demand_forecast; backend/inventory/planning.py:materialize_supplier_drafts,"Run-rate forecast and days-to-stockout drive draft POs per last supplier, but creation is user-triggered and not best-price or seasonal."
D-0684,D,AI & Differentiation,Reporting & Business Intelligence,Predictive cash-flow simulation engine modeling actual debtor payment delay probabilities,Cashflow Forecast Engine,Business Owner,Simulates 30-day cash balance incorporating probabilistic model of which specific debtors pay late,Warns owner: 'You will face a ₹2.4 Lakh cash deficit on the 22nd due to GST payment; chase Sharma today',P0,Mechanism not found,"Differentiator vs standard reports: Monte Carlo cashflow simulation factoring historical debtor delay. | Decision 2026-10-04 (delegated, quality-first): Build in GA (10 days). Per-debtor payment-delay model with Monte Carlo cash-flow simulation. | Truth 2026-10-05 (WI-059): Partial. The 1,000 runs cycle the sample deterministically rather than bootstrap-resampling; under 5 invoices it uses the segment average rather than the ageing heuristic; no cash-flow aggregate or UI badge; percentile values are not asserted. Per-debtor delays from the last 12 settled invoices, shrinkage and a low-confidence flag exist, but the simulation is not a real bootstrap and nothing is shown to users.",Strategic expansion,Platform or theme scope,P0,Unchanged,Mechanism not found,"Code review 2026-10-04 (agent-reviewed, spot-checked): Contradicted. Forecast uses fixed heuristic collection rates by ageing bucket and fixed +/-15% band; no Monte Carlo or per-debtor delay.",RPT,Reporting and business intelligence,,reporting,CONTROL,Future,Platform scope,Low,High,Low,Later,Not in code,Not verified,Not verified,Not verified,Not verified,No,Built - partial,P0,3,,,10,,,backend/tests/test_phase6_insights.py::test_cashflow_conservation; backend/tests/test_plan_remaining_open.py::test_cashflow_uses_settled_invoices; backend/tests/test_planwave_remaining.py::test_provision_interest_anomaly_cashflow_and_2b,2026-10-05,pytest full suite on SQLite (agent run 2026-10-05); human review pending,Partial,System / Automation,System / Automation,UNCHANGED,Authored,,backend/planwave/services.py:cashflow_forecast; backend/planwave/finish.py:debtor_delays; backend/planwave/finish.py:cashflow_for_customer,,No,No,Validated (Supported),Contradicted,backend/insights/services.py:forecast_cashflow,Forecast uses fixed heuristic collection rates by ageing bucket and fixed +/-15% band; no Monte Carlo or per-debtor delay.
D-0685,D,AI & Differentiation,Reporting & Business Intelligence,Natural language voice and chat conversational assistant ('Ask BizBoard'),Conversational AI Assistant,Business Owner ('Sethji'),Owner speaks in Hindi/English: 'Show me my top 5 debtors' or 'How much did we sell yesterday?' and gets instant chart,Converts natural language speech into read-only SQL queries; displays formatted card and voice response,P1,Partial,Differentiator vs legacy ERP: Voice-enabled natural language analytics agent on mobile app.,Strategic expansion,Platform or theme scope,P1,Unchanged,Partial,"Code review 2026-10-04 (agent-reviewed, spot-checked): Partial. Text NL assistant with company-scoped read tools exists; no SQL generation or voice support found.",RPT,Reporting and business intelligence,,reporting,CONTROL,Future,Platform scope,Low,Medium,Low,Later,Partial,Not verified,Not verified,Not verified,Not verified,No,Built - partial,P2,2,,,,,,,,,Not run,System / Automation,System / Automation,UNCHANGED,Authored,,,,No,No,Validated (Supported),Partial,backend/insights/assistant.py:ToolExecutor,Text NL assistant with company-scoped read tools exists; no SQL generation or voice support found.
D-0686,D,AI & Differentiation,"Operations, Fleet & Delivery",Route economics and delivery tempo profitability optimization engine,Logistics Manager / Owner,Delivery Driver,"Evaluate profitability of individual delivery runs factoring fuel, driver wage, and order margins",Flags delivery routes losing money; recommends minimum order value threshold for remote delivery areas,P1,Partial,Differentiator vs trade competitors: integrated logistics route costing and margin analysis.,Strategic expansion,Platform or theme scope,P1,Unchanged,Partial,"Code review 2026-10-04 (agent-reviewed, spot-checked): Partial. Routes store logistics cost, realized revenue, COGS and profit; no loss-making route flag or minimum order recommendation.",FLEET,Fleet and delivery,,sales,RUN,Future,Platform scope,Low,Medium,Low,Later,Partial,Not verified,Not verified,Not verified,Not verified,No,Built - partial,P2,2,,,,,,,,,Not run,Business Owner,Business Owner,UNCHANGED,Authored,,,,No,No,Validated (Supported),Partial,backend/sales/models.py:DeliveryRoute; backend/sales/route_service.py,"Routes store logistics cost, realized revenue, COGS and profit; no loss-making route flag or minimum order recommendation."
D-0687,D,AI & Differentiation,Receivables & Payables,Collections Autopilot: intelligent behavioral debtor chasing with personalized tone modulation,Collections Engine,Debtor Customer,"AI customizes payment reminder tone based on customer relationship (polite for VIPs, firm for chronic defaulters)",Increases collection recovery by 28%; preserves customer goodwill while ensuring timely debt recovery,P1,Partial,Differentiator vs spam reminders: dynamic debtor segmentation and personalized payment cadence.,Strategic expansion,Platform or theme scope,P1,Unchanged,Partial,"Code review 2026-10-04 (agent-reviewed, spot-checked): Partial. Dunning escalates by days overdue and predicted lateness; no relationship-based tone or VIP segmentation.",ARAP,Receivables and payables,,ledgers,CONTROL,Future,Platform scope,Medium,High,Medium,Later,Partial,Not verified,Not verified,Not verified,Not verified,No,Built - partial,P2,6,,,,,,,,,Not run,System / Automation,System / Automation,UNCHANGED,Authored,,,,No,No,Validated (Supported),Partial,backend/payments/dunning.py:PREDICTIVE_ESCALATION_MIN_LATE_DAYS; backend/masters/models.py:dunning_opt_out,Dunning escalates by days overdue and predicted lateness; no relationship-based tone or VIP segmentation.
D-0688,D,AI & Differentiation,Procure-to-Pay,"Supplier Intelligence Scorecard: automated rating on delivery punctuality, price inflation & GST defects",Vendor Intelligence Engine,Purchase Manager,"Automatically scores suppliers on a 100-point scale factoring fill rate, price spikes, and missing 2B invoices",Empowers purchase manager during price negotiations; directs orders to highest-performing vendors,P1,Partial,Differentiator vs manual spreadsheets: multi-dimensional algorithmic vendor health scorecard.,Strategic expansion,Platform or theme scope,P1,Unchanged,Partial,"Code review 2026-10-04 (agent-reviewed, spot-checked): Partial. Scorecard uses GSTR-2B mismatch and rejection data only; no delivery punctuality, fill rate or price inflation factors.",P2P,Procure to pay,,purchases,RUN,Future,Platform scope,Low,Medium,Low,Later,Partial,Not verified,Not verified,Not verified,Not verified,No,Built - partial,P2,2,,,,,,,,,Not run,System / Automation,System / Automation,UNCHANGED,Authored,,,,No,No,Validated (Supported),Partial,backend/reporting/ims.py:supplier_scorecard,"Scorecard uses GSTR-2B mismatch and rejection data only; no delivery punctuality, fill rate or price inflation factors."
D-0689,D,AI & Differentiation,Customer-to-Cash,Dynamic customer-specific volume slab pricing and margin protection guard,Pricing Engine,Billing Clerk / Salesperson,"Automatically applies tier pricing (e.g. 1-10 pcs: ₹100, 11-50 pcs: ₹92, 51+ pcs: ₹85) while enforcing min margin",Ensures volume discounts never drop below mandatory 6% floor margin; alerts manager if breached,P1,Partial,Differentiator vs competitors: tiered pricing matrix with automated floor margin protection.,Strategic expansion,Platform or theme scope,P1,Unchanged,Partial,"Code review 2026-10-04 (agent-reviewed, spot-checked): Partial. Quantity-slab price lists exist; margin check only warns on sales orders and does not enforce a floor.",C2C,Customer to cash,,sales,RUN,Future,Platform scope,Low,Medium,Low,Later,Partial,Not verified,Not verified,Not verified,Not verified,No,Built - partial,P2,2,,,,,,,,,Not run,System / Automation,System / Automation,UNCHANGED,Authored,,,,No,No,Validated (Supported),Partial,backend/masters/models.py:PriceListItem; backend/sales/order_gates.py:margin_warnings,Quantity-slab price lists exist; margin check only warns on sales orders and does not enforce a floor.
D-0690,D,AI & Differentiation,GST / Tax / Compliance,Automated GSTR-2B 'Smart Reconciler' with fuzzy name and fractional rounding matching,GST Guard Engine,In-house Accountant,Fuzzy matching engine that links purchase bills with GSTR-2B even when invoice numbers have dashes or spaces,Reduces manual reconciliation time by 85%; eliminates false mismatch exceptions caused by slash/dash typos,P0,Mechanism not found,"Differentiator vs Tally: Levenshtein distance fuzzy invoice matcher with date tolerance. | Decision 2026-10-04 (delegated, quality-first): Build in GA (6 days). Fuzzy and Levenshtein invoice-number matching in the GSTR-2B reconciler. | Truth 2026-10-05 (WI-060): Partial. No numeric fuzzy name score or 0.95/0.80 thresholds (boolean GSTIN and tax-tolerance banding); nothing links automatically; it scores caller-posted rows, not uploaded 2B data. Banding endpoint exists but not the fuzzy scoring, auto-linking or uploaded-2B run.",Strategic expansion,Platform or theme scope,P0,Unchanged,Mechanism not found,"Code review 2026-10-04 (agent-reviewed, spot-checked): Contradicted. Matching uses case-insensitive exact invoice number with tax/date tolerance; no fuzzy or Levenshtein normalisation of dashes/spaces.",GST,GST and tax compliance,,accounting,CONTROL,Future,Platform scope,High,High,High,Later,Not in code,Not verified,Not verified,Not verified,Not verified,No,Built - partial,P0,9,,,6,,,backend/tests/test_planwave_remaining.py::test_provision_interest_anomaly_cashflow_and_2b; backend/tests/test_planwave_finish.py::test_2b_blocked_invoice_is_not_eligible,2026-10-05,pytest full suite on SQLite (agent run 2026-10-05); human review pending,Partial,System / Automation,System / Automation,UNCHANGED,Authored,,backend/planwave/services.py:gstr2b_score; backend/planwave/finish.py:score_2b_rows; backend/planwave/views.py:TwoBScoreView,,No,No,Validated (Supported),Contradicted,backend/reporting/gstr2b.py:match_gstr2b_to_purchases; backend/reporting/ims.py:classify_and_match,Matching uses case-insensitive exact invoice number with tax/date tolerance; no fuzzy or Levenshtein normalisation of dashes/spaces.
D-0691,D,AI & Differentiation,Customer-to-Cash,Interactive customer self-service invoice magic link with 1-click UPI payment and dispute raise,Customer / Buyer,Merchant,Customer clicks link on WhatsApp; views beautiful interactive invoice; pays via UPI or raises query on 1 item,Accelerates payment collection; provides self-service PDF download without calling store clerk,P1,Validated (Supported),Differentiator vs static PDF: interactive mobile web invoice portal with embedded UPI deep-link.,Strategic expansion,Platform or theme scope,P1,Unchanged,Code reviewed - confirmed,"Code review 2026-10-04 (agent-reviewed, spot-checked): Confirmed. Magic-link portal lists open invoices, serves PDF, starts payment link and files a complaint; no UPI deep link in portal itself.",C2C,Customer to cash,,sales,RUN,Future,Platform scope,Low,Medium,Low,Later,Cited in code,Not verified,Not verified,Not verified,Not verified,No,Built - unverified,P2,2,,,,,,,,,Not run,External Party (Customer / Supplier),External Party (Customer / Supplier),UNCHANGED,Authored,,,,No,No,Validated (Supported),Confirmed,backend/payments/portal_views.py:CustomerPortalView; backend/payments/portal_views.py:CustomerPortalPayView; backend/payments/portal_views.py:CustomerPortalComplaintView,"Magic-link portal lists open invoices, serves PDF, starts payment link and files a complaint; no UPI deep link in portal itself."
D-0692,D,AI & Differentiation,Inventory Lifecycle,AI Dead-Stock Liquidation Assistant: identifies stagnant inventory and suggests promotional bundles,Merchandising AI,Business Owner,Identifies items holding zero movement for 90 days; recommends pairing with fast-moving items in combo offer,Converts trapped dead-stock capital back into liquid cash; prevents inventory obsolescence write-offs,P3,Partial,Differentiator vs basic aging reports: prescriptive promotional bundling recommendations.,Strategic expansion,Platform or theme scope,P2,Kept P3. The previous workbook had P3. Authored priority was P2.,Partial,"Kept P3. The previous workbook had P3. Authored priority was P2. Code review 2026-10-04 (agent-reviewed, spot-checked): Partial. Dead-stock alert flags on-hand items with no sales in 60 days with money value; no promotional bundle recommendation.",INV,Inventory lifecycle,,inventory,RUN,Future,Platform scope,Low,High,Low,Later,Partial,Not verified,Not verified,Not verified,Not verified,No,Built - partial,P3,3,,,,,,,,,Not run,System / Automation,System / Automation,KEPT_PREVIOUS,Authored,,,,No,No,Validated (Supported),Partial,backend/insights/alerts.py:DEAD_STOCK; backend/insights/services.py:DEAD_STOCK,Dead-stock alert flags on-hand items with no sales in 60 days with money value; no promotional bundle recommendation.
D-0693,D,AI & Differentiation,Master Data & Authorization,One-click complete Tally historical backup migration wizard,Migration Engine,Accountant / Owner,"Upload Tally XML backup; system automatically migrates all ledger masters, opening balances, and 3-year history",Eliminates manual re-entry barrier; customer can switch from Tally to BizBoard in under 15 minutes,P0,Partial,"Differentiator vs new software: automated Tally XML parser importing 100% of historical chart of accounts. | Decision 2026-10-04 (delegated, quality-first): Build in GA (10 days). Tally XML backup parser and multi-year history migration. | Truth 2026-10-05 (WI-061): Partial. Only the mandatory ledger and stock-item mapping step and a stored job with voucher count exist. No TallyPrime backup parsing, no master or opening balance import and no voucher posting in the wizard; commit endpoint is a stub returning imported False. No wizard UI found. ENABLE_TALLY stays off and the mapping stub is tested, but the migration itself is not implemented.",Strategic expansion,Platform or theme scope,P0,Unchanged,Partial,"Code review 2026-10-04 (agent-reviewed, spot-checked): Partial. Tally masters CSV/XLSX import with opening balances and wizard exists; no Tally XML backup parser or multi-year history migration.",MASTER,Master data and authorization,,masters,KERNEL,Future,Platform scope,Low,High,Low,Later,Partial,Not verified,Not verified,Not verified,Not verified,No,Built - partial,P0,3,,,10,,,backend/tests/test_phase7_tally.py::test_parse_tally_golden_fixture; backend/tests/test_phase7_tally.py::test_tally_opening_ar_ap_and_error_report; backend/tests/test_planwave_remaining.py::test_bulk_import_and_tally_map; backend/tests/test_plan_partials.py::test_tally_commit_stays_off,2026-10-05,pytest full suite on SQLite (agent run 2026-10-05); human review pending,Partial,System / Automation,System / Automation,UNCHANGED,Authored,,backend/planwave/services.py:map_tally_import; backend/planwave/views.py:TallyMapView; backend/planwave/views.py:TallyCommitView; backend/planwave/models.py:TallyImportJob,,No,No,Validated (Supported),Partial,backend/integrations/tally/adapter.py:parse_tally_masters_csv; backend/integrations/tally/adapter.py:commit_tally_preview; backend/integrations/views.py:TallyUploadView,Tally masters CSV/XLSX import with opening balances and wizard exists; no Tally XML backup parser or multi-year history migration.
D-0694,D,AI & Differentiation,Master Data & Authorization,Crowdsourced verified HSN code and statutory GST rate auto-suggester,Tax Recommendation Engine,Billing Clerk,Type item name (e.g. 'Basmati Rice 5kg'); AI immediately suggests correct HSN code (100630) and GST rate (5%),Eliminates tax classification errors for new grocery and hardware SKUs; protects against tax penalties,P1,Partial,"Differentiator vs competitors: AI HSN classification model trained on 500,000+ Indian retail SKUs.",Strategic expansion,Platform or theme scope,P1,Unchanged,Partial,"Code review 2026-10-04 (agent-reviewed, spot-checked): Partial. HSN text search over a curated static table returns GST rate; no AI classifier or crowdsourced data from item name.",MASTER,Master data and authorization,,masters,KERNEL,Future,Platform scope,Low,Medium,Low,Later,Partial,Not verified,Not verified,Not verified,Not verified,No,Built - partial,P2,2,,,,,,,,,Not run,System / Automation,System / Automation,UNCHANGED,Authored,,,,No,No,Validated (Supported),Partial,backend/masters/hsn_catalog.py:search_hsn; backend/masters/views.py:ProductViewSet,HSN text search over a curated static table returns GST rate; no AI classifier or crowdsourced data from item name.
D-0695,D,AI & Differentiation,Reporting & Business Intelligence,Daily evening 8 PM WhatsApp executive voice and summary briefing to owner,Executive Briefing Bot,Business Owner,"At 8 PM, owner receives automated WhatsApp voice message and infographic: 'Today's sales: ₹1.8L, Cash: ₹65k, Margin: 14%'",Delivers complete business peace of mind without requiring owner to sit in front of computer,P1,Validated (Supported),Differentiator vs dashboard-only: push WhatsApp executive audio briefing and infographic summary.,Strategic expansion,Platform or theme scope,P1,Restored to authored P1. The previous workbook had P3 after a keyword rebalance.,Code symbol found,Matched WhatsApp in product code. This is not a functional test. Restored to authored P1. The previous workbook had P3 after a keyword rebalance.,RPT,Reporting and business intelligence,,reporting,CONTROL,Future,Platform scope,Low,Medium,Low,Later,Cited in code,Not verified,Not verified,Not verified,Not verified,No,Built - unverified,P2,2,,,,,,,,,Not run,System / Automation,System / Automation,RESTORED_TO_AUTHORED,Authored,,,,No,No,,,,
D-0696,D,AI & Differentiation,"Operations, Fleet & Delivery",Proof of Delivery (POD) photo tamper detection and GPS geo-fence verification,Logistics Security Engine,Logistics Manager,Verify that delivery driver captured POD photo physically at customer's shop using geo-fence comparison,Prevents driver delivery fraud and false delivery confirmations; eliminates customer delivery disputes,P3,Mechanism not found,Differentiator vs basic delivery apps: GPS geo-fence comparison against customer master coordinates.,Strategic expansion,Platform or theme scope,P2,Kept P3. The previous workbook had P3. Authored priority was P2.,Mechanism not found,"Kept P3. The previous workbook had P3. Authored priority was P2. Code review 2026-10-04 (agent-reviewed, spot-checked): Contradicted. POD stores photo, OTP and recipient but no GPS capture, geo-fence comparison or tamper check; haversine is only for route sequencing.",FLEET,Fleet and delivery,,sales,RUN,Future,Platform scope,Low,Low,Low,Later,Not in code,Not verified,Not verified,Not verified,Not verified,No,Gap,P3,1,,,,,,,,,Not run,System / Automation,System / Automation,KEPT_PREVIOUS,Authored,,,,No,No,Validated (Supported),Contradicted,"none found: searched geofence, haversine against POD, tamper in backend/sales","POD stores photo, OTP and recipient but no GPS capture, geo-fence comparison or tamper check; haversine is only for route sequencing."
D-0697,D,AI & Differentiation,Customer-to-Cash,"B2B Customer Portal with live customized price lists, ledger statements & re-ordering",B2B Retailer Client,Wholesale Distributor,Wholesale customer logs into self-service portal; sees their specific contracted pricing; places reorders 24/7,Increases wholesale order volume by 22%; eliminates late-night phone calls and WhatsApp order confusion,P1,Partial,Differentiator vs legacy software: self-service B2B ordering portal synchronized with central ERP.,Strategic expansion,Platform or theme scope,P1,Unchanged,Partial,"Code review 2026-10-04 (agent-reviewed, spot-checked): Partial. Portal shows open invoices, PDF and pay link only; no contracted price lists, ledger statements or re-ordering.",C2C,Customer to cash,,sales,RUN,Future,Platform scope,Low,Medium,Low,Later,Partial,Not verified,Not verified,Not verified,Not verified,No,Built - partial,P2,2,,,,,,,,,Not run,Kirana / Small Retailer,Kirana / Small Retailer,UNCHANGED,Authored,,,,No,No,Validated (Supported),Partial,backend/payments/portal_views.py:CustomerPortalView,"Portal shows open invoices, PDF and pay link only; no contracted price lists, ledger statements or re-ordering."
D-0698,D,AI & Differentiation,Security / Exception / Recovery,Multi-branch inter-company automated balancing ledger (Mirror Transaction Engine),Inter-Company Engine,Central Accountant,"When Branch A transfers goods to Branch B, system automatically generates matching Inward & Outward vouchers",Eliminates manual duplicate voucher entry; ensures inter-branch reconciliation balances to zero,P1,Partial,Differentiator vs single-store tools: automated double-entry mirror voucher generation.,Strategic expansion,Platform or theme scope,P1,Unchanged,Partial,"Code review 2026-10-04 (agent-reviewed, spot-checked): Partial. Transfers post paired out and in stock movements; no inter-branch mirror vouchers or reconciliation ledger.",OTHER,Security / Exception / Recovery,,ledgers,CONTROL,Future,Platform scope,Medium,Medium,Medium,Later,Partial,Not verified,Not verified,Not verified,Not verified,No,Built - partial,P2,4,,,,,,,,,Not run,System / Automation,System / Automation,UNCHANGED,Inferred,,,,No,No,Validated (Supported),Partial,backend/inventory/services.py:StockTransferService; backend/inventory/models.py:StockMovement,Transfers post paired out and in stock movements; no inter-branch mirror vouchers or reconciliation ledger.
D-0699,D,AI & Differentiation,Reporting & Business Intelligence,Customer Lifetime Value (CLV) and churn prediction scoring,CRM Analytics Engine,Sales Manager,Predicts which regular commercial customers are drifting to competitors based on order interval gaps,Alerts sales manager to visit customer before account is completely lost to competition,P3,Partial,Differentiator vs basic CRM: predictive recency-frequency-monetary (RFM) churn modeling.,Strategic expansion,Platform or theme scope,P2,Kept P3. The previous workbook had P3. Authored priority was P2.,Partial,"Kept P3. The previous workbook had P3. Authored priority was P2. Code review 2026-10-04 (agent-reviewed, spot-checked): Partial. CHURN_RISK rows from order-gap vs median interval exist; no CLV or RFM scoring.",RPT,Reporting and business intelligence,,reporting,CONTROL,Future,Platform scope,Low,Low,Low,Later,Partial,Not verified,Not verified,Not verified,Not verified,No,Built - partial,P3,1,,,,,,,,,Not run,System / Automation,System / Automation,KEPT_PREVIOUS,Authored,,,,No,No,Validated (Supported),Partial,backend/insights/customer_actions.py:build_customer_action_rows,CHURN_RISK rows from order-gap vs median interval exist; no CLV or RFM scoring.
D-0700,D,AI & Differentiation,Communication & Integrations,AI automated WhatsApp payment negotiation bot with settlement discount authorization,Autonomous Payment Bot,Overdue Debtor,AI chats with overdue customer on WhatsApp; offers authorized 2% cash discount if settled within 2 hours,Recovers stalled debt autonomously without demanding manual debt collection phone calls from owner,P3,Mechanism not found,Differentiator: goal-directed negotiation agent operating within owner-configured discount rules.,Strategic expansion,Platform or theme scope,P2,Kept P3. The previous workbook had P3. Authored priority was P2.,Mechanism not found,"Kept P3. The previous workbook had P3. Authored priority was P2. Code review 2026-10-04 (agent-reviewed, spot-checked): Contradicted. No WhatsApp negotiation agent or time-limited discount offer exists; dunning only sends fixed reminders.",INT,Communication and integrations,,integrations,KERNEL,Future,Platform scope,Low,Low,Low,Later,Not in code,Not verified,Not verified,Not verified,Not verified,No,Gap,P3,1,,,,,,,,,Not run,System / Automation,System / Automation,KEPT_PREVIOUS,Authored,,,,No,No,Validated (Supported),Contradicted,"none found: searched negotiat, settlement_discount, early_pay, cash_discount in backend/payments and core/services/whatsapp.py",No WhatsApp negotiation agent or time-limited discount offer exists; dunning only sends fixed reminders.
X-0701,X,Multiple / Cross-persona,Customer-to-Cash,Concurrent checkout conflict: two cashiers bill last remaining stock unit simultaneously,Two Cashiers / Inventory Engine,Customer,First cashier's checkout succeeds; second cashier receives immediate graceful notification: 'Item out of stock',Prevents negative inventory; prompts second cashier with alternative brand suggestions without crashing cart,P0,Validated (Supported),Enforced via SELECT FOR UPDATE row-level lock on StockBalance; handles concurrent race condition cleanly.,Strategic expansion,Cross-persona,P0,Unchanged,Code symbol found,Matched StockBalance in product code. This is not a functional test.,C2C,Customer to cash,,sales,RUN,Core,Cross-persona,High,High,Low,MVP,Cited in code,Not verified,Not verified,Not verified,Not verified,No,Built - tested,P0,9,,,,,,backend/tests/test_concurrency_races.py::test_concurrent_sales_complete_oversell_blocked; backend/tests/test_concurrency_races.py::test_concurrent_stock_oversell_blocked,2026-10-04,"pytest on Postgres 17, manual run",Pass,System / Automation,System / Automation,UNCHANGED,Authored,,backend/inventory/models.py:StockBalance,backend/tests/test_a11_a12_stock_cost.py; backend/tests/test_a4_a5_reporting.py; backend/tests/test_a6_manual_serial_return.py,No,No,,,,
X-0702,X,Multiple / Cross-persona,Customer-to-Cash,Credit limit breach during bulk invoice: owner sends temporary one-time authorization token,Billing Clerk / Business Owner,Customer,Customer cart exceeds credit limit; clerk sends 1-click WhatsApp approval request to owner; owner taps 'Approve',Authorizes specific invoice without permanently raising customer credit limit; checkout unfreezes immediately,P0,Partial,"Temporary credit limit override token with 15-minute expiration and audit trail stamp. | Decision 2026-10-04 (delegated, quality-first): Build in MVP (3 days). Time-limited WhatsApp approval token with 15-minute expiry for credit-limit overrides. | Truth 2026-10-05 (WI-027): Partial. Token service exists (single-use, 15 minutes, bound to batch) but is not wired into any bulk invoice or credit-limit flow and has no endpoint. Not bound to the requester on redeem. No Awaiting approval invoice status, so over-limit invoices are not held while others proceed. Expiry path is not asserted. Only the token issue and redeem service exists; the bulk-invoice integration and awaiting-approval behaviour are absent.",Strategic expansion,Cross-persona,P1,Kept P0. The previous workbook had P0. Authored priority was P1.,Partial,"Kept P0. The previous workbook had P0. Authored priority was P1. Code review 2026-10-04 (agent-reviewed, spot-checked): Partial. Owner override with reason is stamped on the order and invoice; no time-limited token, WhatsApp approval request or 15-minute expiry.",C2C,Customer to cash,,sales,RUN,Core,Cross-persona,High,High,Low,MVP,Partial,Not verified,Not verified,Not verified,Not verified,No,Built - partial,P0,9,,,3,,,backend/tests/test_next_batch_so_challan.py::test_credit_override_is_owner_only_and_copies_onto_that_invoice; backend/tests/test_planwave_remaining.py::test_approvals_reject_self_and_expired_tokens; backend/tests/test_code_review_2026_10_05.py::test_a_blank_token_cannot_redeem_an_ordinary_approval,2026-10-05,pytest full suite on SQLite (agent run 2026-10-05); human review pending,Partial,Business Owner,Business Owner,KEPT_PREVIOUS,Authored,,backend/planwave/services.py:issue_credit_token; backend/planwave/services.py:redeem_credit_token; backend/planwave/models.py:ApprovalRequest,,No,No,Validated (Supported),Partial,backend/sales/order_gates.py:apply_order_gates; backend/sales/order_gates.py:copy_credit_override,"Owner override with reason is stamped on the order and invoice; no time-limited token, WhatsApp approval request or 15-minute expiry."
X-0703,X,Multiple / Cross-persona,Payments & Reconciliation,Customer overpays invoice via UPI: excess balance routed to unallocated customer advance account,Accounts Cashier,Customer,"Customer owes ₹4,800 but transfers ₹5,000; invoice is marked PAID and ₹200 credited to Customer Advance account",Maintains exact accounting balance; automatically applies ₹200 credit against next purchase,P1,Validated (Supported),"PaymentAllocation splits receipt: ₹4,800 applied to invoice, ₹200 created as Advance credit voucher.",Strategic expansion,Cross-persona,P1,Unchanged,Code symbol found,Matched PaymentAllocation in product code. This is not a functional test.,PAYREC,Payments and reconciliation,,payments,RUN,Core,Cross-persona,High,High,Low,Pilot,Cited in code,Not verified,Not verified,Not verified,Not verified,No,Built - unverified,P1,9,,,,,,,,,Not run,Accountant / Finance,Accountant / Finance,UNCHANGED,Authored,,backend/payments/models.py:PaymentAllocation,backend/tests/test_a07_dunning.py; backend/tests/test_a13_a14_reporting_sales.py; backend/tests/test_a15_cr090_plus.py,No,No,,,,
X-0704,X,Multiple / Cross-persona,Procure-to-Pay,Purchase bill rate higher than PO contracted rate: system flags price variance for manager approval,In-house Accountant / Purchase Manager,Supplier,Supplier bills ₹110/unit against approved PO contracted rate of ₹100/unit; variance flagged before AP posting,Holds invoice payment; prompts Purchase Manager to approve price escalation or generate supplier debit note,P1,Partial,Automated 3-way matching price tolerance check (0% default tolerance). | Drift check 2026-10-05: Bill rate against PO rate is checked by the 3-way match; manager override exists,Strategic expansion,Cross-persona,P1,Unchanged,Mechanism not found,"Code review 2026-10-04 (agent-reviewed, spot-checked): Contradicted. No PO rate versus bill rate check, tolerance or payment hold exists.",P2P,Procure to pay,,purchases,RUN,Core,Cross-persona,Medium,Medium,Low,Pilot,Not in code,Not verified,Not verified,Not verified,Not verified,No,Built - partial,P1,6,,,,,,,,,Not run,Accountant / Finance,Accountant / Finance,UNCHANGED,Authored,,,,No,No,Validated (Supported),Contradicted,"none found: searched tolerance, price_variance, three_way in backend/purchases","No PO rate versus bill rate check, tolerance or payment hold exists."
X-0705,X,Multiple / Cross-persona,Returns / Complaints / After-Sales,Customer returns serialized product after 6 months: system verifies serial warranty and original purchase bill,Customer Service / Store Clerk,Customer,Customer brings back broken appliance; scanning serial number brings up original purchase date and warranty terms,Verifies warranty is still valid; checks serial history; initiates warranty replacement workflow,P1,Validated (Supported),SerialNumber lifecycle search linking serial to original SalesInvoice and warranty expiry.,Strategic expansion,Cross-persona,P1,Unchanged,Code symbol found,Matched SerialNumber in product code. This is not a functional test.,RET,"Returns, complaints, and after-sales",,sales,RUN,Core,Cross-persona,Medium,Medium,Low,Pilot,Cited in code,Not verified,Not verified,Not verified,Not verified,No,Built - unverified,P1,6,,,,,,,,,Not run,Customer Support,Customer Support,UNCHANGED,Authored,,backend/inventory/models.py:SerialNumber; backend/sales/models.py:SalesInvoice,backend/tests/test_a6_manual_serial_return.py; backend/tests/test_b4_b5_notes_serial.py; backend/tests/test_c02_lot_identity.py,No,No,,,,
X-0706,X,Multiple / Cross-persona,Multi-Godown / Multi-Store,Inter-godown transfer vehicle breakdown: goods transshipped to new tempo with E-Way Bill Part B update,Logistics Dispatcher,Delivery Drivers / Transporter,Delivery tempo carrying ₹10L goods breaks down on highway; goods moved to backup tempo; Part B updated,Updates active E-Way Bill vehicle number; preserves transit insurance coverage; prevents police impoundment,P0,Mechanism not found,"E-Way Bill Part B vehicle update workflow recording transshipment reason and new vehicle RC. | Decision 2026-10-04 (delegated, quality-first): Build in Pilot (3 days). Transfer vehicle-breakdown Part B workflow on stock transfers. | Truth 2026-10-05 (WI-042): Partial. TRANSFER_PART_B action and history exist only on the generic stub; no fields on stock transfers, no transfer workflow, no test for TRANSFER_PART_B. Only the generic stub action exists, nothing specific to stock transfers and nothing tested.",Strategic expansion,Cross-persona,P1,Kept P0. The previous workbook had P0. Authored priority was P1.,Mechanism not found,"Kept P0. The previous workbook had P0. Authored priority was P1. Code review 2026-10-04 (agent-reviewed, spot-checked): Contradicted. E-way bill handling covers sales invoices only; no stock transfer Part B vehicle update workflow.",WH,Multi-godown and multi-store,,inventory,RUN,Core,Cross-persona,High,High,Low,Pilot,Not in code,Not verified,Not verified,Not verified,Not verified,No,Built - partial,P0,9,,,3,,,,,,Not run,Logistics & Delivery,Logistics & Delivery,KEPT_PREVIOUS,Authored,,backend/planwave/models.py:EwayStubAction; backend/planwave/services.py:record_eway_stub,,No,No,Validated (Supported),Contradicted,"none found: searched Part B update, transshipment, vehicle update in inventory and sales",E-way bill handling covers sales invoices only; no stock transfer Part B vehicle update workflow.
X-0707,X,Multiple / Cross-persona,GST / Tax / Compliance,Supplier cancelled GSTIN after issuing invoice: system blocks ITC and alerts purchase team,GST Guard Engine,In-house Accountant / Purchase Manager,Supplier was active when bill was dated but cancelled GSTIN before filing GSTR-1; system flags tax risk,Quarantines Input Tax Credit; holds pending payments to supplier until tax filing status is resolved,P0,Partial,"GSTIN status verification engine cross-checking active registration status before ITC claim. | Decision 2026-10-04 (delegated, quality-first): Build in MVP (3 days). ITC quarantine and supplier payment hold when a supplier GSTIN is cancelled. | Truth 2026-10-05 (WI-024): Partial. Cancelled status comes only from a manual Supplier.gstin_cancelled_on field; it is not fed from the existing GSTIN alert source. Availed ITC is not flagged for the CA (only blocked_credit on new bills). Purchase-team alert has no direct test assertion. Payment hold, purchase block, dated ITC block and audited override exist with tests; no link to the alert source and no availed-ITC flag.",Strategic expansion,Cross-persona,P0,Unchanged,Partial,"Code review 2026-10-04 (agent-reviewed, spot-checked): Partial. An alert fires when a GSTIN is cancelled, suspended or invalid, but no ITC quarantine or supplier payment hold was found.",GST,GST and tax compliance,,accounting,CONTROL,Core,Cross-persona,Critical,High,High,MVP,Partial,Not verified,Not verified,Not verified,Not verified,No,Built - partial,P0,27,,,3,,,backend/tests/test_planwave_remaining.py::test_cancelled_gstin_holds_supplier_payment; backend/tests/test_planwave_remaining.py::test_cancelled_supplier_gstin_blocks_purchase; backend/tests/test_planwave_finish.py::test_gstin_override_is_audited; backend/tests/test_planwave_finish.py::test_sales_staff_cannot_release_a_gstin_hold,2026-10-05,pytest full suite on SQLite (agent run 2026-10-05); human review pending,Partial,System / Automation,System / Automation,UNCHANGED,Authored,,backend/planwave/services.py:supplier_itc_blocked; backend/planwave/services.py:assert_gstin_override; backend/payments/services.py:create_supplier_payment gstin hold; backend/purchases/services.py:complete gstin_cancelled_on check,,No,No,Validated (Supported),Partial,backend/reporting/gst_health.py:gstin_format_and_status; backend/reporting/gst_health.py:GSTIN_INACTIVE,"An alert fires when a GSTIN is cancelled, suspended or invalid, but no ITC quarantine or supplier payment hold was found."
X-0708,X,Multiple / Cross-persona,Security / Exception / Recovery,Network disconnects during thermal receipt printing: reprint last completed receipt with 1 key,Counter Billing Clerk,Walk-in Customer,Thermal printer runs out of paper roll midway through printing; cashier inserts new roll and presses 'Reprint',Reprints exact duplicate receipt stamped with 'DUPLICATE COPY' header without re-creating bill or stock deduction,P1,Partial,POS 'Reprint Last Bill' action (Ctrl+P) pulling cached print payload without database mutation.,Strategic expansion,Cross-persona,P1,Unchanged,Partial,"Code review 2026-10-04 (agent-reviewed, spot-checked): Partial. F11 or Ctrl+Alt+P reprints the last completed sale without recreating it; no DUPLICATE COPY header on the thermal receipt.",OTHER,Security / Exception / Recovery,,sales,CONTROL,Core,Cross-persona,High,Medium,Medium,Pilot,Partial,Not verified,Not verified,Not verified,Not verified,No,Built - partial,P1,12,,,,,,,,,Not run,Billing / Counter Clerk,Billing / Counter Clerk,UNCHANGED,Inferred,,,,No,No,Validated (Supported),Partial,web/src/pages/pos/PosPage.tsx:lastCompletedSaleRef,F11 or Ctrl+Alt+P reprints the last completed sale without recreating it; no DUPLICATE COPY header on the thermal receipt.
X-0709,X,Multiple / Cross-persona,Receivables & Payables,"Customer disputed line item on ₹1,00,000 bill: customer pays ₹90,000; ₹10,000 routed to dispute resolution",Credit Controller / Cashier,Customer,"Customer disputes ₹10,000 freight charge; pays ₹90,000 undisputed goods cost immediately","Allocates ₹90,000 payment; isolates ₹10,000 dispute; keeps customer account active without credit lock",P1,Mechanism not found,Line-item dispute flag allowing partial settlement without triggering credit limit block.,Strategic expansion,Cross-persona,P1,Restored to authored P1. The previous workbook had P0 after a keyword rebalance.,Mechanism not found,"Restored to authored P1. The previous workbook had P0 after a keyword rebalance. Code review 2026-10-04 (agent-reviewed, spot-checked): Contradicted. No line-item dispute mechanism to isolate disputed amount while allocating undisputed payment.",ARAP,Receivables and payables,,ledgers,CONTROL,Core,Cross-persona,Critical,High,Medium,Pilot,Not in code,Not verified,Not verified,Not verified,Not verified,No,Gap,P1,18,,,,,,,,,Not run,Accountant / Finance,Accountant / Finance,RESTORED_TO_AUTHORED,Authored,,,,No,No,Validated (Supported),Contradicted,"none found: searched dispute, disputed line, partial settlement in backend",No line-item dispute mechanism to isolate disputed amount while allocating undisputed payment.
X-0710,X,Multiple / Cross-persona,Inventory Lifecycle,Batch stock expired overnight: system automatically removes expired batch from active billing terminals,Inventory Watchdog / Cron,Counter Cashier / Pharmacist,Batch reaches 1st of month expiration; morning billing terminals instantly hide batch from checkout selection,Prevents cashier accidentally selling expired medicine/food; creates quarantine movement to Expired Bin,P0,Validated (Supported),Midnight cron worker scanning batch_lot.expiry_date < today; sets is_active=False on expired lots.,Strategic expansion,Cross-persona,P0,Unchanged,Code symbol found,Matched expiry_date in product code. This is not a functional test.,INV,Inventory lifecycle,,inventory,RUN,Core,Cross-persona,High,High,Low,MVP,Cited in code,Not verified,Not verified,Not verified,Not verified,No,Built - unverified,P0,9,,,,,,,,,Not run,System / Automation,System / Automation,UNCHANGED,Authored,,,,No,No,,,,
X-0711,X,Multiple / Cross-persona,Import / Export / Period Close,Accountant discovers missing purchase invoice in locked accounting period: authorized supplementary entry,In-house Accountant / Business Owner,External CA,Vendor invoice from previously closed month arrives late; accountant records supplementary voucher in current open period,Preserves locked period integrity; records invoice in current period with statutory explanation note,P1,Validated (Supported),AccountingPeriod governance allowing current-period entry of prior-period expenses with audit note.,Strategic expansion,Cross-persona,P1,Unchanged,Code symbol found,Matched AccountingPeriod in product code. This is not a functional test.,CLOSE,"Import, export, and period close",,accounting,CONTROL,Core,Cross-persona,Medium,Medium,Low,Pilot,Cited in code,Not verified,Not verified,Not verified,Not verified,No,Built - unverified,P1,6,,,,,,,,,Not run,Business Owner,Business Owner,UNCHANGED,Authored,,backend/accounting/models.py:AccountingPeriod,backend/tests/test_a10_period_centralization.py; backend/tests/test_audit_p0_decisions.py; backend/tests/test_cft_checklist.py,No,No,,,,
X-0712,X,Multiple / Cross-persona,Security / Exception / Recovery,Employee accidentally deletes 20 line items in bulk order: 1-click draft revision rollback,Billing Clerk / Salesperson,Customer,Accidental bulk deletion in large 100-line distributor order; clerk restores previous draft version in 1 click,"Restores previous version snapshot from audit log; recovers all line quantities, prices, and discounts",P1,Mechanism not found,Document draft version history allowing rollback to any previous auto-save snapshot.,Strategic expansion,Cross-persona,P1,Unchanged,Mechanism not found,"Code review 2026-10-04 (agent-reviewed, spot-checked): Contradicted. Only a draft_restored telemetry event name exists; no draft version history or one-click rollback of line items is implemented.",OTHER,Security / Exception / Recovery,,accounting,CONTROL,Core,Cross-persona,High,Medium,Medium,Pilot,Not in code,Not verified,Not verified,Not verified,Not verified,No,Gap,P1,12,,,,,,,,,Not run,Billing / Counter Clerk,Billing / Counter Clerk,UNCHANGED,Inferred,,,,No,No,Validated (Supported),Contradicted,"none found: searched draft version, revision, rollback, snapshot, restore draft",Only a draft_restored telemetry event name exists; no draft version history or one-click rollback of line items is implemented.
X-0713,X,Multiple / Cross-persona,Payments & Reconciliation,Customer cheque dishonoured after 5 days: automated accounting reversal and bank fee debit,In-house Accountant,Customer / Bank,"₹50,000 cheque bounces; system reverses invoice payment, marks bill UNPAID, debits ₹350 bank bounce fee to customer",Generates formal legal cheque bounce notice under Section 138 of Negotiable Instruments Act; alerts owner,P0,Partial,"Automated Cheque Dishonour workflow with Section 138 statutory notice letter generator. | Decision 2026-10-04 (delegated, quality-first): Build in MVP (2 days). Automated account action and Section 138 notice generator on a dishonoured cheque. | Truth 2026-10-05 (WI-023): Built.  Notice PDF with 30 day demand window, 15 day pay-by from the memo date and advocate disclaimer exists and is asserted.",Strategic expansion,Cross-persona,P0,Unchanged,Partial,"Code review 2026-10-04 (agent-reviewed, spot-checked): Partial. Bounce reverses payment and invoice becomes unpaid; no bank fee debit to customer or Section 138 notice generator.",PAYREC,Payments and reconciliation,,payments,RUN,Core,Cross-persona,High,High,Low,MVP,Partial,Not verified,Not verified,Not verified,Not verified,No,Built - tested,P0,9,,,2,,,backend/tests/test_cheque_payment.py::test_cheque_receipt_starts_pending_and_bounce_voids; backend/tests/test_planwave_remaining.py::test_section_138_dates_and_provision; backend/tests/test_bug_open_pay.py::test_bug_pay_001_bounce_levies_fee_and_stores_section_138_notice,2026-10-05,pytest full suite on SQLite (agent run 2026-10-05); human review pending,Pass,Accountant / Finance,Accountant / Finance,UNCHANGED,Authored,,backend/payments/services.py:_store_section_138_notice; backend/planwave/services.py:section_138_dates,,No,No,Validated (Supported),Partial,backend/payments/services.py:set_cheque_status; backend/payments/services.py:void_receipt,Bounce reverses payment and invoice becomes unpaid; no bank fee debit to customer or Section 138 notice generator.
X-0714,X,Multiple / Cross-persona,"Operations, Fleet & Delivery",Doorstep customer cash refusal: driver captures reason and routes goods back to godown receiving,Delivery Driver / Cashier,Customer / Godown Custodian,Retailer refuses to accept shipment due to cash shortage; driver tags 'CUSTOMER_CASH_SHORTAGE' on mobile PWA,Updates delivery status to FAILED_ATTEMPT; keeps goods in driver transit custody until evening godown return,P1,Partial,Delivery failure exception workflow with driver custody transfer back to warehouse.,Strategic expansion,Cross-persona,P1,Unchanged,Partial,"Code review 2026-10-04 (agent-reviewed, spot-checked): Partial. Stop can be set FAILED, which leaves stock reserved; no reason code or driver custody transfer back to godown.",FLEET,Fleet and delivery,,sales,RUN,Core,Cross-persona,Medium,Medium,Low,Pilot,Partial,Not verified,Not verified,Not verified,Not verified,No,Built - partial,P1,6,,,,,,,,,Not run,Accountant / Finance,Accountant / Finance,UNCHANGED,Authored,,,,No,No,Validated (Supported),Partial,backend/sales/models.py:DeliveryRouteStop; backend/sales/route_service.py:set_stop_status,"Stop can be set FAILED, which leaves stock reserved; no reason code or driver custody transfer back to godown."
X-0715,X,Multiple / Cross-persona,Master Data & Authorization,Customer changes legal name and registered address: system updates master while preserving historical invoices,Admin / Sales Staff,Customer,"Customer moves to new premises and updates GSTIN; new invoices use new address, historical invoices preserve old address",Updates Customer master; historical completed SalesInvoice headers retain immutable address snapshot,P0,Partial,"Core data invariant: invoice headers store immutable address snapshot; master updates do not corrupt historical bills. | Decision 2026-10-04 (delegated, quality-first): Build in MVP (2 days). Snapshot customer name and address on the invoice at completion; backfill existing invoices. | Truth 2026-10-05 (WI-014): Partial. Backfill copies current master data and does not use the audit-history name as of the invoice date; snapshot tests cover sales invoices only, not credit/debit notes or purchase bills. Write-once snapshot with backfill flag exists for all document types, but the audit-history backfill is missing.",Strategic expansion,Cross-persona,P0,Unchanged,Partial,"Code review 2026-10-04 (agent-reviewed, spot-checked): Partial. Only GSTIN and place of supply are frozen at completion; customer name and address are read live so history can change.",MASTER,Master data and authorization,,masters,KERNEL,Core,Cross-persona,High,High,Low,MVP,Partial,Not verified,Not verified,Not verified,Not verified,No,Built - partial,P0,9,,,2,,,backend/tests/test_planwave_remaining.py::test_party_snapshot_survives_rename; backend/tests/test_code_review_2026_10_05.py::test_a_backfill_never_overwrites_an_issued_snapshot,2026-10-05,pytest full suite on SQLite (agent run 2026-10-05); human review pending,Partial,Platform Admin,Platform Admin,UNCHANGED,Authored,,backend/sales/models.py:SalesInvoice; backend/planwave/services.py:stamp_party; backend/planwave/management/commands/backfill_party_snapshots.py; backend/sales/services.py; backend/purchases/notes_services.py,backend/tests/test_a03_preview.py; backend/tests/test_a06_whatsapp.py; backend/tests/test_a07_dunning.py,No,No,Validated (Supported),Partial,backend/sales/models.py:SalesInvoice; backend/sales/services.py:filing_party_gstin,Only GSTIN and place of supply are frozen at completion; customer name and address are read live so history can change.
GOS-0716,G-OS,Growth Lead / Head of Marketing,Growth OS - Campaigns & Marketing,Multi-Channel Marketing Campaign Setup & Budget Allocation,Growth Lead / Marketing Manager,"Business Owner, Finance Manager","Enables configuration of multi-channel marketing campaigns (WhatsApp broadcasts, trade exhibitions, Google Ads, print collateral) with discrete allocated budgets, target revenue goals, and expected outcomes.","Establishes financial tracking boundaries; links directly with incoming CRM leads, sales opportunities, and completed sales invoices to calculate real-time campaign customer acquisition cost (CAC).",P1,Code Complete & Verified,"Implements Campaign model from web/src/api/growth.ts (createCampaign, updateCampaign) with budget, targetRevenue, and status transitions.",Growth OS,Growth role,P1,Unchanged,Code symbol found,Matched createCampaign in product code. This is not a functional test.,GOS-CAM,Growth campaigns,,crm,GROW,Core,Growth,Medium,Medium,Low,Later,Cited in code,Not verified,Not verified,Not verified,Not verified,No,Built - unverified,P2,6,,,,,,,,,Not run,Sales & Growth,Sales & Growth,UNCHANGED,Authored,,,,No,No,,,,
GOS-0717,G-OS,Growth Lead / Head of Marketing,Growth OS - Campaigns & Marketing,Multi-Stage Campaign Funnel Tracking & Stage Conversion,Growth Lead / Marketing Manager,Sales Representative,Visualizes real-time conversion velocity across pipeline stages: Inbound Leads -> Open Opportunities -> Won Opportunities with step-level drop-off rates.,Identifies marketing channel drop-off points; triggers automatic notifications to sales leadership when lead-to-opportunity conversion drops below target thresholds.,P1,Code Complete & Verified,"Implements getCampaignFunnel API from web/src/api/growth.ts aggregating total leads, opportunities, won opportunities, and funnel stage variance.",Growth OS,Growth role,P1,Unchanged,Code symbol found,Matched getCampaignFunnel in product code. This is not a functional test.,GOS-CAM,Growth campaigns,,crm,GROW,Core,Growth,Medium,Medium,Low,Later,Cited in code,Not verified,Not verified,Not verified,Not verified,No,Built - unverified,P2,6,,,,,,,,,Not run,Sales & Growth,Sales & Growth,UNCHANGED,Authored,,,,No,No,,,,
GOS-0718,G-OS,Growth Lead / Head of Marketing,Growth OS - Campaigns & Marketing,Marketing Campaign ROI Ratio & Revenue Variance Calculation,Growth Lead / Marketing Manager,"Finance Manager, Business Owner",Computes real-time Return on Investment (ROI) ratio: ((Realized Invoiced Revenue - Budget) / Budget) and calculates positive/negative revenue variance against initial targets.,Feeds marketing spend effectiveness into executive P&L dashboard; automatically flags underperforming campaigns where customer acquisition cost exceeds 30-day gross margin.,P1,Code Complete & Verified,Directly calculates roiRatio and variance metrics defined in Funnel type in web/src/api/growth.ts.,Growth OS,Growth role,P1,Unchanged,Code symbol found,Matched roiRatio in product code. This is not a functional test.,GOS-CAM,Growth campaigns,,crm,GROW,Core,Growth,Medium,Medium,Low,Later,Cited in code,Not verified,Not verified,Not verified,Not verified,No,Built - unverified,P2,6,,,,,,,,,Not run,Sales & Growth,Sales & Growth,UNCHANGED,Authored,,,,No,No,,,,
GOS-0719,G-OS,Growth Lead / Head of Marketing,Growth OS - Campaigns & Marketing,Parent-Child Campaign Hierarchy & Multi-Territory Rollup,Growth Lead / Marketing Manager,Regional Branch Manager,"Supports structuring overarching marketing umbrellas (e.g., Annual Diwali Expo) with nested sub-campaigns (e.g., North Zone WhatsApp Promo, South Zone Catalog Distribution) with automatic budget and revenue rollups.",Aggregates multi-territory campaign performance up to parent campaign totals without manual Excel reconciliation or double-counting.,P2,Code Complete & Verified,Implements parent-child campaign relationships with rollup object support from web/src/api/growth.ts.,Growth OS,Growth role,P2,Unchanged,Author assertion,,GOS-CAM,Growth campaigns,,crm,GROW,Core,Growth,Medium,Medium,Low,Later,Cited in code,Not verified,Not verified,Not verified,Not verified,No,Built - unverified,P2,6,,,,,,,,,Not run,Sales & Growth,Sales & Growth,UNCHANGED,Authored,,,,No,No,,,,
GOS-0720,G-OS,Inside Sales / Web Lead Specialist,Growth OS - Lead Ingestion & Pipeline,Public Embeddable Web-to-Lead Ingestion Form,Inside Sales / Web Lead Specialist,System Administrator,"Provides a lightweight, mobile-responsive public lead capture form (/public/lead-form/) with honeypot spam filtering, CORS validation, and instant CRM lead creation.","Auto-ingests inbound trade inquiries from corporate websites, landing pages, and digital QR codes directly into CRM Leads table within 500ms.",P1,Code Complete & Verified,Implements LeadFormPage.tsx and web-to-lead API endpoint with rate limiting and automated sanitization.,Growth OS,Growth role,P1,Unchanged,Code symbol found,Matched LeadFormPage in product code. This is not a functional test.,GOS-LEAD,Growth leads,,crm,GROW,Core,Growth,Medium,Medium,Low,Later,Cited in code,Not verified,Not verified,Not verified,Not verified,No,Built - unverified,P2,6,,,,,,,,,Not run,Sales & Growth,Sales & Growth,UNCHANGED,Authored,,,,No,No,,,,
GOS-0721,G-OS,Inside Sales / Web Lead Specialist,Growth OS - Lead Ingestion & Pipeline,Inbound Lead Exact-Match Deduplication & Conflict Prevention,Inside Sales / Web Lead Specialist,Sales Representative,Enforces strict deduplication on incoming leads using normalized E.164 phone numbers and lowercase email addresses against existing CRM leads and active Customer masters.,Prevents multi-rep outreach collisions; appends new inquiry details and campaign tags to existing lead activity timeline rather than creating duplicate customer profiles.,P0,Code Complete & Verified,Enforces database uniqueness constraints and deduplication matching rules across backend/crm/ models. | Truth 2026-10-05 (WI-047): Built.  Dedupe flow is exercised through the CRM API endpoints (create then resolve-dedupe) as well as the service; test_plan_gos_0721.py itself does not exist.,Growth OS,Growth role,P0,Unchanged,Author assertion,,GOS-LEAD,Growth leads,,crm,GROW,Core,Growth,High,High,Low,MVP,Cited in code,Not verified,Not verified,Not verified,Not verified,No,Built - tested,P0,9,,,,,,backend/tests/test_os_vision_plan.py::test_manual_lead_dedupe_prompts_instead_of_duplicating; backend/tests/test_os_vision_plan.py::test_resolve_dedupe_new_clears_pending_review; backend/tests/test_plan_remaining_open.py::test_duplicate_lead_is_matched_and_not_created_silently; backend/tests/test_os_vision_plan.py::test_converted_lead_is_not_a_second_party_on_repeat_contact,2026-10-05,pytest full suite on SQLite (agent run 2026-10-05); human review pending,Pass,Sales & Growth,Sales & Growth,UNCHANGED,Authored,,backend/crm/pipeline.py:capture_lead; backend/crm/pipeline.py:DedupePrompt,,No,No,,,,
GOS-0722,G-OS,Sales Manager / Team Lead,Growth OS - Lead Ingestion & Pipeline,Automated Round-Robin Lead Assignment & 2-Hour SLA Timer,Sales Manager / Team Lead,Sales Representative,"Automatically routes newly qualified inbound leads to on-duty sales representatives via round-robin allocation, initiating a 2-hour first-touch SLA countdown timer.",Sends instant WhatsApp/push alerts to assigned sales reps; triggers managerial escalation if a high-intent lead remains uncontacted past the 2-hour window.,P1,Code Complete & Verified,Implements automated assignment logic and response time tracking defined in CRM service layer.,Growth OS,Growth role,P1,Unchanged,Author assertion,,GOS-LEAD,Growth leads,,crm,GROW,Core,Sales,Medium,Medium,Low,Later,Cited in code,Not verified,Not verified,Not verified,Not verified,No,Built - unverified,P2,6,,,,,,,,,Not run,Sales & Growth,Sales & Growth,UNCHANGED,Authored,,,,No,No,,,,
GOS-0723,G-OS,Sales Representative,Growth OS - Lead Ingestion & Pipeline,Qualified Lead-to-Customer & Opportunity One-Click Conversion,Sales Representative,"Finance Manager, Store Cashier",Converts a qualified lead into an official Customer master record while simultaneously creating a linked Opportunity with complete carry-forward of activity notes and interaction logs.,Seamlessly bridges top-of-funnel marketing inquiry into bottom-of-funnel accounting and billing workflows without manual data re-entry.,P1,Code Complete & Verified,Implements convert_lead() service method and UI transition workflow verified in test_sprint_b_crm_convert.py.,Growth OS,Growth role,P1,Unchanged,Code symbol found,Matched convert_lead in product code. This is not a functional test.,GOS-LEAD,Growth leads,,crm,GROW,Core,Sales,Medium,Medium,Low,Later,Cited in code,Not verified,Not verified,Not verified,Not verified,No,Built - unverified,P2,6,,,,,,,,,Not run,Sales & Growth,Sales & Growth,UNCHANGED,Authored,,backend/crm/services.py:convert_lead,backend/tests/test_os_vision_plan.py; backend/tests/test_referral_self_referral_guard.py; backend/tests/test_sprint_b_crm_convert.py,No,No,,,,
GOS-0724,G-OS,Sales Representative,Growth OS - Opportunity Management,Line-Item Product Requirement Specification on Opportunities,Sales Representative,Inventory Manager,"Allows sales representatives to attach specific product SKUs, estimated purchase quantities, and target unit prices directly to an Opportunity pipeline record.",Enables inventory demand forecasting and procurement pre-planning before sales orders are officially confirmed; feeds realistic bottom-up value into sales pipeline.,P1,Code Complete & Verified,"Implements OpportunityLine CRUD APIs (createOpportunityLine, deleteOpportunityLine) from web/src/api/growth.ts.",Growth OS,Growth role,P1,Unchanged,Code symbol found,Matched createOpportunityLine in product code. This is not a functional test.,GOS-OPP,Growth opportunities,,crm,GROW,Core,Sales,Medium,Medium,Low,Later,Cited in code,Not verified,Not verified,Not verified,Not verified,No,Built - unverified,P2,6,,,,,,,,,Not run,Sales & Growth,Sales & Growth,UNCHANGED,Authored,,backend/crm/models.py:OpportunityLine,backend/tests/tenancy/test_route_isolation_matrix.py,No,No,,,,
GOS-0725,G-OS,Sales Manager / Head of Sales,Growth OS - Opportunity Management,Weighted Opportunity Pipeline Stage Forecasting,Sales Manager / Head of Sales,"Finance Manager, Business Owner","Computes monthly weighted pipeline revenue forecasts by multiplying deal amount by stage probability (e.g., Prospecting 10%, Demo 40%, Negotiation 80%, Won 100%).",Feeds forward-looking revenue projections into cashflow and procurement models; surfaces expected closing dates across next 30/60/90 days.,P1,Code Complete & Verified,Implements getForecast() API in web/src/api/growth.ts returning monthly forecast buckets and unscheduled deal volumes.,Growth OS,Growth role,P1,Unchanged,Code symbol found,Matched getForecast in product code. This is not a functional test.,GOS-OPP,Growth opportunities,,crm,GROW,Core,Sales,Medium,Medium,Low,Later,Cited in code,Not verified,Not verified,Not verified,Not verified,No,Built - unverified,P2,6,,,,,,,,,Not run,Sales & Growth,Sales & Growth,UNCHANGED,Authored,,,,No,No,,,,
GOS-0726,G-OS,Finance Manager / Sales Ops,Growth OS - Opportunity Management,Won-Versus-Invoiced Revenue Gap & Leakage Analytics,Finance Manager / Sales Ops,"Sales Manager, Business Owner",Performs automated monthly reconciliation between won opportunity contract values and actual posted Sales Invoices (getWonVersusInvoices).,"Detects revenue leakage, delayed billing, and unfulfilled customer commitments; alerts sales and finance leadership when invoiced revenue lags won pipeline by > 15%.",P1,Code Complete & Verified,Implements getWonVersusInvoices endpoint comparing closed-won CRM commitments against realized ledger revenue.,Growth OS,Growth role,P1,Unchanged,Code symbol found,Matched getWonVersusInvoices in product code. This is not a functional test.,GOS-OPP,Growth opportunities,,crm,GROW,Core,Named role,Medium,Medium,Low,Later,Cited in code,Not verified,Not verified,Not verified,Not verified,No,Built - unverified,P2,6,,,,,,,,,Not run,Accountant / Finance,Accountant / Finance,UNCHANGED,Authored,,,,No,No,,,,
GOS-0727,G-OS,Sales Manager / Head of Sales,Growth OS - Opportunity Management,Competitor Win/Loss Analytics & Opportunity Loss Tracking,Sales Manager / Head of Sales,"Product Strategist, Business Owner","Captures primary winning competitor, loss reason category (pricing, feature gap, delivery delay, credit terms), and qualitative debrief notes upon marking an opportunity as LOST.",Populates executive competitive loss matrix; identifies systematic product or pricing weaknesses causing lost revenue to specific market rivals.,P2,Code Complete & Verified,Supported by competitor and stage fields in OpportunityRow schema in web/src/api/growth.ts.,Growth OS,Growth role,P2,Unchanged,Code symbol found,Matched OpportunityRow in product code. This is not a functional test.,GOS-OPP,Growth opportunities,,crm,GROW,Core,Sales,Medium,Medium,Low,Later,Cited in code,Not verified,Not verified,Not verified,Not verified,No,Built - unverified,P2,6,,,,,,,,,Not run,Sales & Growth,Sales & Growth,UNCHANGED,Authored,,,,No,No,,,,
GOS-0728,G-OS,Customer Success / Growth Lead,Growth OS - Referral & Advocate Engine,Advocate Unique Referral Code Generation & Link Sharing,Customer Success / Growth Lead,Sales Representative,"Generates unique alphanumeric referral tracking codes and one-click WhatsApp sharing links for existing satisfied customers, brand advocates, or sales affiliates.",Tracks inbound viral loops; automatically attributes new lead registrations and customer signups to the originating advocate.,P1,Code Complete & Verified,Implements issueReferralCode API in web/src/api/growth.ts supporting customer and employee advocate types.,Growth OS,Growth role,P1,Unchanged,Code symbol found,Matched issueReferralCode in product code. This is not a functional test.,GOS-REF,Growth referrals,,crm,GROW,Core,Growth,Medium,Medium,Low,Later,Cited in code,Not verified,Not verified,Not verified,Not verified,No,Built - unverified,P2,6,,,,,,,,,Not run,Sales & Growth,Sales & Growth,UNCHANGED,Authored,,,,No,No,,,,
GOS-0729,G-OS,System / Automated Growth Engine,Growth OS - Referral & Advocate Engine,Automated Referral Reward Generation on First Invoice Payment,System / Automated Growth Engine,Finance Manager,"Monitors sales payment receipts; upon successful full settlement of a referred customer's first completed sales invoice, automatically instantiates a pending ReferralReward record.","Enforces fraud prevention rules (minimum invoice value, non-cancelled order, distinct GSTIN/PAN); notifies the referrer via WhatsApp that their reward is pending audit.",P1,Code Complete & Verified,Event-driven hook connecting payments.Receipt allocation with ReferralReward table.,Growth OS,Growth role,P1,Unchanged,Code symbol found,Matched ReferralReward in product code. This is not a functional test.,GOS-REF,Growth referrals,,crm,GROW,Core,System,Medium,Medium,Low,Later,Cited in code,Not verified,Not verified,Not verified,Not verified,No,Built - unverified,P2,6,,,,,,,,,Not run,System / Automation,System / Automation,UNCHANGED,Authored,,backend/crm/models.py:ReferralReward,backend/tests/test_fmea_mitigations.py; backend/tests/test_growth_os.py; backend/tests/test_llm_path_to_ten.py,No,No,,,,
GOS-0730,G-OS,Finance Manager / Accounts Lead,Growth OS - Referral & Advocate Engine,"Referral Reward Audit, Approval & Idempotent Payout Workflow",Finance Manager / Accounts Lead,Business Owner,"Provides a multi-step review workflow to inspect, approve, reject with audit reason, or execute payout for earned referral commissions (decideReferralReward).",Guarantees financial integrity via idempotency headers; creates linked expense vouchers or customer ledger credit notes upon payout execution.,P1,Code Complete & Verified,Implements decideReferralReward with idempotencyHeaders from web/src/api/growth.ts.,Growth OS,Growth role,P1,Unchanged,Code symbol found,Matched decideReferralReward in product code. This is not a functional test.,GOS-REF,Growth referrals,,crm,GROW,Core,Named role,Medium,Medium,Low,Later,Cited in code,Not verified,Not verified,Not verified,Not verified,No,Built - unverified,P2,6,,,,,,,,,Not run,Accountant / Finance,Accountant / Finance,UNCHANGED,Authored,,,,No,No,,,,
GOS-0731,G-OS,Growth Lead / Head of Sales,Growth OS - Referral & Advocate Engine,Customer Advocate Referral Performance Leaderboard,Growth Lead / Head of Sales,Business Owner,Maintains an updated public/internal leaderboard ranking top customer referrers and sales partners by count of successful conversions and total approved reward payout value.,Gamifies customer advocacy; identifies high-value brand champions suitable for VIP partner discounts and co-marketing case studies.,P2,Code Complete & Verified,Implements referralLeaderboard API endpoint from web/src/api/growth.ts.,Growth OS,Growth role,P2,Unchanged,Code symbol found,Matched referralLeaderboard in product code. This is not a functional test.,GOS-REF,Growth referrals,,crm,GROW,Core,Growth,Medium,Medium,Low,Later,Cited in code,Not verified,Not verified,Not verified,Not verified,No,Built - unverified,P2,6,,,,,,,,,Not run,Sales & Growth,Sales & Growth,UNCHANGED,Authored,,,,No,No,,,,
GOS-0732,G-OS,Service Manager / Operations Lead,Growth OS - Service Contracts & AMC,Annual Maintenance Contract (AMC) Master Registration,Service Manager / Operations Lead,Finance Manager,"Creates legally binding annual maintenance contracts, warranty agreements, and preventative service plans specifying covered equipment serial numbers, SLA response times, and billing schedules.",Locks in predictable recurring revenue; links covered products with customer profiles and establishes automated service visit obligations.,P1,Code Complete & Verified,Implements ContractRow and createContract API from web/src/api/growth.ts.,Growth OS,Growth role,P1,Unchanged,Code symbol found,Matched createContract in product code. This is not a functional test.,GOS-AMC,Service contracts,,contracts,GROW,Core,Named role,Medium,Medium,Low,Later,Cited in code,Not verified,Not verified,Not verified,Not verified,No,Built - unverified,P2,6,,,,,,,,,Not run,Sales & Growth,Sales & Growth,UNCHANGED,Authored,,,,No,No,,,,
GOS-0733,G-OS,Service Manager / Operations Lead,Growth OS - Service Contracts & AMC,Automated Periodic Maintenance Service Visit Generation,Service Manager / Operations Lead,Field Service Technician,"Automatically calculates and schedules recurring preventative maintenance visits (e.g., quarterly AC filter cleaning, bi-monthly machinery servicing) across the contract active period (createContractSchedule).",Populates field service technician dispatch calendars; eliminates missed contractual maintenance visits and customer SLA penalties.,P1,Code Complete & Verified,Implements createContractSchedule with idempotency header enforcement from web/src/api/growth.ts.,Growth OS,Growth role,P1,Unchanged,Code symbol found,Matched createContractSchedule in product code. This is not a functional test.,GOS-AMC,Service contracts,,contracts,GROW,Core,Named role,Medium,Medium,Low,Later,Cited in code,Not verified,Not verified,Not verified,Not verified,No,Built - unverified,P2,6,,,,,,,,,Not run,Sales & Growth,Sales & Growth,UNCHANGED,Authored,,,,No,No,,,,
GOS-0734,G-OS,Field Service Technician,Growth OS - Service Contracts & AMC,On-Site Service Event Logging & Field Inspection Timeline,Field Service Technician,Service Manager,"Enables mobile field technicians to log completed preventative service visits, record meter readings, attach parts replacement details, and capture digital customer sign-offs.",Builds an immutable contract timeline (contractTimeline); links service work directly to related customer support tickets for warranty compliance.,P1,Code Complete & Verified,"Implements logServiceEvent, listServiceEvents, and contractTimeline APIs from web/src/api/growth.ts.",Growth OS,Growth role,P1,Unchanged,Code symbol found,Matched listServiceEvents in product code. This is not a functional test.,GOS-AMC,Service contracts,,contracts,GROW,Core,Named role,Medium,Medium,Low,Later,Cited in code,Not verified,Not verified,Not verified,Not verified,No,Built - unverified,P2,6,,,,,,,,,Not run,Production / Workshop / Projects,Production / Workshop / Projects,UNCHANGED,Authored,,,,No,No,,,,
GOS-0735,G-OS,Service Manager / Inside Sales,Growth OS - Service Contracts & AMC,Expiring Contract Automated Multi-Tier Renewal Alert Cadence,Service Manager / Inside Sales,Customer,"Dispatches automated renewal reminder notifications at 30, 15, and 7 days prior to contract expiration with pre-generated renewal quotation links via WhatsApp and email.","Prevents service lapses, increases recurring contract renewal rates by > 25%, and prevents customer churn to competing third-party service providers.",P1,Code Complete & Verified,Enforces renewalReminderDays field on ContractRow with automated cron digest triggers.,Growth OS,Growth role,P1,Unchanged,Code symbol found,Matched renewalReminderDays in product code. This is not a functional test.,GOS-AMC,Service contracts,,contracts,GROW,Core,Named role,Medium,Medium,Low,Later,Cited in code,Not verified,Not verified,Not verified,Not verified,No,Built - unverified,P2,6,,,,,,,,,Not run,Sales & Growth,Sales & Growth,UNCHANGED,Authored,,,,No,No,,,,
GOS-0736,G-OS,Customer Support Specialist,Growth OS - Customer Care & Dispute Loop,Customer Defect Complaint Ingestion with Photographic Evidence,Customer Support Specialist,Quality Control Inspector,"Logs formal customer complaints (/complaints/) categorizing issues (damaged transit, wrong SKU, expired batch, billing error) linked to specific sales invoices with photo proof attachments.",Establishes formal complaint investigation chain; quarantines disputed balances from aggressive dunning reminders pending quality inspection.,P1,Code Complete & Verified,Implements ComplaintRow CRUD and uploadComplaintAttachment from web/src/api/growth.ts.,Growth OS,Growth role,P1,Unchanged,Code symbol found,Matched uploadComplaintAttachment in product code. This is not a functional test.,GOS-CARE,Customer care,,complaints,GROW,Core,Named role,Medium,Medium,Low,Later,Cited in code,Not verified,Not verified,Not verified,Not verified,No,Built - unverified,P2,6,,,,,,,,,Not run,Customer Support,Customer Support,UNCHANGED,Authored,,,,No,No,,,,
GOS-0737,G-OS,Customer Support / Accounts Lead,Growth OS - Customer Care & Dispute Loop,One-Click Complaint-to-Credit Note / Return / Replacement,Customer Support / Accounts Lead,"Store Cashier, Warehouse Lead","Directly transitions an inspected, approved customer complaint into downstream operational documents in one click: GST Credit Note, Sales Return, or Zero-Value Replacement Order (complaintDocument).",Eliminates duplicate manual data entry across support and billing desks; automatically updates inventory ledgers and customer khata balances simultaneously.,P0,Code Complete & Verified,"Implements complaintDocument API endpoint supporting 'create-return', 'create-credit-note', and 'create-replacement-order'. | Truth 2026-10-05 (WI-048): Partial. Tests work from draft invoices and assert no stock movement or ledger/journal effect; credit note exactly-once is asserted (second POST returns the same id); test_plan_gos_0737.py absent. Flow and idempotent credit note are tested, the stock and ledger checks are missing.",Growth OS,Growth role,P0,Unchanged,Code symbol found,Matched complaintDocument in product code. This is not a functional test.,GOS-CARE,Customer care,,complaints,GROW,Core,Named role,High,High,Low,MVP,Cited in code,Not verified,Not verified,Not verified,Not verified,No,Built - partial,P0,9,,,,,,backend/tests/test_fmea_mitigations.py::test_fmea2_007_complaint_return_xor_credit_note; backend/tests/test_growth_os.py::test_complaint_credit_note_replacement_isolation_and_flag; backend/tests/test_fmea_mitigations.py::test_tc_fmea_005_complaint_document_waits_for_approval,2026-10-05,pytest full suite on SQLite (agent run 2026-10-05); human review pending,Partial,Accountant / Finance,Accountant / Finance,UNCHANGED,Authored,,backend/complaints/views.py; backend/complaints/services.py,,No,No,,,,
GOS-0738,G-OS,Warehouse Lead / Receiving Clerk,Growth OS - Customer Care & Dispute Loop,Supplier Quality Defect Ingestion & Inward Quarantine Tagging,Warehouse Lead / Receiving Clerk,Purchase Manager,"Logs vendor defect complaints (/complaints/supplier/) upon discovering broken, short-supplied, or substandard merchandise during Goods Receipt Note (GRN) verification.",Places rejected stock into physical and digital quarantine bins; prevents damaged supplier inventory from being inadvertently picked or sold to customers.,P1,Code Complete & Verified,"Implements SupplierComplaintRow, transitionSupplierComplaint, and uploadSupplierComplaintAttachment from web/src/api/growth.ts.",Growth OS,Growth role,P1,Unchanged,Code symbol found,Matched uploadSupplierComplaintAttachment in product code. This is not a functional test.,GOS-CARE,Customer care,,complaints,GROW,Core,Stock,Medium,Medium,Low,Later,Cited in code,Not verified,Not verified,Not verified,Not verified,No,Built - unverified,P2,6,,,,,,,,,Not run,Sales & Growth,Sales & Growth,UNCHANGED,Authored,,,,No,No,,,,
GOS-0739,G-OS,Purchase Manager / Finance Lead,Growth OS - Customer Care & Dispute Loop,One-Click Supplier Complaint-to-Purchase Debit Note Engine,Purchase Manager / Finance Lead,"Accountant, Vendor",Converts approved supplier quality rejections directly into official GST Purchase Debit Notes (createSupplierDebitNote) with itemized tax reversals.,Instantly debits the vendor's ledger balance; guarantees recovery of funds or credit for defective inward materials before paying upcoming supplier invoices.,P0,Code Complete & Verified,"Implements createSupplierDebitNote API from web/src/api/growth.ts with idempotency protection. | Truth 2026-10-05 (WI-049): Partial. Complaint to draft debit note flow is tested end to end, but there is no stock-movement or ledger assertion: the note is set COMPLETED by direct save, not through the completion service. backend/tests/test_plan_gos_0739.py does not exist. Existing supplier complaint test covers the flow but not the required stock and ledger checks.",Growth OS,Growth role,P0,Unchanged,Code symbol found,Matched createSupplierDebitNote in product code. This is not a functional test.,GOS-CARE,Customer care,,complaints,GROW,Core,Buyer,High,High,Low,MVP,Cited in code,Not verified,Not verified,Not verified,Not verified,No,Built - partial,P0,9,,,,,,backend/tests/test_supplier_complaints.py::test_supplier_complaint_debit_note_is_a_draft_and_staff_cannot_open_it,2026-10-05,pytest full suite on SQLite (agent run 2026-10-05); human review pending,Partial,Accountant / Finance,Accountant / Finance,UNCHANGED,Authored,,backend/complaints/supplier_views.py; backend/complaints/services.py,,No,No,,,,
GOS-0740,G-OS,Business Owner / Managing Director,Growth OS - Customer Intelligence,Customer 360 Living Dossier & Automated Growth Hints Aggregation,Business Owner / Managing Director,"Sales Manager, Finance Manager","Synthesizes a single-pane executive dossier (Customer360Page.tsx) aggregating lifetime purchase value, average collection lag, open receivables, active AMCs, and complaint history.","Surfaces automated Growth Hints (customer revenue concentration > 40%, SKU margin compression < 5%, excessive manual discounts, dead-stock capital liberation) to protect margins and drive expansion.",P1,Code Complete & Verified,Integrates Customer360Page.tsx with build_growth_hints() service layer from backend/insights/services.py.,Growth OS,Growth role,P1,Unchanged,Code symbol found,Matched build_growth_hints in product code. This is not a functional test.,GOS-360,Customer intelligence,,insights,GROW,Core,Named role,Medium,Medium,Low,Later,Cited in code,Not verified,Not verified,Not verified,Not verified,No,Built - unverified,P2,6,,,,,,,,,Not run,Business Owner,Business Owner,UNCHANGED,Authored,,backend/insights/services.py:build_growth_hints,,No,No,,,,
F-0741,F,Accountant / GST Operator,Payroll & Statutory Dues,Register an employee with a unique code and contracted salary,Payroll clerk,Business owner,The month can be paid only for people who are on the employee list,Employee is stored once per company code and starts ACTIVE,P1,In product,"uniq_employee_code_per_company on Employee. Payroll is a preview, not a full HRMS.",Added flows,Operational role,P1,Unchanged,Code symbol found,Matched uniq_employee_code_per_company in product code. This is not a functional test.,PAY,Pay the month,1,payroll,CONTROL,Vertical extension,Accountant,Critical,High,High,Later,Cited in code,Not verified,Not verified,Not verified,Not verified,No,Built - unverified,P2,18,,,,,,,,,Not run,Accountant / Finance,Accountant / Finance,UNCHANGED,Authored,,,,No,No,,,,
F-0742,F,Accountant / GST Operator,Payroll & Statutory Dues,"Set PF applicability, basic, DA, and the PF wage ceiling",Payroll clerk,External CA,PF is calculated on basic plus DA when those amounts are set,"When basic and DA are both zero, PF falls back to the contracted gross",P1,In product,"compute_statutory uses Employee.basic, Employee.da, and pf_wage_ceiling.",Added flows,Operational role,P1,Unchanged,Code symbol found,Matched compute_statutory in product code. This is not a functional test.,PAY,Pay the month,2,payroll,CONTROL,Vertical extension,Accountant,Critical,High,High,Later,Cited in code,Not verified,Not verified,Not verified,Not verified,No,Built - unverified,P2,18,,,,F-0741,,,,,Not run,Accountant / Finance,Accountant / Finance,UNCHANGED,Authored,,backend/payroll/services.py:compute_statutory,backend/tests/test_sprint_b_payroll_statutory.py; backend/tests/test_wave22_f0_gst_accounting_payroll.py; backend/tests/test_ws24_payroll_math.py,No,No,,,,
F-0743,F,Accountant / GST Operator,Payroll & Statutory Dues,"Set ESI, professional-tax state, and the section 192 tax regime",Payroll clerk,External CA,"ESI, PT, and TDS on the slip follow the employee flags",New regime can project TDS from contracted gross. Old regime without a flat rate does not apply Chapter VI-A,P1,In product,Employee.tax_regime and compute_statutory. Chapter VI-A declarations are not collected.,Added flows,Operational role,P1,Unchanged,Code symbol found,Matched compute_statutory in product code. This is not a functional test.,PAY,Pay the month,3,payroll,CONTROL,Vertical extension,Accountant,Critical,High,High,Later,Cited in code,Not verified,Not verified,Not verified,Not verified,No,Built - unverified,P2,18,,,,F-0742,,,,,Not run,Accountant / Finance,Accountant / Finance,UNCHANGED,Authored,,backend/payroll/services.py:compute_statutory,backend/tests/test_sprint_b_payroll_statutory.py; backend/tests/test_wave22_f0_gst_accounting_payroll.py; backend/tests/test_ws24_payroll_math.py,No,No,,,,
F-0744,F,Accountant / GST Operator,Payroll & Statutory Dues,Open one draft pay run for a calendar month,Payroll clerk,Business owner,A month has a single pay run to complete,PayRun.period is YYYY-MM and is unique per company,P1,In product,uniq_payrun_period_per_company. PayRun status starts DRAFT.,Added flows,Operational role,P1,Unchanged,Code symbol found,Matched uniq_payrun_period_per_company in product code. This is not a functional test.,PAY,Pay the month,4,payroll,CONTROL,Vertical extension,Accountant,Critical,High,High,Later,Cited in code,Not verified,Not verified,Not verified,Not verified,No,Built - unverified,P2,18,,,,F-0743,,,,,Not run,Accountant / Finance,Accountant / Finance,UNCHANGED,Authored,,backend/payroll/models.py:PayRun,backend/tests/test_fmea_mitigations.py; backend/tests/test_sprint2_purchases_payments.py; backend/tests/test_sprint4_erp_rls.py,No,No,,,,
F-0745,F,Accountant / GST Operator,Payroll & Statutory Dues,Enter paid days so a partial month prorates gross and statutory dues,Payroll clerk,Attendance keeper,Loss of pay reduces the slip instead of paying a full month,"paid_days below the calendar days in the month prorates gross, PF, ESI, and PT",P1,In product,PaySlip.paid_days. complete_pay_run starts from contracted salary so proration is applied once.,Added flows,Operational role,P1,Unchanged,Code symbol found,Matched complete_pay_run in product code. This is not a functional test.,PAY,Pay the month,5,payroll,CONTROL,Vertical extension,Accountant,Critical,High,High,Later,Cited in code,Not verified,Not verified,Not verified,Not verified,No,Built - unverified,P2,18,,,,F-0744,,,,,Not run,Accountant / Finance,Accountant / Finance,UNCHANGED,Authored,,backend/payroll/models.py:PaySlip; backend/payroll/services.py:complete_pay_run,backend/tests/test_sprint4_erp_rls.py; backend/tests/test_ws24_payroll_math.py; backend/tests/personas/test_pj_payroll_and_advances.py,No,No,,,,
F-0746,F,Accountant / GST Operator,Payroll & Statutory Dues,Complete the pay run and keep one payslip per active employee,Payroll clerk,Business owner,The month is closed for pay and can be reopened only through the pay-run actions,complete_pay_run writes PaySlip rows and can pay from cash. A completed run cannot be completed again,P0,In product,"complete_pay_run. There are no bonus, arrear, advance, or one-off deduction lines on a slip.",Added flows,Operational role,P0,Unchanged,Code symbol found,Matched complete_pay_run in product code. This is not a functional test.,PAY,Pay the month,6,payroll,CONTROL,Vertical extension,Accountant,Critical,High,High,MVP,Cited in code,Not verified,Not verified,Not verified,Not verified,No,Built - tested,P0,18,,,,F-0745,,backend/tests/test_sprint4_erp_rls.py::test_bb_000685_payrun_complete_is_idempotent; backend/tests/test_wave17_erp.py::test_payrun_complete,2026-10-04,"pytest on Postgres 17, manual run",Pass,Accountant / Finance,Accountant / Finance,UNCHANGED,Authored,,backend/payroll/models.py:PaySlip; backend/payroll/services.py:complete_pay_run,backend/tests/test_sprint4_erp_rls.py; backend/tests/test_ws24_payroll_math.py; backend/tests/personas/test_pj_payroll_and_advances.py,No,No,,,,
F-0747,F,Accountant / GST Operator,Payroll & Statutory Dues,Read the employer PF split and employer ESI on the payslip,Payroll clerk,External CA,"The employer can see EPS, EPF, admin, and EDLI besides the employee deduction","PaySlip stores pf_employer_eps, pf_employer_epf, pf_admin_charges, edli_charges, and esi_employer",P1,In product,"pf_employer_eps, pf_employer_epf, pf_admin_charges, and edli_charges are on PaySlip. This is not an EPFO return file.",Added flows,Operational role,P1,Unchanged,Code symbol found,Matched pf_admin_charges in product code. This is not a functional test.,PAY,Pay the month,7,payroll,CONTROL,Vertical extension,Accountant,Critical,High,High,Later,Cited in code,Not verified,Not verified,Not verified,Not verified,No,Built - unverified,P2,18,,,,F-0746,,,,,Not run,Accountant / Finance,Accountant / Finance,UNCHANGED,Authored,,backend/payroll/models.py:PaySlip,backend/tests/test_sprint4_erp_rls.py; backend/tests/test_ws24_payroll_math.py; backend/tests/personas/test_pj_payroll_and_advances.py,No,No,,,,
F-0748,F,Workshop Supervisor,Workshop Job,Open a job card for a customer complaint,Service advisor,Customer,The workshop has a numbered job before any parts are issued,JobCard starts DRAFT and stores the complaint text,P1,In product,uniq_jobcard_number_per_company on JobCard.,Added flows,Named role,P1,Unchanged,Code symbol found,Matched uniq_jobcard_number_per_company in product code. This is not a functional test.,JOB,Run a workshop job,1,workshop,RUN,Vertical extension,Service,Medium,Medium,Low,Later,Cited in code,Not verified,Not verified,Not verified,Not verified,No,Built - unverified,P2,4,,,,,,,,,Not run,Production / Workshop / Projects,Production / Workshop / Projects,UNCHANGED,Authored,,backend/workshop/models.py:JobCard,backend/tests/test_concurrency_races.py; backend/tests/test_fmea2_wave.py; backend/tests/test_fmea_mitigations.py,No,No,,,,
F-0749,F,Workshop Supervisor,Workshop Job,Assign a technician and mark the job in progress,Service advisor,Technician,Someone owns the job while it is open,JobCard.technician points at a company user. Status can move to IN_PROGRESS,P1,In product,JobCard.technician is a CompanyUser. Status can be IN_PROGRESS.,Added flows,Named role,P1,Unchanged,Code symbol found,Matched CompanyUser in product code. This is not a functional test.,JOB,Run a workshop job,2,workshop,RUN,Vertical extension,Service,Medium,Medium,Low,Later,Cited in code,Not verified,Not verified,Not verified,Not verified,No,Built - unverified,P2,4,,,,F-0748,,,,,Not run,Production / Workshop / Projects,Production / Workshop / Projects,UNCHANGED,Authored,,backend/workshop/models.py:JobCard; backend/accounts/models.py:CompanyUser,backend/tests/test_concurrency_races.py; backend/tests/test_fmea2_wave.py; backend/tests/test_fmea_mitigations.py,No,No,,,,
F-0750,F,Workshop Supervisor,Workshop Job,"Add part lines and labour lines, including a serial when the part is tracked",Technician,Stores,The invoice can be built from the job instead of typed again,JobCardLine kind is PART or LABOUR and can reference a serial,P1,In product,JobCardLine. A job with no lines cannot be invoiced.,Added flows,Named role,P1,Unchanged,Code symbol found,Matched JobCardLine in product code. This is not a functional test.,JOB,Run a workshop job,3,workshop,RUN,Vertical extension,Service,Medium,Medium,Low,Later,Cited in code,Not verified,Not verified,Not verified,Not verified,No,Built - unverified,P2,4,,,,F-0749,,,,,Not run,Production / Workshop / Projects,Production / Workshop / Projects,UNCHANGED,Authored,,backend/workshop/models.py:JobCardLine,backend/tests/test_concurrency_races.py; backend/tests/test_llm_path_to_ten.py,No,No,,,,
F-0751,F,Workshop Supervisor,Workshop Job,Convert the job card into a sales invoice,Service advisor,Cashier,Parts and labour become a GST invoice linked back to the job,convert_to_invoice creates a draft SalesInvoice and sets the job to INVOICED,P1,In product,convert_to_invoice in backend/workshop/services.py. A second call returns the same invoice.,Added flows,Named role,P1,Unchanged,Code symbol found,Matched convert_to_invoice in product code. This is not a functional test.,JOB,Run a workshop job,4,workshop,RUN,Vertical extension,Service,Medium,Medium,Low,Later,Cited in code,Not verified,Not verified,Not verified,Not verified,No,Built - unverified,P2,4,,,,F-0750,,,,,Not run,Production / Workshop / Projects,Production / Workshop / Projects,UNCHANGED,Authored,,backend/sales/models.py:SalesInvoice; backend/workshop/services.py:convert_to_invoice,backend/tests/test_a03_preview.py; backend/tests/test_a06_whatsapp.py; backend/tests/test_a07_dunning.py,No,No,,,,
F-0752,F,Workshop Supervisor,Workshop Job,Cancel a job card that will not be billed,Service advisor,Customer,Abandoned jobs stay out of the invoice list,JobCard status CANCELLED. An invoiced job is not invoiced again,P2,In product,JobCard.Status.CANCELLED. convert_to_invoice only accepts DRAFT or IN_PROGRESS.,Added flows,Named role,P2,Unchanged,Code symbol found,Matched convert_to_invoice in product code. This is not a functional test.,JOB,Run a workshop job,5,workshop,RUN,Vertical extension,Service,Medium,Medium,Low,Later,Cited in code,Not verified,Not verified,Not verified,Not verified,No,Built - unverified,P2,4,,,,F-0751,,,,,Not run,Production / Workshop / Projects,Production / Workshop / Projects,UNCHANGED,Authored,,backend/workshop/models.py:JobCard; backend/workshop/services.py:convert_to_invoice,backend/tests/test_concurrency_races.py; backend/tests/test_fmea2_wave.py; backend/tests/test_fmea_mitigations.py,No,No,,,,
F-0753,F,Assembly / Production Supervisor,Manufacturing,Activate a bill of materials before a work order can be released,Production supervisor,Inventory manager,Release is refused while the BOM is still a draft,Bom.status must be ACTIVE. More than one ACTIVE BOM per finished good is allowed,P1,In product,release_work_order checks Bom status. The work order stores the BOM it was created from.,Added flows,Operational role,P1,Unchanged,Code symbol found,Matched release_work_order in product code. This is not a functional test.,MFG,Manufacture and assemble,2,manufacturing,RUN,Vertical extension,Production,Medium,Medium,Low,Later,Cited in code,Not verified,Not verified,Not verified,Not verified,No,Built - unverified,P2,4,,,,P-0509,,,,,Not run,Production / Workshop / Projects,Production / Workshop / Projects,UNCHANGED,Authored,,backend/manufacturing/services.py:release_work_order,backend/tests/test_partial_closures.py; backend/tests/test_pr6_period_gl.py; backend/tests/test_sprint_a_accounting_p1.py,No,No,,,,
F-0754,F,Assembly / Production Supervisor,Manufacturing,Create a draft work order and snapshot the component quantities,Production supervisor,Stores,A later BOM edit does not change a work order that already exists,WorkOrder starts DRAFT. Component lines are copied when the order is created,P1,In product,"WorkOrder and WorkOrderLine. Snapshot is taken at creation, not at release.",Added flows,Operational role,P1,Unchanged,Code symbol found,Matched WorkOrderLine in product code. This is not a functional test.,MFG,Manufacture and assemble,3,manufacturing,RUN,Vertical extension,Production,Medium,Medium,Low,Later,Cited in code,Not verified,Not verified,Not verified,Not verified,No,Built - unverified,P2,4,,,,F-0753,,,,,Not run,Production / Workshop / Projects,Production / Workshop / Projects,UNCHANGED,Authored,,backend/manufacturing/models.py:WorkOrder; backend/manufacturing/models.py:WorkOrderLine,backend/tests/test_partial_closures.py; backend/tests/test_pr6_period_gl.py; backend/tests/test_sprint_a_accounting_p1.py,No,No,,,,
F-0755,F,Assembly / Production Supervisor,Manufacturing,Complete the work order and receive the finished goods,Production supervisor,Stores,"Finished quantity, batch, and serials land in stock when the order is completed",complete_work_order sets status COMPLETED. Batch and serial fields are stored on the work order when the product tracks them,P1,In product,complete_work_order. BOM explosion is single-level. A component that is itself a sub-assembly is not exploded.,Added flows,Operational role,P1,Unchanged,Code symbol found,Matched complete_work_order in product code. This is not a functional test.,MFG,Manufacture and assemble,5,manufacturing,RUN,Vertical extension,Production,Medium,Medium,Low,Later,Cited in code,Not verified,Not verified,Not verified,Not verified,No,Built - unverified,P2,4,,,,P-0510,,,,,Not run,Production / Workshop / Projects,Production / Workshop / Projects,UNCHANGED,Authored,,backend/manufacturing/services.py:complete_work_order,backend/tests/test_partial_closures.py; backend/tests/test_wave22_f2_fifo_serial_mfg.py,No,No,,,,
F-0756,F,Assembly / Production Supervisor,Manufacturing,Cancel a work order that will not be built,Production supervisor,Stores,A draft or released order can be stopped without leaving it open,Work order status becomes CANCELLED,P2,In product,WorkOrder.Status.CANCELLED in backend/manufacturing/services.py.,Added flows,Operational role,P2,Unchanged,Code symbol found,Matched WorkOrder in product code. This is not a functional test.,MFG,Manufacture and assemble,7,manufacturing,RUN,Vertical extension,Production,Medium,Medium,Low,Later,Cited in code,Not verified,Not verified,Not verified,Not verified,No,Built - unverified,P2,4,,,,P-0512,,,,,Not run,Production / Workshop / Projects,Production / Workshop / Projects,UNCHANGED,Authored,,backend/manufacturing/models.py:WorkOrder,backend/tests/test_partial_closures.py; backend/tests/test_pr6_period_gl.py; backend/tests/test_sprint_a_accounting_p1.py,No,No,,,,
F-0757,F,Business Owner,Project Billing,Open a project for a customer,Project owner,Customer,Milestone bills have a project to hang on,Project starts OPEN and has a number unique per company,P1,In product,uniq_project_number_per_company on Project.,Added flows,Operational role,P1,Unchanged,Code symbol found,Matched uniq_project_number_per_company in product code. This is not a functional test.,PRJ,Bill a project by milestone,1,projects,RUN,Vertical extension,Owner,Medium,Medium,Low,Later,Cited in code,Not verified,Not verified,Not verified,Not verified,No,Built - unverified,P2,4,,,,,,,,,Not run,Business Owner,Business Owner,UNCHANGED,Authored,,,,No,No,,,,
F-0758,F,Business Owner,Project Billing,"Add a milestone with a sequence, amount, and service product",Project owner,Accountant,Each billable stage has an amount before any invoice is raised,ProjectMilestone starts PLANNED,P1,In product,ProjectMilestone.service_product is required.,Added flows,Operational role,P1,Unchanged,Code symbol found,Matched ProjectMilestone in product code. This is not a functional test.,PRJ,Bill a project by milestone,2,projects,RUN,Vertical extension,Owner,Medium,Medium,Low,Later,Cited in code,Not verified,Not verified,Not verified,Not verified,No,Built - unverified,P2,4,,,,F-0757,,,,,Not run,Business Owner,Business Owner,UNCHANGED,Authored,,backend/projects/models.py:ProjectMilestone,backend/tests/tenancy/test_route_isolation_matrix.py,No,No,,,,
F-0759,F,Business Owner,Project Billing,Mark a milestone ready to invoice,Project owner,Accountant,Invoicing is refused until the milestone is ready,Status moves from PLANNED to READY,P1,In product,invoice_milestone requires ProjectMilestone.Status.READY.,Added flows,Operational role,P1,Unchanged,Code symbol found,Matched invoice_milestone in product code. This is not a functional test.,PRJ,Bill a project by milestone,3,projects,RUN,Vertical extension,Owner,Medium,Medium,Low,Later,Cited in code,Not verified,Not verified,Not verified,Not verified,No,Built - unverified,P2,4,,,,F-0758,,,,,Not run,Business Owner,Business Owner,UNCHANGED,Authored,,backend/projects/models.py:ProjectMilestone; backend/projects/services.py:invoice_milestone,backend/tests/tenancy/test_route_isolation_matrix.py,No,No,,,,
F-0760,F,Business Owner,Project Billing,Invoice a ready milestone,Accountant,Customer,The stage amount becomes a sales invoice linked to the milestone,invoice_milestone creates the invoice and sets the milestone to INVOICED. A closed project cannot be invoiced,P1,In product,invoice_milestone in backend/projects/services.py.,Added flows,Operational role,P1,Unchanged,Code symbol found,Matched invoice_milestone in product code. This is not a functional test.,PRJ,Bill a project by milestone,4,projects,RUN,Vertical extension,Owner,Medium,Medium,Low,Later,Cited in code,Not verified,Not verified,Not verified,Not verified,No,Built - unverified,P2,4,,,,F-0759,,,,,Not run,Business Owner,Accountant / Finance,UNCHANGED,Authored,,backend/projects/services.py:invoice_milestone,,No,No,,,,
F-0761,F,Business Owner,Project Billing,Close a project when no further milestones will be billed,Project owner,Accountant,Closed work stops accepting new milestone invoices,Project status CLOSED,P2,In product,Project.Status.CLOSED blocks invoice_milestone.,Added flows,Operational role,P2,Unchanged,Code symbol found,Matched invoice_milestone in product code. This is not a functional test.,PRJ,Bill a project by milestone,5,projects,RUN,Vertical extension,Owner,Medium,Medium,Low,Later,Cited in code,Not verified,Not verified,Not verified,Not verified,No,Built - unverified,P2,4,,,,F-0760,,,,,Not run,Business Owner,Business Owner,UNCHANGED,Authored,,backend/projects/services.py:invoice_milestone,,No,No,,,,
F-0762,F,Salesperson,Insurance Distribution,"Register an insurer product with tenure, sum insured, and premium",Insurance advisor,Insurer,Quotes use a product master instead of a stock SKU,"PolicyProduct line is motor, health, life, or other",P1,In product,PolicyProduct in backend/insurance/models.py. It is not an inventory item.,Added flows,Operational role,P1,Unchanged,Code symbol found,Matched PolicyProduct in product code. This is not a functional test.,INS,Place and service a policy,1,insurance,GROW,Vertical extension,Sales,Medium,Medium,Low,Later,Cited in code,Not verified,Not verified,Not verified,Not verified,No,Built - unverified,P2,4,,,,,,,,,Not run,Sales & Growth,Sales & Growth,UNCHANGED,Authored,,backend/insurance/models.py:PolicyProduct,backend/tests/test_concurrency_races.py; backend/tests/test_roadmap_items.py; backend/tests/tenancy/test_endpoint_isolation.py,No,No,,,,
F-0763,F,Salesperson,Insurance Distribution,Offer a set of policy options on a lead and mark the chosen one,Insurance advisor,Customer,The customer choice is stored before a policy number exists,PolicyOptionSet hangs on a lead. PolicyOption.chosen marks the selection,P1,In product,PolicyOptionSet and PolicyOption.,Added flows,Operational role,P1,Unchanged,Code symbol found,Matched PolicyOptionSet in product code. This is not a functional test.,INS,Place and service a policy,2,insurance,GROW,Vertical extension,Sales,Medium,Medium,Low,Later,Cited in code,Not verified,Not verified,Not verified,Not verified,No,Built - unverified,P2,4,,,,F-0762,,,,,Not run,Sales & Growth,Sales & Growth,UNCHANGED,Authored,,backend/insurance/models.py:PolicyOptionSet; backend/insurance/models.py:PolicyOption,backend/tests/test_concurrency_races.py,No,No,,,,
F-0764,F,Salesperson,Insurance Distribution,"Issue a policy with a start date, end date, nominee, and premium",Insurance advisor,Customer,The in-force policy is the record the renewal and claim flows use,Policy status starts IN_FORCE and the number is unique per company,P1,In product,uniq_policy_number_per_company on Policy.,Added flows,Operational role,P1,Unchanged,Code symbol found,Matched uniq_policy_number_per_company in product code. This is not a functional test.,INS,Place and service a policy,3,insurance,GROW,Vertical extension,Sales,Medium,Medium,Low,Later,Cited in code,Not verified,Not verified,Not verified,Not verified,No,Built - unverified,P2,4,,,,F-0763,,,,,Not run,Sales & Growth,Sales & Growth,UNCHANGED,Authored,,,,No,No,,,,
F-0765,F,Salesperson,Insurance Distribution,Endorse or cancel a policy,Insurance advisor,Insurer,"A change after issue is a separate endorsement, not a silent edit",PolicyEndorsement kind is ENDORSE or CANCEL,P1,In product,PolicyEndorsement.,Added flows,Operational role,P1,Unchanged,Code symbol found,Matched PolicyEndorsement in product code. This is not a functional test.,INS,Place and service a policy,4,insurance,GROW,Vertical extension,Sales,Medium,Medium,Low,Later,Cited in code,Not verified,Not verified,Not verified,Not verified,No,Built - unverified,P2,4,,,,F-0764,,,,,Not run,Sales & Growth,Sales & Growth,UNCHANGED,Authored,,backend/insurance/models.py:PolicyEndorsement,,No,No,,,,
F-0766,F,Accountant / GST Operator,Insurance Distribution,Book the insurer commission receivable separately from the customer premium,Accountant,Insurance advisor,Commission is not mixed into the customer's premium receipt,CommissionReceivable starts OPEN against the policy,P1,In product,CommissionReceivable. Status can move to RECEIVED.,Added flows,Operational role,P1,Unchanged,Code symbol found,Matched CommissionReceivable in product code. This is not a functional test.,INS,Place and service a policy,5,insurance,GROW,Vertical extension,Accountant,Medium,Medium,Low,Later,Cited in code,Not verified,Not verified,Not verified,Not verified,No,Built - unverified,P2,4,,,,F-0765,,,,,Not run,Accountant / Finance,Accountant / Finance,UNCHANGED,Authored,,backend/insurance/models.py:CommissionReceivable,backend/tests/test_roadmap_items.py; backend/tests/personas/test_pj_insurance_desk.py,No,No,,,,
F-0767,F,Accountant / GST Operator,Insurance Distribution,Mark insurer commission received,Accountant,Insurer,Open commission can be cleared when the insurer pays,CommissionReceivable status RECEIVED,P1,In product,CommissionReceivable.Status.RECEIVED.,Added flows,Operational role,P1,Unchanged,Code symbol found,Matched CommissionReceivable in product code. This is not a functional test.,INS,Place and service a policy,6,insurance,GROW,Vertical extension,Accountant,Medium,Medium,Low,Later,Cited in code,Not verified,Not verified,Not verified,Not verified,No,Built - unverified,P2,4,,,,F-0766,,,,,Not run,Accountant / Finance,Accountant / Finance,UNCHANGED,Authored,,backend/insurance/models.py:CommissionReceivable,backend/tests/test_roadmap_items.py; backend/tests/personas/test_pj_insurance_desk.py,No,No,,,,
F-0768,F,Salesperson,Insurance Distribution,Lodge a policy claim against a support ticket,Insurance advisor,Customer,The claim is tracked with the ticket. It does not post the ledger,PolicyClaim links one policy to one ticket,P1,In product,PolicyClaim. The model does not post an accounting entry.,Added flows,Operational role,P1,Unchanged,Code symbol found,Matched PolicyClaim in product code. This is not a functional test.,INS,Place and service a policy,7,insurance,GROW,Vertical extension,Sales,Medium,Medium,Low,Later,Cited in code,Not verified,Not verified,Not verified,Not verified,No,Built - unverified,P2,4,,,,F-0767,,,,,Not run,Sales & Growth,Sales & Growth,UNCHANGED,Authored,,backend/insurance/models.py:PolicyClaim,,No,No,,,,
F-0769,F,Salesperson,Insurance Distribution,"Attach Aadhaar, PAN, or another KYC file to the policy",Insurance advisor,Customer,KYC sits on the policy instead of in a side folder,PolicyKyc stores the file kind and a file asset,P1,In product,PolicyKyc.,Added flows,Operational role,P1,Unchanged,Code symbol found,Matched PolicyKyc in product code. This is not a functional test.,INS,Place and service a policy,8,insurance,GROW,Vertical extension,Sales,Medium,Medium,Low,Later,Cited in code,Not verified,Not verified,Not verified,Not verified,No,Built - unverified,P2,4,,,,F-0768,,,,,Not run,Sales & Growth,Sales & Growth,UNCHANGED,Authored,,backend/insurance/models.py:PolicyKyc,,No,No,,,,
F-0770,F,Salesperson,Insurance Distribution,Open one renewal lead for a policy,Insurance advisor,Customer,Renewal follow-up is not created twice for the same policy,PolicyRenewalLead is one-to-one with the policy and points at a lead,P1,In product,PolicyRenewalLead. The policy link is the dedupe key.,Added flows,Operational role,P1,Unchanged,Code symbol found,Matched PolicyRenewalLead in product code. This is not a functional test.,INS,Place and service a policy,9,insurance,GROW,Vertical extension,Sales,Medium,Medium,Low,Later,Cited in code,Not verified,Not verified,Not verified,Not verified,No,Built - unverified,P2,4,,,,F-0769,,,,,Not run,Sales & Growth,Sales & Growth,UNCHANGED,Authored,,backend/insurance/models.py:PolicyRenewalLead,,No,No,,,,
